Station ID,Name,Data Source,Latitude,Longitude,Old Province,New Province,Old Amphure,New Amphure,Old Tambon,New Tambon,Formatted Address
1,Klong Ladprao Bang Bua Temple,HII,13.854033,100.587265,กรุงเทพมหานคร,กรุงเทพมหานคร,จตุจักร,,แขวงเสนานิคม,เสนานิคม,เสนานิคม กรุงเทพมหานคร ประเทศไทย
2,Krung Thep 8,HII,13.7613,100.616,กรุงเทพมหานคร,กรุงเทพมหานคร,บางกะปิ,,แขวงหัวหมาก,หัวหมาก,หัวหมาก แขวงหัวหมาก เขตบางกะปิ กรุงเทพมหานคร 10240 ประเทศไทย
3,Krung Thep 9,HII,13.74071,100.79468,กรุงเทพมหานคร,กรุงเทพมหานคร,ลาดกระบัง,,แขวงลำปลาทิว,ลำปลาทิว,ลำปลาทิว เขตลาดกระบัง กรุงเทพมหานคร 10520 ประเทศไทย
4,Chao Phraya 15,HII,13.700287,100.492805,กรุงเทพมหานคร,กรุงเทพมหานคร,บางคอแหลม,,แขวงบางคอแหลม,บางคอแหลม,บางคอแหลม กรุงเทพมหานคร 10120 ประเทศไทย
5,Krung Thep 3,HII,13.79963,100.43866,กรุงเทพมหานคร,กรุงเทพมหานคร,ตลิ่งชัน,,แขวงตลิ่งชัน,ตลิ่งชัน,ตลิ่งชัน แขวงตลิ่งชัน เขตตลิ่งชัน กรุงเทพมหานคร 10170 ประเทศไทย
6,,HII,13.7589,100.54,กรุงเทพมหานคร,กรุงเทพมหานคร,ราชเทวี,,แขวงถนนพญาไท,ถนนพญาไท,ถนนพญาไท เขตราชเทวี กรุงเทพมหานคร 10400 ประเทศไทย
7,Ministry of Science and Technology,HII,13.758857,100.540387,กรุงเทพมหานคร,กรุงเทพมหานคร,ราชเทวี,,แขวงถนนพญาไท,ถนนพญาไท,ถนนพญาไท เขตราชเทวี กรุงเทพมหานคร 10400 ประเทศไทย
8,Klong Ladprao Klong 2 Sai Tai,HII,13.93181,100.63951,กรุงเทพมหานคร,กรุงเทพมหานคร,สายไหม,,แขวงสายไหม,สายไหม,สายไหม แขวงสายไหม เขตสายไหม กรุงเทพมหานคร ประเทศไทย
9,,HII,13.854105,100.587494,กรุงเทพมหานคร,กรุงเทพมหานคร,จตุจักร,,แขวงเสนานิคม,เสนานิคม,เสนานิคม กรุงเทพมหานคร ประเทศไทย
10,Krung Thep 5,HII,13.6916,100.38129,กรุงเทพมหานคร,กรุงเทพมหานคร,หนองแขม,,แขวงหนองแขม,หนองแขม,หนองแขม แขวงหนองแขม เขตหนองแขม กรุงเทพมหานคร 10160 ประเทศไทย
11,Krung Thep 1,HII,13.92243,100.63437,กรุงเทพมหานคร,กรุงเทพมหานคร,สายไหม,,แขวงสายไหม,สายไหม,สายไหม แขวงสายไหม เขตสายไหม กรุงเทพมหานคร ประเทศไทย
12,,HII,13.931777,100.639522,กรุงเทพมหานคร,กรุงเทพมหานคร,สายไหม,,แขวงสายไหม,สายไหม,สายไหม แขวงสายไหม เขตสายไหม กรุงเทพมหานคร ประเทศไทย
13,Nawamintrachinuthit Benjamarachalai School,HII,13.8903,100.6934,กรุงเทพมหานคร,กรุงเทพมหานคร,คลองสามวา,,แขวงสามวาตะวันตก,สามวาตะวันตก,สามวาตะวันตก แขวงสามวาตะวันตก เขตคลองสามวา กรุงเทพมหานคร 10510 ประเทศไทย
14,Krung Thep 4,HII,13.7956,100.33194,กรุงเทพมหานคร,กรุงเทพมหานคร,ทวีวัฒนา,,แขวงศาลาธรรมสพน์,ศาลาธรรมสพน์,ศาลาธรรมสพน์ แขวงศาลาธรรมสพน์ เขตทวีวัฒนา กรุงเทพมหานคร 10170 ประเทศไทย
15,Krung Thep 11,HII,13.691816,100.866544,สมุทรปราการ,สมุทรปราการ,บางบ่อ,อำเภอบางบ่อ,ตำบลเปร็ง,เปร็ง,เปร็ง อำเภอบางบ่อ สมุทรปราการ ประเทศไทย
16,Phra Ong Chao Chiayanuchit Canal,HII,13.656908,100.866269,สมุทรปราการ,สมุทรปราการ,บางบ่อ,อำเภอบางบ่อ,ตำบลบางบ่อ,บางบ่อ,บางบ่อ อำเภอบางบ่อ สมุทรปราการ ประเทศไทย
17,Chulachomklao Fortress,HII,13.573791,100.573975,สมุทรปราการ,สมุทรปราการ,พระสมุทรเจดีย์,อำเภอพระสมุทรเจดีย์,ตำบลแหลมฟ้าผ่า,แหลมฟ้าผ่า,แหลมฟ้าผ่า อำเภอพระสมุทรเจดีย์ สมุทรปราการ ประเทศไทย
18,Laem Fa Pha,HII,13.54701,100.53758,สมุทรปราการ,สมุทรปราการ,พระสมุทรเจดีย์,อำเภอพระสมุทรเจดีย์,ตำบลแหลมฟ้าผ่า,แหลมฟ้าผ่า,แหลมฟ้าผ่า อำเภอพระสมุทรเจดีย์ สมุทรปราการ ประเทศไทย
19,Krung Thep 12,HII,13.58913,100.80249,สมุทรปราการ,สมุทรปราการ,บางเสาธง,อำเภอบางเสาธง,ตำบลบางเสาธง,บางเสาธง,บางเสาธง อำเภอบางเสาธง สมุทรปราการ ประเทศไทย
20,Sisa Chorakhe Noi,HII,13.67773,100.79448,สมุทรปราการ,สมุทรปราการ,บางเสาธง,อำเภอบางเสาธง,ตำบลศีรษะจรเข้น้อย,ศีรษะจรเข้น้อย,ศีรษะจรเข้น้อย ตำบล ศีรษะจรเข้น้อย อำเภอบางเสาธง สมุทรปราการ 10540 ประเทศไทย
21,Sri Varee Noi Temple,HII,13.66943,100.80058,สมุทรปราการ,สมุทรปราการ,บางเสาธง,อำเภอบางเสาธง,ตำบลศีรษะจรเข้น้อย,ศีรษะจรเข้น้อย,ศีรษะจรเข้น้อย ตำบล ศีรษะจรเข้น้อย อำเภอบางเสาธง สมุทรปราการ 10540 ประเทศไทย
22,Nanthawan Village,HII,13.82286,100.437,นนทบุรี,นนทบุรี,บางกรวย,อำเภอบางกรวย,ตำบลบางขุนกอง,บางขุนกอง,บางขุนกอง อำเภอบางกรวย นนทบุรี 11130 ประเทศไทย
24,Phra Pimol Sai Noi,HII,13.97401,100.31902,นนทบุรี,นนทบุรี,ไทรน้อย,อำเภอไทรน้อย,ตำบลไทรน้อย,ไทรน้อย,ไทรน้อย ตำบลไทรน้อย อำเภอไทรน้อย นนทบุรี 11150 ประเทศไทย
25,Rajniyom,HII,14.10388,100.3221,นนทบุรี,นนทบุรี,ไทรน้อย,อำเภอไทรน้อย,ตำบลราษฎร์นิยม,ราษฎร์นิยม,ราษฎร์นิยม อำเภอไทรน้อย นนทบุรี ประเทศไทย
26,Chao Phraya 14,HII,13.947525,100.535034,ปทุมธานี,ปทุมธานี,เมืองปทุมธานี,อำเภอเมืองปทุมธานี,ตำบลบางขะแยง,บางขะแยง,บางขะแยง อำเภอเมืองปทุมธานี ปทุมธานี 12000 ประเทศไทย
27,Krung Thep 2,HII,13.96562,100.60259,ปทุมธานี,ปทุมธานี,เมืองปทุมธานี,อำเภอเมืองปทุมธานี,ตำบลหลักหก,หลักหก,หลักหก อำเภอเมืองปทุมธานี ปทุมธานี ประเทศไทย
28,Rangsit Khlong 7,HII,14.1911,100.75422,ปทุมธานี,ปทุมธานี,คลองหลวง,อำเภอคลองหลวง,ตำบลคลองเจ็ด,คลองเจ็ด,คลองเจ็ด ตำบล คลองเจ็ด อำเภอคลองหลวง ปทุมธานี ประเทศไทย
29,Rabibadhana West Section,HII,14.206145,100.744804,ปทุมธานี,ปทุมธานี,คลองหลวง,อำเภอคลองหลวง,ตำบลคลองเจ็ด,คลองเจ็ด,คลองเจ็ด ตำบล คลองเจ็ด อำเภอคลองหลวง ปทุมธานี ประเทศไทย
31,Future Park Rangsit,HII,13.986156,100.62624,ปทุมธานี,ปทุมธานี,ธัญบุรี,อำเภอธัญบุรี,ตำบลประชาธิปัตย์,ประชาธิปัตย์,ประชาธิปัตย์ ตำบล ประชาธิปัตย์ อำเภอธัญบุรี ปทุมธานี ประเทศไทย
34,Khlong 13 Bridge,HII,14.076805,100.89407,ปทุมธานี,ปทุมธานี,ธัญบุรี,อำเภอธัญบุรี,ตำบลบึงน้ำรักษ์,บึงน้ำรักษ์,บึงน้ำรักษ์ ตำบล บึงน้ำรักษ์ อำเภอธัญบุรี ปทุมธานี ประเทศไทย
35,Ban Noi Sawang,HII,14.16511,100.77863,ปทุมธานี,ปทุมธานี,หนองเสือ,อำเภอ หนองเสือ,ตำบลบึงชำอ้อ,บึงชำอ้อ,บึงชำอ้อ อำเภอ หนองเสือ ปทุมธานี 12170 ประเทศไทย
36,Rabibadhana Nong Suea,HII,14.22058,100.8917,ปทุมธานี,ปทุมธานี,หนองเสือ,อำเภอ หนองเสือ,ตำบลศาลาครุ,ศาลาครุ,ศาลาครุ อำเภอ หนองเสือ ปทุมธานี ประเทศไทย
37,Lam Luk Ka Klong8,HII,13.94162,100.77497,ปทุมธานี,ปทุมธานี,ลำลูกกา,อำเภอลำลูกกา,ตำบลลำลูกกา,ลำลูกกา,ลำลูกกา อำเภอลำลูกกา ปทุมธานี 12150 ประเทศไทย
38,,HII,13.9609,100.895,ปทุมธานี,ปทุมธานี,ลำลูกกา,อำเภอลำลูกกา,ตำบลพืชอุดม,พืชอุดม,พืชอุดม อำเภอลำลูกกา ปทุมธานี ประเทศไทย
39,Chao Phraya 11,HII,14.36914,100.5286,พระนครศรีอยุธยา,จังหวัดพระนครศรีอยุธยา,พระนครศรีอยุธยา,อำเภอ พระนครศรีอยุธยา,ตำบลบ้านป้อม,บ้านป้อม,บ้านป้อม อำเภอ พระนครศรีอยุธยา จังหวัดพระนครศรีอยุธยา ประเทศไทย
40,Pa Sak 8,HII,14.56018,100.7199,พระนครศรีอยุธยา,จังหวัดพระนครศรีอยุธยา,ท่าเรือ,อำเภอ ท่าเรือ,ตำบลท่าเรือ,ท่าเรือ,ท่าเรือ อำเภอ ท่าเรือ จังหวัดพระนครศรีอยุธยา ประเทศไทย
43,Nong Khanak,HII,14.51421,100.73521,พระนครศรีอยุธยา,จังหวัดพระนครศรีอยุธยา,ท่าเรือ,อำเภอ ท่าเรือ,ตำบลหนองขนาก,หนองขนาก,หนองขนาก อำเภอ ท่าเรือ จังหวัดพระนครศรีอยุธยา ประเทศไทย
44,Pa Sak 9,HII,14.40269,100.58636,พระนครศรีอยุธยา,จังหวัดพระนครศรีอยุธยา,นครหลวง,อำเภอนครหลวง,ตำบลบ่อโพง,บ่อโพง,บ่อโพง อำเภอนครหลวง จังหวัดพระนครศรีอยุธยา ประเทศไทย
45,Bang Sai,HII,14.21267,100.4981,พระนครศรีอยุธยา,จังหวัดพระนครศรีอยุธยา,บางไทร,อำเภอบางไทร,ตำบลบางไทร,บางไทร,บางไทร อำเภอบางไทร จังหวัดพระนครศรีอยุธยา 13190 ประเทศไทย
46,Chao Phraya 13,HII,14.11822,100.53533,ปทุมธานี,ปทุมธานี,สามโคก,อำเภอสามโคก,ตำบลท้ายเกาะ,ท้ายเกาะ,ท้ายเกาะ อำเภอสามโคก ปทุมธานี 12160 ประเทศไทย
47,Chao Phraya 10,HII,14.42307,100.48184,พระนครศรีอยุธยา,จังหวัดพระนครศรีอยุธยา,บางบาล,อำเภอ บางบาล,ตำบลบางบาล,บางบาล,บางบาล อำเภอ บางบาล จังหวัดพระนครศรีอยุธยา 13250 ประเทศไทย
48,Chao Phraya 9,HII,14.41584,100.44073,พระนครศรีอยุธยา,จังหวัดพระนครศรีอยุธยา,บางบาล,อำเภอ บางบาล,ตำบลบางหลวงโดด,บางหลวงโดด,บางหลวงโดด อำเภอ บางบาล จังหวัดพระนครศรีอยุธยา 13250 ประเทศไทย
49,Chao Phraya 12,HII,14.3045,100.56649,พระนครศรีอยุธยา,จังหวัดพระนครศรีอยุธยา,บางปะอิน,อำเภอบางปะอิน,ตำบลขนอนหลวง,ขนอนหลวง,ขนอนหลวง อำเภอบางปะอิน จังหวัดพระนครศรีอยุธยา ประเทศไทย
50,Lop Buri 1,HII,14.42734,100.55606,พระนครศรีอยุธยา,จังหวัดพระนครศรีอยุธยา,บางปะหัน,อำเภอบางปะหัน,ตำบลขยาย,ขยาย,ขยาย อำเภอบางปะหัน จังหวัดพระนครศรีอยุธยา ประเทศไทย
51,Lat Chit,HII,14.44144,100.35566,พระนครศรีอยุธยา,จังหวัดพระนครศรีอยุธยา,ผักไห่,อำเภอ ผักไห่,ตำบลตาลาน,ตาลาน,ตาลาน อำเภอ ผักไห่ จังหวัดพระนครศรีอยุธยา 13120 ประเทศไทย
54,Chao Phraya 16,HII,14.16481,100.30724,พระนครศรีอยุธยา,จังหวัดพระนครศรีอยุธยา,ลาดบัวหลวง,อำเภอลาดบัวหลวง,ตำบลลาดบัวหลวง,ลาดบัวหลวง,ลาดบัวหลวง อำเภอลาดบัวหลวง จังหวัดพระนครศรีอยุธยา ประเทศไทย
57,Sena,HII,14.31973,100.37952,พระนครศรีอยุธยา,จังหวัดพระนครศรีอยุธยา,เสนา,อำเภอเสนา,ตำบลเจ้าเสด็จ,เจ้าเสด็จ,เจ้าเสด็จ ตำบล เจ้าเสด็จ อำเภอเสนา จังหวัดพระนครศรีอยุธยา 13110 ประเทศไทย
58,Chao Phraya 8,HII,14.5765,100.44847,อ่างทอง,อ่างทอง,เมืองอ่างทอง,อำเภอเมืองอ่างทอง,ตำบลบางแก้ว,บางแก้ว,บางแก้ว อำเภอเมืองอ่างทอง อ่างทอง 14000 ประเทศไทย
59,Ban Phran,HII,14.70215,100.2982,อ่างทอง,อ่างทอง,แสวงหา,อำเภอ แสวงหา,ตำบลบ้านพราน,บ้านพราน,บ้านพราน อำเภอ แสวงหา อ่างทอง ประเทศไทย
60,Khok Tum,HII,14.81264,100.78994,ลพบุรี,ลพบุรี,เมืองลพบุรี,อำเภอเมืองลพบุรี,ตำบลโคกตูม,โคกตูม,โคกตูม อำเภอเมืองลพบุรี ลพบุรี ประเทศไทย
61,Lop Buri 2,HII,14.7605,100.5996,ลพบุรี,ลพบุรี,เมืองลพบุรี,อำเภอเมืองลพบุรี,ตำบลโพธิ์เก้าต้น,โพธิ์เก้าต้น,โพธิ์เก้าต้น อำเภอเมืองลพบุรี ลพบุรี 15000 ประเทศไทย
62,Tha Manao,HII,15.19935,101.16389,ลพบุรี,ลพบุรี,ชัยบาดาล,อำเภอชัยบาดาล,ตำบลท่ามะนาว,ท่ามะนาว,ท่ามะนาว อำเภอชัยบาดาล ลพบุรี 15130 ประเทศไทย
63,Pa Sak 5,HII,15.263769,101.19251,ลพบุรี,ลพบุรี,ชัยบาดาล,อำเภอชัยบาดาล,ตำบลบัวชุม,บัวชุม,บัวชุม อำเภอชัยบาดาล ลพบุรี 15130 ประเทศไทย
64,Nong Makha,HII,15.432151,100.924484,ลพบุรี,ลพบุรี,โคกเจริญ,อำเภอ โคกเจริญ,ตำบลหนองมะค่า,หนองมะค่า,หนองมะค่า อำเภอ โคกเจริญ ลพบุรี ประเทศไทย
65,Phra Bot,HII,15.18492,100.68127,ลพบุรี,ลพบุรี,หนองม่วง,อำเภอ หนองม่วง,ตำบลชอนสารเดช,ชอนสารเดช,ชอนสารเดช อำเภอ หนองม่วง ลพบุรี ประเทศไทย
68,Chao Phraya 7,HII,14.7909,100.45184,สิงห์บุรี,สิงห์บุรี,พรหมบุรี,อำเภอพรหมบุรี,ตำบลบางน้ำเชี่ยว,บางน้ำเชี่ยว,บางน้ำเชี่ยว อำเภอพรหมบุรี สิงห์บุรี 16120 ประเทศไทย
71,Chao Phraya 6,HII,15.00598,100.33089,สิงห์บุรี,สิงห์บุรี,อินทร์บุรี,อำเภออินทร์บุรี,ตำบลอินทร์บุรี,อินทร์บุรี,อินทร์บุรี อำเภออินทร์บุรี สิงห์บุรี 16110 ประเทศไทย
72,Pho Chai,HII,14.99717,100.42361,สิงห์บุรี,สิงห์บุรี,อินทร์บุรี,อำเภออินทร์บุรี,ตำบลโพธิ์ชัย,โพธิ์ชัย,โพธิ์ชัย อำเภออินทร์บุรี สิงห์บุรี ประเทศไทย
75,Ban Kluay,HII,15.172911,100.14591,ชัยนาท,ชัยนาท,เมืองชัยนาท,อำเภอเมืองชัยนาท,ตำบลบ้านกล้วย,บ้านกล้วย,บ้านกล้วย อำเภอเมืองชัยนาท ชัยนาท ประเทศไทย
79,Tha Chin 1,HII,15.22497,100.07823,ชัยนาท,ชัยนาท,เมืองชัยนาท,อำเภอเมืองชัยนาท,ตำบลหาดท่าเสา,หาดท่าเสา,หาดท่าเสา อำเภอเมืองชัยนาท ชัยนาท ประเทศไทย
80,Chao Phraya 4,HII,15.25031,100.08348,ชัยนาท,ชัยนาท,เมืองชัยนาท,อำเภอเมืองชัยนาท,ตำบลธรรมามูล,ธรรมามูล,ธรรมามูล อำเภอเมืองชัยนาท ชัยนาท ประเทศไทย
81,Khung Sam Phao,HII,15.30999,100.08174,ชัยนาท,ชัยนาท,มโนรมย์,อำเภอมโนรมย์,ตำบลคุ้งสำเภา,คุ้งสำเภา,คุ้งสำเภา อำเภอมโนรมย์ ชัยนาท ประเทศไทย
83,Chao Phraya 3,HII,15.32773,100.10913,ชัยนาท,ชัยนาท,มโนรมย์,อำเภอมโนรมย์,ตำบลวัดโคก,วัดโคก,วัดโคก อำเภอมโนรมย์ ชัยนาท ประเทศไทย
87,Wat Sing,HII,15.25834,100.04497,ชัยนาท,ชัยนาท,วัดสิงห์,อำเภอ วัดสิงห์,ตำบลวัดสิงห์,วัดสิงห์,วัดสิงห์ อำเภอ วัดสิงห์ ชัยนาท 17120 ประเทศไทย
88,Sapphaya,HII,15.13219,100.25129,ชัยนาท,ชัยนาท,สรรพยา,อำเภอสรรพยา,ตำบลสรรพยา,สรรพยา,สรรพยา อำเภอสรรพยา ชัยนาท ประเทศไทย
89,Chao Phraya 5,HII,15.10905,100.26788,ชัยนาท,ชัยนาท,สรรพยา,อำเภอสรรพยา,ตำบลโพนางดำตก,โพนางดำตก,โพนางดำตก อำเภอสรรพยา ชัยนาท ประเทศไทย
90,Agri. Economics Office 7,HII,15.15972,100.19239,ชัยนาท,ชัยนาท,สรรพยา,อำเภอสรรพยา,ตำบลบางหลวง,บางหลวง,บางหลวง อำเภอสรรพยา ชัยนาท 17150 ประเทศไทย
91,Phraek Si Racha,HII,15.049838,100.15741,ชัยนาท,ชัยนาท,สรรคบุรี,อำเภอ สรรคบุรี,ตำบลแพรกศรีราชา,แพรกศรีราชา,แพรกศรีราชา อำเภอ สรรคบุรี ชัยนาท ประเทศไทย
92,Tha Chin 2,HII,15.064083,100.16288,ชัยนาท,ชัยนาท,สรรคบุรี,อำเภอ สรรคบุรี,ตำบลเที่ยงแท้,เที่ยงแท้,เที่ยงแท้ อำเภอ สรรคบุรี ชัยนาท 17140 ประเทศไทย
93,Hankha,HII,14.96966,100.01041,ชัยนาท,ชัยนาท,หันคา,อำเภอ หันคา,ตำบลหันคา,หันคา,หันคา อำเภอ หันคา ชัยนาท 17130 ประเทศไทย
96,,HII,14.5577,100.924,สระบุรี,สระบุรี,เมืองสระบุรี,อำเภอเมืองสระบุรี,ตำบลปากเพรียว,ปากเพรียว,ปากเพรียว อำเภอเมืองสระบุรี สระบุรี 18000 ประเทศไทย
97,Thap Kwang,HII,14.60883,101.07647,สระบุรี,สระบุรี,แก่งคอย,อำเภอแก่งคอย,ตำบลทับกวาง,ทับกวาง,ทับกวาง อำเภอแก่งคอย สระบุรี ประเทศไทย
98,Srisaowapak Gate,HII,14.331209,100.875924,สระบุรี,สระบุรี,หนองแค,อำเภอหนองแค,ตำบลหนองแค,หนองแค,หนองแค อำเภอหนองแค สระบุรี 18140 ประเทศไทย
101,Upper Srisaowapak Gate,HII,14.331209,100.875924,สระบุรี,สระบุรี,หนองแค,อำเภอหนองแค,ตำบลหนองแค,หนองแค,หนองแค อำเภอหนองแค สระบุรี 18140 ประเทศไทย
102,,HII,14.3001,100.942,สระบุรี,สระบุรี,วิหารแดง,อำเภอวิหารแดง,ตำบลหนองหมู,หนองหมู,หนองหมู อำเภอวิหารแดง สระบุรี ประเทศไทย
103,Maenam Nai,HII,14.30164,100.94519,สระบุรี,สระบุรี,วิหารแดง,อำเภอวิหารแดง,ตำบลหนองหมู,หนองหมู,หนองหมู อำเภอวิหารแดง สระบุรี ประเทศไทย
104,Charoentham,HII,14.378126,101.00022,สระบุรี,สระบุรี,วิหารแดง,อำเภอวิหารแดง,ตำบลเจริญธรรม,เจริญธรรม,เจริญธรรม อำเภอวิหารแดง สระบุรี 18150 ประเทศไทย
105,,HII,14.3782,101.001,สระบุรี,สระบุรี,วิหารแดง,อำเภอวิหารแดง,ตำบลเจริญธรรม,เจริญธรรม,เจริญธรรม อำเภอวิหารแดง สระบุรี 18150 ประเทศไทย
106,Wang Muang,HII,14.84867,101.14548,สระบุรี,สระบุรี,วังม่วง,อำเภอ วังม่วง,ตำบลวังม่วง,วังม่วง,วังม่วง อำเภอ วังม่วง สระบุรี ประเทศไทย
107,Pa Sak 6,HII,14.740909,101.05967,สระบุรี,สระบุรี,วังม่วง,อำเภอ วังม่วง,ตำบลแสลงพัน,แสลงพัน,แสลงพัน อำเภอ วังม่วง สระบุรี ประเทศไทย
108,Nong Bon Daeng,HII,13.350206,101.15713,ชลบุรี,ชลบุรี,บ้านบึง,อำเภอบ้านบึง,ตำบลหนองบอนแดง,หนองบอนแดง,หนองบอนแดง อำเภอบ้านบึง ชลบุรี ประเทศไทย
109,Bo Win,HII,13.055024,101.097885,ชลบุรี,ชลบุรี,ศรีราชา,อำเภอศรีราชา,ตำบลบ่อวิน,บ่อวิน,บ่อวิน อำเภอศรีราชา ชลบุรี ประเทศไทย
110,Phlu Ta Luang,HII,12.698613,100.97624,ชลบุรี,ชลบุรี,เมืองชลบุรี,อำเภอสัตหีบ,ตำบลพลูตาหลวง,พลูตาหลวง,พลูตาหลวง อำเภอสัตหีบ ชลบุรี ประเทศไทย
111,Bo Thong,HII,13.241681,101.48823,ชลบุรี,ชลบุรี,บ่อทอง,อำเภอบ่อทอง,ตำบลบ่อทอง,บ่อทอง,บ่อทอง อำเภอบ่อทอง ชลบุรี 20270 ประเทศไทย
112,Ban Laeng,HII,12.700219,101.33472,ชลบุรี,ระยอง,เมืองชลบุรี,อำเภอเมืองระยอง,ตำบลบ้านแลง,บ้านแลง,บ้านแลง อำเภอเมืองระยอง ระยอง 21000 ประเทศไทย
113,Thap Ma,HII,12.73787,101.22844,ชลบุรี,ระยอง,เมืองชลบุรี,อำเภอเมืองระยอง,ตำบลทับมา,ทับมา,ทับมา อำเภอเมืองระยอง ระยอง ประเทศไทย
114,Ban Na,HII,12.826831,101.66964,ชลบุรี,ระยอง,เมืองชลบุรี,อำเภอแกลง,ตำบลบ้านนา,บ้านนา,บ้านนา อำเภอแกลง ระยอง 21110 ประเทศไทย
115,Mueang Klaeng,HII,12.803011,101.65024,ชลบุรี,ระยอง,เมืองชลบุรี,อำเภอแกลง,ตำบลทางเกวียน,ทางเกวียน,ทางเกวียน อำเภอแกลง ระยอง 21110 ประเทศไทย
116,Prasae Communuty,HII,12.71646,101.704124,ชลบุรี,ระยอง,เมืองชลบุรี,อำเภอแกลง,ตำบลปากน้ำกระแส,ปากน้ำกระแส,ปากน้ำกระแส อำเภอแกลง ระยอง ประเทศไทย
117,Ban Khai,HII,12.706833,101.30044,ชลบุรี,ระยอง,เมืองชลบุรี,อำเภอบ้านค่าย,ตำบลตาขัน,ตาขัน,ตาขัน อำเภอบ้านค่าย ระยอง ประเทศไทย
118,Nong Bua,HII,12.849172,101.301285,ชลบุรี,ระยอง,เมืองชลบุรี,อำเภอบ้านค่าย,ตำบลหนองบัว,หนองบัว,หนองบัว อำเภอบ้านค่าย ระยอง ประเทศไทย
119,Nong Rai,HII,13.001939,101.356445,ระยอง,ระยอง,ปลวกแดง,อำเภอปลวกแดง,ตำบลหนองไร่,หนองไร่,หนองไร่ อำเภอปลวกแดง ระยอง ประเทศไทย
120,Chanthaburi 1,HII,12.613584,102.11407,ชลบุรี,จันทบุรี,เมืองชลบุรี,อำเภอเมืองจันทบุรี,ตำบลวัดใหม่,วัดใหม่,วัดใหม่ อำเภอเมืองจันทบุรี จันทบุรี 22000 ประเทศไทย
121,Thep Nimit,HII,13.040216,102.44956,จันทบุรี,จันทบุรี,โป่งน้ำร้อน,อำเภอโป่งน้ำร้อน,ตำบลเทพนิมิต,เทพนิมิต,เทพนิมิต อำเภอโป่งน้ำร้อน จันทบุรี ประเทศไทย
122,Pong Nam Ron,HII,12.905145,102.26649,ชลบุรี,จันทบุรี,เมืองชลบุรี,อำเภอโป่งน้ำร้อน,ตำบลทับไทร,ทับไทร,ทับไทร อำเภอโป่งน้ำร้อน จันทบุรี ประเทศไทย
123,Pong Nam Ron,HII,13.036519,102.38153,จันทบุรี,จันทบุรี,โป่งน้ำร้อน,อำเภอโป่งน้ำร้อน,ตำบลหนองตาคง,หนองตาคง,หนองตาคง อำเภอโป่งน้ำร้อน จันทบุรี ประเทศไทย
124,Patthawi,HII,12.74263,102.23264,ชลบุรี,จันทบุรี,เมืองชลบุรี,อำเภอ มะขาม,ตำบลปัถวี,ปัถวี,ปัถวี อำเภอ มะขาม จันทบุรี ประเทศไทย
125,Phlio,HII,12.49996,102.14759,ประจวบคีรีขันธ์,จันทบุรี,เมืองประจวบคีรีขันธ์,อำเภอ แหลมสิงห์,ตำบลพลิ้ว,พลิ้ว,พลิ้ว อำเภอ แหลมสิงห์ จันทบุรี ประเทศไทย
126,Thap Chang,HII,13.234541,102.187355,จันทบุรี,จันทบุรี,สอยดาว,อำเภอ สอยดาว,ตำบลทับช้าง,ทับช้าง,ทับช้าง อำเภอ สอยดาว จันทบุรี ประเทศไทย
127,Saton,HII,13.142335,102.30371,จันทบุรี,จันทบุรี,สอยดาว,อำเภอ สอยดาว,ตำบลสะตอน,สะตอน,สะตอน อำเภอ สอยดาว จันทบุรี 22180 ประเทศไทย
128,Kaeng Hang Maeo,HII,12.986792,101.89965,ชลบุรี,จันทบุรี,เมืองชลบุรี,อำเภอแก่งหางแมว,ตำบลแก่งหางแมว,แก่งหางแมว,แก่งหางแมว อำเภอแก่งหางแมว จันทบุรี 22160 ประเทศไทย
129,Khum Song,HII,13.074,101.937584,จันทบุรี,จันทบุรี,แก่งหางแมว,อำเภอแก่งหางแมว,ตำบลขุนซ่อง,ขุนซ่อง,ขุนซ่อง อำเภอแก่งหางแมว จันทบุรี 22160 ประเทศไทย
130,Na Yai Am,HII,12.770775,101.85303,ชลบุรี,จันทบุรี,เมืองชลบุรี,อำเภอนายายอาม,ตำบลนายายอาม,นายายอาม,นายายอาม ตำบล นายายอาม อำเภอนายายอาม จันทบุรี ประเทศไทย
131,Na Yai Am,HII,12.722445,101.95603,ชลบุรี,จันทบุรี,เมืองชลบุรี,อำเภอนายายอาม,ตำบลวังโตนด,วังโตนด,วังโตนด อำเภอนายายอาม จันทบุรี 22170 ประเทศไทย
132,Khao Khitchakut,HII,12.793924,102.11266,ชลบุรี,จันทบุรี,เมืองชลบุรี,อำเภอ เขาคิชฌกูฏ,ตำบลพลวง,พลวง,พลวง อำเภอ เขาคิชฌกูฏ จันทบุรี ประเทศไทย
133,Takhian Thong,HII,12.913094,102.08153,ชลบุรี,จันทบุรี,เมืองชลบุรี,อำเภอ เขาคิชฌกูฏ,ตำบลตะเคียนทอง,ตะเคียนทอง,ตะเคียนทอง อำเภอ เขาคิชฌกูฏ จันทบุรี 22210 ประเทศไทย
134,Trat 4,HII,12.238075,102.50981,ประจวบคีรีขันธ์,ตราด,เมืองประจวบคีรีขันธ์,อำเภอเมืองตราด,ตำบลหนองเสม็ด,หนองเสม็ด,หนองเสม็ด อำเภอเมืองตราด ตราด 23000 ประเทศไทย
135,Pred Nai Communuty,HII,12.142003,102.529785,ประจวบคีรีขันธ์,ตราด,เมืองประจวบคีรีขันธ์,อำเภอเมืองตราด,ตำบลห้วงน้ำขาว,ห้วงน้ำขาว,ห้วงน้ำขาว ตำบล ห้วงน้ำขาว อำเภอเมืองตราด ตราด ประเทศไทย
136,Trat 3,HII,12.262464,102.52681,ประจวบคีรีขันธ์,ตราด,เมืองประจวบคีรีขันธ์,อำเภอเมืองตราด,ตำบลวังกระแจะ,วังกระแจะ,วังกระแจะ อำเภอเมืองตราด ตราด ประเทศไทย
137,Trat 1,HII,12.325215,102.5005,ประจวบคีรีขันธ์,ตราด,เมืองประจวบคีรีขันธ์,อำเภอเมืองตราด,ตำบลห้วยแร้ง,ห้วยแร้ง,ห้วยแร้ง อำเภอเมืองตราด ตราด ประเทศไทย
138,Trat 2,HII,12.36929,102.543365,ประจวบคีรีขันธ์,ตราด,เมืองประจวบคีรีขันธ์,อำเภอเมืองตราด,ตำบลห้วยแร้ง,ห้วยแร้ง,ห้วยแร้ง อำเภอเมืองตราด ตราด ประเทศไทย
139,Thaphrik Noensai,HII,12.255151,102.55824,ประจวบคีรีขันธ์,ตราด,เมืองประจวบคีรีขันธ์,อำเภอเมืองตราด,ตำบลเนินทราย,เนินทราย,เนินทราย อำเภอเมืองตราด ตราด ประเทศไทย
140,Mai Rut,HII,11.927444,102.77911,ประจวบคีรีขันธ์,ตราด,เมืองประจวบคีรีขันธ์,อำเภอ คลองใหญ่,ตำบลไม้รูด,ไม้รูด,ไม้รูด อำเภอ คลองใหญ่ ตราด ประเทศไทย
141,Sato,HII,12.536135,102.444595,ชลบุรี,ตราด,เมืองชลบุรี,อำเภอ เขาสมิง,ตำบลสะตอ,สะตอ,สะตอ อำเภอ เขาสมิง ตราด ประเทศไทย
142,Dan Chumphon,HII,12.444715,102.63004,ประจวบคีรีขันธ์,ตราด,เมืองประจวบคีรีขันธ์,อำเภอ บ่อไร่,ตำบลด่านชุมพล,ด่านชุมพล,ด่านชุมพล อำเภอ บ่อไร่ ตราด ประเทศไทย
143,Nong Bon,HII,12.677052,102.45956,ชลบุรี,ตราด,เมืองชลบุรี,อำเภอ บ่อไร่,ตำบลหนองบอน,หนองบอน,หนองบอน อำเภอ บ่อไร่ ตราด 23140 ประเทศไทย
144,Bang Pit,HII,12.2172,102.30768,ประจวบคีรีขันธ์,ตราด,เมืองประจวบคีรีขันธ์,อำเภอ แหลมงอบ,ตำบลบางปิด,บางปิด,บางปิด อำเภอ แหลมงอบ ตราด ประเทศไทย
145,Ko Chang,HII,12.103423,102.35203,ประจวบคีรีขันธ์,ตราด,เมืองประจวบคีรีขันธ์,อำเภอ เกาะช้าง,ตำบลเกาะช้าง,เกาะช้าง,เกาะช้าง ตำบล เกาะช้าง อำเภอ เกาะช้าง ตราด 23170 ประเทศไทย
146,Bang Khwan,HII,13.749849,101.07749,ฉะเชิงเทรา,ฉะเชิงเทรา,เมืองฉะเชิงเทรา,อำเภอเมืองฉะเชิงเทรา,ตำบลบางขวัญ,บางขวัญ,บางขวัญ อำเภอเมืองฉะเชิงเทรา ฉะเชิงเทรา 24000 ประเทศไทย
147,Nakhon Nueang Khet,HII,13.739651,101.035,ฉะเชิงเทรา,ฉะเชิงเทรา,เมืองฉะเชิงเทรา,อำเภอเมืองฉะเชิงเทรา,ตำบลวังตะเคียน,วังตะเคียน,วังตะเคียน อำเภอเมืองฉะเชิงเทรา ฉะเชิงเทรา 24000 ประเทศไทย
148,Bangpakong 2,HII,13.659069,101.06332,ฉะเชิงเทรา,ฉะเชิงเทรา,เมืองฉะเชิงเทรา,อำเภอเมืองฉะเชิงเทรา,ตำบลบางตีนเป็ด,บางตีนเป็ด,บางตีนเป็ด อำเภอเมืองฉะเชิงเทรา ฉะเชิงเทรา 24000 ประเทศไทย
149,Bang Nam Priao,HII,13.838244,100.96659,ฉะเชิงเทรา,ฉะเชิงเทรา,บางน้ำเปรี้ยว,อำเภอบางน้ำเปรี้ยว,ตำบลบางน้ำเปรี้ยว,บางน้ำเปรี้ยว,บางน้ำเปรี้ยว อำเภอบางน้ำเปรี้ยว ฉะเชิงเทรา 24150 ประเทศไทย
150,Bang Khanak,HII,13.869965,101.137408,ฉะเชิงเทรา,ฉะเชิงเทรา,บางน้ำเปรี้ยว,อำเภอบางน้ำเปรี้ยว,ตำบลบางขนาก,บางขนาก,บางขนาก อำเภอบางน้ำเปรี้ยว ฉะเชิงเทรา ประเทศไทย
151,Bang Nam Priao,HII,13.870314,101.145744,ฉะเชิงเทรา,ฉะเชิงเทรา,บางน้ำเปรี้ยว,อำเภอบางน้ำเปรี้ยว,ตำบลบางขนาก,บางขนาก,บางขนาก อำเภอบางน้ำเปรี้ยว ฉะเชิงเทรา ประเทศไทย
152,Don Chimphli,HII,13.905311,100.970314,ฉะเชิงเทรา,ฉะเชิงเทรา,บางน้ำเปรี้ยว,อำเภอบางน้ำเปรี้ยว,ตำบลดอนฉิมพลี,ดอนฉิมพลี,ดอนฉิมพลี อำเภอบางน้ำเปรี้ยว ฉะเชิงเทรา ประเทศไทย
153,,HII,13.7933,100.945,ฉะเชิงเทรา,ฉะเชิงเทรา,บางน้ำเปรี้ยว,อำเภอบางน้ำเปรี้ยว,ตำบลศาลาแดง,ศาลาแดง,ศาลาแดง อำเภอบางน้ำเปรี้ยว ฉะเชิงเทรา ประเทศไทย
154,Bangpakong 1,HII,13.54899,101.00111,ฉะเชิงเทรา,ฉะเชิงเทรา,บางปะกง,อำเภอบางปะกง,ตำบลท่าสะอ้าน,ท่าสะอ้าน,ท่าสะอ้าน อำเภอบางปะกง ฉะเชิงเทรา ประเทศไทย
155,Tha Kham,HII,13.47853,100.99399,ฉะเชิงเทรา,ฉะเชิงเทรา,บางปะกง,อำเภอบางปะกง,ตำบลท่าข้าม,ท่าข้าม,ท่าข้าม อำเภอบางปะกง ฉะเชิงเทรา ประเทศไทย
156,Phanom Sarakham,HII,13.726651,101.35296,ฉะเชิงเทรา,ฉะเชิงเทรา,พนมสารคาม,อำเภอพนมสารคาม,ตำบลท่าถ่าน,ท่าถ่าน,ท่าถ่าน อำเภอพนมสารคาม ฉะเชิงเทรา 24120 ประเทศไทย
157,Nong Nae,HII,13.683365,101.32511,ฉะเชิงเทรา,ฉะเชิงเทรา,พนมสารคาม,อำเภอพนมสารคาม,ตำบลหนองแหน,หนองแหน,หนองแหน อำเภอพนมสารคาม ฉะเชิงเทรา ประเทศไทย
158,Tha Kradan,HII,13.669332,101.5921,ฉะเชิงเทรา,ฉะเชิงเทรา,สนามชัยเขต,อำเภอสนามชัยเขต,ตำบลท่ากระดาน,ท่ากระดาน,ท่ากระดาน อำเภอสนามชัยเขต ฉะเชิงเทรา 24160 ประเทศไทย
159,Khlong Takrao,HII,13.419939,101.64109,ฉะเชิงเทรา,ฉะเชิงเทรา,ท่าตะเกียบ,อำเภอท่าตะเกียบ,ตำบลคลองตะเกรา,คลองตะเกรา,คลองตะเกรา อำเภอท่าตะเกียบ ฉะเชิงเทรา ประเทศไทย
160,Prachinburi 2,HII,14.053461,101.38684,ปราจีนบุรี,ปราจีนบุรี,เมืองปราจีนบุรี,อำเภอเมืองปราจีนบุรี,ตำบลหน้าเมือง,หน้าเมือง,หน้าเมือง อำเภอเมืองปราจีนบุรี ปราจีนบุรี 25000 ประเทศไทย
161,,HII,14.0622,101.413,ปราจีนบุรี,ปราจีนบุรี,เมืองปราจีนบุรี,อำเภอเมืองปราจีนบุรี,ตำบลดงพระราม,ดงพระราม,ดงพระราม อำเภอเมืองปราจีนบุรี ปราจีนบุรี 25000 ประเทศไทย
162,Prachinburi 1,HII,13.986654,101.70547,ปราจีนบุรี,ปราจีนบุรี,กบินทร์บุรี,อำเภอกบินทร์บุรี,ตำบลกบินทร์,กบินทร์,กบินทร์ อำเภอกบินทร์บุรี ปราจีนบุรี ประเทศไทย
163,Kong Udom,HII,14.06947,101.80992,ปราจีนบุรี,ปราจีนบุรี,กบินทร์บุรี,อำเภอกบินทร์บุรี,ตำบลหนองกี่,หนองกี่,หนองกี่ อำเภอกบินทร์บุรี ปราจีนบุรี ประเทศไทย
164,Wang Tha Chang,HII,13.759481,101.886826,ปราจีนบุรี,ปราจีนบุรี,กบินทร์บุรี,อำเภอกบินทร์บุรี,ตำบลวังท่าช้าง,วังท่าช้าง,วังท่าช้าง อำเภอกบินทร์บุรี ปราจีนบุรี ประเทศไทย
165,Na Di,HII,14.133574,101.72767,ปราจีนบุรี,ปราจีนบุรี,นาดี,อำเภอนาดี,ตำบลสำพันตา,สำพันตา,สำพันตา อำเภอนาดี ปราจีนบุรี ประเทศไทย
166,Bu Phram,HII,14.207861,101.90554,ปราจีนบุรี,ปราจีนบุรี,นาดี,อำเภอนาดี,ตำบลบุพราหมณ์,บุพราหมณ์,บุพราหมณ์ อำเภอนาดี ปราจีนบุรี 25220 ประเทศไทย
167,Yothaka Bridge,HII,13.974966,101.14307,นครนายก,ปราจีนบุรี,องครักษ์,อำเภอ บ้านสร้าง,ตำบลบางสมบูรณ์,บางเตย,บางเตย อำเภอ บ้านสร้าง ปราจีนบุรี 25150 ประเทศไทย
168,Dong Phra Ram,HII,14.062765,101.41369,ปราจีนบุรี,ปราจีนบุรี,เมืองปราจีนบุรี,อำเภอเมืองปราจีนบุรี,ตำบลดงพระราม,ดงพระราม,ดงพระราม อำเภอเมืองปราจีนบุรี ปราจีนบุรี 25000 ประเทศไทย
169,Prachinburi 4,HII,14.07091,101.51891,ปราจีนบุรี,ปราจีนบุรี,ประจันตคาม,อำเภอ ประจันตคาม,ตำบลประจันตคาม,ประจันตคาม,ประจันตคาม อำเภอ ประจันตคาม ปราจีนบุรี 25130 ประเทศไทย
170,Prachinburi 5,HII,13.973438,101.51753,ปราจีนบุรี,ปราจีนบุรี,ศรีมหาโพธิ,อำเภอศรีมหาโพธิ,ตำบลบ้านทาม,บ้านทาม,บ้านทาม อำเภอศรีมหาโพธิ ปราจีนบุรี 25140 ประเทศไทย
171,,HII,13.8801,101.604,ปราจีนบุรี,ปราจีนบุรี,ศรีมหาโพธิ,อำเภอศรีมหาโพธิ,ตำบลกรอกสมบูรณ์,กรอกสมบูรณ์,กรอกสมบูรณ์ อำเภอศรีมหาโพธิ ปราจีนบุรี ประเทศไทย
172,Krok Sombun,HII,13.774838,101.6585,ปราจีนบุรี,ปราจีนบุรี,ศรีมหาโพธิ,อำเภอศรีมหาโพธิ,ตำบลกรอกสมบูรณ์,กรอกสมบูรณ์,กรอกสมบูรณ์ อำเภอศรีมหาโพธิ ปราจีนบุรี ประเทศไทย
173,Si Chula,HII,14.070061,101.137924,นครนายก,นครนายก,เมืองนครนายก,อำเภอเมืองนครนายก,ตำบลศรีจุฬา,ศรีจุฬา,ศรีจุฬา อำเภอเมืองนครนายก นครนายก ประเทศไทย
174,Dong Lakhon,HII,14.14421,101.182072,นครนายก,นครนายก,เมืองนครนายก,อำเภอเมืองนครนายก,ตำบลดงละคร,ดงละคร,ดงละคร อำเภอเมืองนครนายก นครนายก 26000 ประเทศไทย
175,Khao Nang Buat Bridge,HII,14.245718,101.27481,นครนายก,นครนายก,เมืองนครนายก,อำเภอเมืองนครนายก,ตำบลศรีนาวา,ศรีนาวา,ศรีนาวา อำเภอเมืองนครนายก นครนายก ประเทศไทย
176,Ban Dong Temple,HII,14.31685,101.28971,นครนายก,นครนายก,เมืองนครนายก,อำเภอเมืองนครนายก,ตำบลสาริกา,สาริกา,สาริกา อำเภอเมืองนครนายก นครนายก 26000 ประเทศไทย
177,Khlong Khlang Reservoir,HII,14.24163,101.35686,นครนายก,นครนายก,ปากพลี,อำเภอปากพลี,ตำบลนาหินลาด,นาหินลาด,นาหินลาด อำเภอปากพลี นครนายก ประเทศไทย
178,Sai Thong Resevoir,HII,14.334235,101.20297,นครนายก,นครนายก,เมืองนครนายก,อำเภอเมืองนครนายก,ตำบลเขาพระ,เขาพระ,เขาพระ อำเภอเมืองนครนายก นครนายก 26000 ประเทศไทย
179,Si Ka-ang,HII,14.278014,101.1288,นครนายก,นครนายก,บ้านนา,อำเภอบ้านนา,ตำบลศรีกะอาง,ศรีกะอาง,ศรีกะอาง อำเภอบ้านนา นครนายก 26110 ประเทศไทย
180,Huai Prue Resevoir,HII,14.30978,101.21401,นครนายก,นครนายก,เมืองนครนายก,อำเภอเมืองนครนายก,ตำบลเขาพระ,เขาพระ,เขาพระ อำเภอเมืองนครนายก นครนายก 26000 ประเทศไทย
181,Khlong Bot Resevoir,HII,14.29138,101.19128,นครนายก,นครนายก,เมืองนครนายก,อำเภอเมืองนครนายก,ตำบลพรหมณี,พรหมณี,พรหมณี อำเภอเมืองนครนายก นครนายก ประเทศไทย
182,Sisiat Reservoir,HII,14.24941,101.32442,นครนายก,นครนายก,ปากพลี,อำเภอปากพลี,ตำบลนาหินลาด,นาหินลาด,นาหินลาด อำเภอปากพลี นครนายก ประเทศไทย
183,Samo Poon Bridge,HII,14.294488,101.395324,นครนายก,นครนายก,ปากพลี,อำเภอปากพลี,ตำบลนาหินลาด,นาหินลาด,นาหินลาด อำเภอปากพลี นครนายก ประเทศไทย
184,Wang Muang Resevoir,HII,14.22541,101.33775,นครนายก,นครนายก,ปากพลี,อำเภอปากพลี,ตำบลนาหินลาด,นาหินลาด,นาหินลาด อำเภอปากพลี นครนายก ประเทศไทย
185,Na Hin Lat,HII,14.207264,101.35065,นครนายก,นครนายก,ปากพลี,อำเภอปากพลี,ตำบลนาหินลาด,นาหินลาด,นาหินลาด อำเภอปากพลี นครนายก ประเทศไทย
186,Ban Na Floodgate,HII,14.24503,101.06247,นครนายก,นครนายก,บ้านนา,อำเภอบ้านนา,ตำบลอาษา,อาษา,อาษา อำเภอบ้านนา นครนายก ประเทศไทย
187,Wong Kaeng Bridge,HII,14.364806,101.09028,นครนายก,นครนายก,บ้านนา,อำเภอบ้านนา,ตำบลเขาเพิ่ม,เขาเพิ่ม,เขาเพิ่ม อำเภอบ้านนา นครนายก 26110 ประเทศไทย
188,TAO. Sai Mun,HII,14.14072,100.98794,นครนายก,นครนายก,องครักษ์,อำเภอองครักษ์,ตำบลคลองใหญ่,คลองใหญ่,คลองใหญ่ อำเภอองครักษ์ นครนายก 26120 ประเทศไทย
189,Ongkharak,HII,14.113654,101.01959,นครนายก,นครนายก,องครักษ์,อำเภอองครักษ์,ตำบลทรายมูล,ทรายมูล,ทรายมูล อำเภอองครักษ์ นครนายก ประเทศไทย
190,Klong Pra Prong,HII,13.9374,101.92199,ปราจีนบุรี,ปราจีนบุรี,กบินทร์บุรี,อำเภอกบินทร์บุรี,ตำบลบ้านนา,บ้านนา,บ้านนา อำเภอกบินทร์บุรี ปราจีนบุรี ประเทศไทย
191,Mueang Sa Kaeo,HII,13.809581,102.05429,สระแก้ว,สระแก้ว,เมืองสระแก้ว,อำเภอเมืองสระแก้ว,ตำบลสระขวัญ,สระขวัญ,สระขวัญ อำเภอเมืองสระแก้ว สระแก้ว 27000 ประเทศไทย
192,Ta Phraya,HII,14.051245,102.88538,สระแก้ว,สระแก้ว,ตาพระยา,อำเภอ ตาพระยา,ตำบลทัพเสด็จ,ทัพเสด็จ,ทัพเสด็จ อำเภอ ตาพระยา สระแก้ว 27180 ประเทศไทย
193,Thap Rat,HII,14.045824,102.74599,สระแก้ว,สระแก้ว,ตาพระยา,อำเภอ ตาพระยา,ตำบลทัพราช,ทัพราช,ทัพราช ตำบล ทัพราช อำเภอ ตาพระยา สระแก้ว 27180 ประเทศไทย
194,Kho Khlan,HII,13.991088,102.65069,สระแก้ว,สระแก้ว,ตาพระยา,อำเภอ ตาพระยา,ตำบลโคคลาน,โคคลาน,โคคลาน อำเภอ ตาพระยา สระแก้ว 27180 ประเทศไทย
195,Wang Nam Yen,HII,13.501064,102.180214,สระแก้ว,สระแก้ว,วังน้ำเย็น,อำเภอ วังน้ำเย็น,ตำบลวังน้ำเย็น,วังน้ำเย็น,วังน้ำเย็น อำเภอ วังน้ำเย็น สระแก้ว ประเทศไทย
196,Tha Kwian,HII,13.687324,102.28415,สระแก้ว,สระแก้ว,วัฒนานคร,อำเภอวัฒนานคร,ตำบลท่าเกวียน,ท่าเกวียน,ท่าเกวียน อำเภอวัฒนานคร สระแก้ว ประเทศไทย
197,Tha Yaek,HII,13.907658,102.093994,สระแก้ว,สระแก้ว,เมืองสระแก้ว,อำเภอเมืองสระแก้ว,ตำบลโคกปี่ฆ้อง,โคกปี่ฆ้อง,โคกปี่ฆ้อง อำเภอเมืองสระแก้ว สระแก้ว 27000 ประเทศไทย
198,Han Sai,HII,13.79457,102.455345,สระแก้ว,สระแก้ว,อรัญประเทศ,อำเภออรัญประเทศ,ตำบลหันทราย,หันทราย,หันทราย อำเภออรัญประเทศ สระแก้ว ประเทศไทย
199,Tha Kham,HII,13.627606,102.574844,สระแก้ว,สระแก้ว,อรัญประเทศ,อำเภออรัญประเทศ,ตำบลท่าข้าม,ท่าข้าม,ท่าข้าม อำเภออรัญประเทศ สระแก้ว 27120 ประเทศไทย
200,Klong Prom Hod,HII,13.705885,102.48168,สระแก้ว,สระแก้ว,อรัญประเทศ,อำเภออรัญประเทศ,ตำบลบ้านใหม่หนองไทร,บ้านใหม่หนองไทร,บ้านใหม่หนองไทร อำเภออรัญประเทศ สระแก้ว 27120 ประเทศไทย
201,Agri. Economics Office 5,HII,14.93013,100.99671,ลพบุรี,ลพบุรี,พัฒนานิคม,อำเภอพัฒนานิคม,ตำบลพัฒนานิคม,พัฒนานิคม,พัฒนานิคม อำเภอพัฒนานิคม ลพบุรี 15140 ประเทศไทย
202,Ban Ang Kone - Huai Sai School,HII,14.496074,102.247284,นครราชสีมา,นครราชสีมา,ครบุรี,อำเภอครบุรี,ตำบลบ้านใหม่,บ้านใหม่,บ้านใหม่ อำเภอครบุรี นครราชสีมา 30250 ประเทศไทย
203,Khong,HII,15.443823,102.32844,นครราชสีมา,นครราชสีมา,คง,อำเภอคง,ตำบลเมืองคง,เมืองคง,เมืองคง อำเภอคง นครราชสีมา 30260 ประเทศไทย
204,Si Lako,HII,14.947535,102.40288,นครราชสีมา,นครราชสีมา,จักราช,อำเภอ จักราช,ตำบลศรีละกอ,ศรีละกอ,ศรีละกอ อำเภอ จักราช นครราชสีมา 30230 ประเทศไทย
205,Chai Mongkhon,HII,14.837475,102.06884,นครราชสีมา,นครราชสีมา,เมืองนครราชสีมา,อำเภอเมืองนครราชสีมา,ตำบลไชยมงคล,ไชยมงคล,ไชยมงคล อำเภอเมืองนครราชสีมา นครราชสีมา ประเทศไทย
206,Mun 1,HII,14.67498,102.18681,นครราชสีมา,นครราชสีมา,โชคชัย,อำเภอโชคชัย,ตำบลท่าเยี่ยม,ท่าเยี่ยม,ท่าเยี่ยม อำเภอโชคชัย นครราชสีมา 30190 ประเทศไทย
207,Nong Bua Lakhon,HII,15.254277,101.8664,นครราชสีมา,นครราชสีมา,ด่านขุนทด,อำเภอด่านขุนทด,ตำบลหนองบัวละคร,หนองบัวละคร,หนองบัวละคร อำเภอด่านขุนทด นครราชสีมา 30210 ประเทศไทย
208,Dan Chak,HII,15.165593,102.087746,นครราชสีมา,นครราชสีมา,โนนไทย,อำเภอ โนนไทย,ตำบลด่านจาก,ด่านจาก,ด่านจาก อำเภอ โนนไทย นครราชสีมา 30220 ประเทศไทย
209,Takhu,HII,14.729301,101.98731,นครราชสีมา,นครราชสีมา,ปักธงชัย,อำเภอปักธงชัย,ตำบลตะคุ,ตะคุ,ตะคุ อำเภอปักธงชัย นครราชสีมา ประเทศไทย
210,Upper Phimai Weir,HII,15.227773,102.50164,นครราชสีมา,นครราชสีมา,พิมาย,อำเภอพิมาย,ตำบลในเมือง,ในเมือง,ในเมือง อำเภอพิมาย นครราชสีมา 30110 ประเทศไทย
211,Mun 4,HII,15.201533,102.489683,นครราชสีมา,นครราชสีมา,พิมาย,อำเภอพิมาย,ตำบลในเมือง,ในเมือง,ในเมือง อำเภอพิมาย นครราชสีมา 30110 ประเทศไทย
212,,HII,15.22879,102.50182,นครราชสีมา,นครราชสีมา,พิมาย,อำเภอพิมาย,ตำบลในเมือง,ในเมือง,ในเมือง อำเภอพิมาย นครราชสีมา 30110 ประเทศไทย
213,Samrit,HII,15.212073,102.4462,นครราชสีมา,นครราชสีมา,พิมาย,อำเภอพิมาย,ตำบลสัมฤทธิ์,สัมฤทธิ์,สัมฤทธิ์ อำเภอพิมาย นครราชสีมา 30110 ประเทศไทย
214,Bot,HII,15.27846,102.63903,นครราชสีมา,นครราชสีมา,พิมาย,อำเภอพิมาย,ตำบลโบสถ์,โบสถ์,โบสถ์ อำเภอพิมาย นครราชสีมา ประเทศไทย
215,Kong Rot,HII,15.013624,102.7486,นครราชสีมา,นครราชสีมา,ห้วยแถลง,อำเภอ ห้วยแถลง,ตำบลกงรถ,กงรถ,กงรถ อำเภอ ห้วยแถลง นครราชสีมา ประเทศไทย
216,Chum Phuang Weir,HII,15.386566,102.719154,นครราชสีมา,นครราชสีมา,ชุมพวง,อำเภอชุมพวง,ตำบลชุมพวง,ชุมพวง,ชุมพวง อำเภอชุมพวง นครราชสีมา 30270 ประเทศไทย
217,Upper Chum Phuang Weir,HII,15.386649,102.71879,นครราชสีมา,นครราชสีมา,ชุมพวง,อำเภอชุมพวง,ตำบลชุมพวง,ชุมพวง,ชุมพวง อำเภอชุมพวง นครราชสีมา 30270 ประเทศไทย
218,Mun 3,HII,15.286645,102.68465,นครราชสีมา,นครราชสีมา,ชุมพวง,อำเภอชุมพวง,ตำบลท่าลาด,ท่าลาด,ท่าลาด อำเภอชุมพวง นครราชสีมา 30270 ประเทศไทย
219,Talad Sai Communuty,HII,15.18156,102.844444,นครราชสีมา,นครราชสีมา,ชุมพวง,อำเภอชุมพวง,ตำบลตลาดไทร,ตลาดไทร,ตลาดไทร อำเภอชุมพวง นครราชสีมา 30270 ประเทศไทย
220,Wang Rong Yai,HII,15.050581,101.66221,นครราชสีมา,นครราชสีมา,สีคิ้ว,อำเภอสีคิ้ว,ตำบลวังโรงใหญ่,วังโรงใหญ่,วังโรงใหญ่ อำเภอสีคิ้ว นครราชสีมา ประเทศไทย
221,Khanong Phra,HII,14.606866,101.45632,นครราชสีมา,นครราชสีมา,ปากช่อง,อำเภอปากช่อง,ตำบลขนงพระ,ขนงพระ,ขนงพระ อำเภอปากช่อง นครราชสีมา 30130 ประเทศไทย
222,Chi 4,HII,15.75297,102.25305,นครราชสีมา,นครราชสีมา,แก้งสนามนาง,อำเภอ แก้งสนามนาง,ตำบลแก้งสนามนาง,แก้งสนามนาง,แก้งสนามนาง อำเภอ แก้งสนามนาง นครราชสีมา 30440 ประเทศไทย
223,Yang Kaeng Sanam Nang Weir,HII,15.79127,102.305244,นครราชสีมา,นครราชสีมา,แก้งสนามนาง,อำเภอ แก้งสนามนาง,ตำบลโนนสำราญ,โนนสำราญ,โนนสำราญ อำเภอ แก้งสนามนาง นครราชสีมา ประเทศไทย
224,Upper Yang Kaeng Sanam Nang Weir,HII,15.7906,102.30444,นครราชสีมา,นครราชสีมา,แก้งสนามนาง,อำเภอ แก้งสนามนาง,ตำบลโนนสำราญ,โนนสำราญ,โนนสำราญ อำเภอ แก้งสนามนาง นครราชสีมา ประเทศไทย
225,Wang Nam Khiao,HII,14.37441,101.86515,นครราชสีมา,นครราชสีมา,วังน้ำเขียว,อำเภอวังน้ำเขียว,ตำบลวังน้ำเขียว,วังน้ำเขียว,วังน้ำเขียว อำเภอวังน้ำเขียว นครราชสีมา 30370 ประเทศไทย
226,Wang Mi,HII,14.415645,101.68407,นครราชสีมา,นครราชสีมา,วังน้ำเขียว,อำเภอวังน้ำเขียว,ตำบลวังหมี,วังหมี,วังหมี อำเภอวังน้ำเขียว นครราชสีมา ประเทศไทย
227,Udomsup,HII,14.537939,101.96932,นครราชสีมา,นครราชสีมา,วังน้ำเขียว,อำเภอวังน้ำเขียว,ตำบลอุดมทรัพย์,อุดมทรัพย์,อุดมทรัพย์ อำเภอวังน้ำเขียว นครราชสีมา ประเทศไทย
228,Mun 2,HII,14.968018,102.23782,นครราชสีมา,นครราชสีมา,เฉลิมพระเกียรติ,อำเภอเฉลิมพระเกียรติ,ตำบลหนองยาง,หนองยาง,หนองยาง อำเภอเฉลิมพระเกียรติ นครราชสีมา ประเทศไทย
229,Ban Kawao Weir,HII,15.411036,103.103714,บุรีรัมย์,บุรีรัมย์,คูเมือง,อำเภอ คูเมือง,ตำบลปะเคียบ,ปะเคียบ,ปะเคียบ อำเภอ คูเมือง บุรีรัมย์ ประเทศไทย
230,Upper Ban Kawao Weir,HII,15.41203,103.10234,บุรีรัมย์,บุรีรัมย์,คูเมือง,อำเภอ คูเมือง,ตำบลปะเคียบ,ปะเคียบ,ปะเคียบ อำเภอ คูเมือง บุรีรัมย์ ประเทศไทย
231,Mun 8,HII,15.435367,103.01265,บุรีรัมย์,บุรีรัมย์,พุทไธสง,อำเภอ พุทไธสง,ตำบลบ้านจาน,บ้านจาน,บ้านจาน อำเภอ พุทไธสง บุรีรัมย์ 31120 ประเทศไทย
232,Nong Kut YaiCommunuty,HII,14.85901,103.36128,บุรีรัมย์,บุรีรัมย์,กระสัง,อำเภอ กระสัง,ตำบลหนองเต็ง,หนองเต็ง,หนองเต็ง อำเภอ กระสัง บุรีรัมย์ ประเทศไทย
233,Ban Khok Puang Communuty,HII,14.592325,102.66769,บุรีรัมย์,บุรีรัมย์,นางรอง,อำเภอนางรอง,ตำบลหนองโบสถ์,หนองโบสถ์,หนองโบสถ์ อำเภอนางรอง บุรีรัมย์ 31110 ประเทศไทย
234,Don A-Rang,HII,14.587073,102.49519,บุรีรัมย์,บุรีรัมย์,หนองกี่,อำเภอหนองกี่,ตำบลดอนอะราง,ดอนอะราง,ดอนอะราง อำเภอหนองกี่ บุรีรัมย์ ประเทศไทย
235,Lahan Sai,HII,14.395698,102.84723,บุรีรัมย์,บุรีรัมย์,ละหานทราย,อำเภอ ละหานทราย,ตำบลละหานทราย,ละหานทราย,ละหานทราย อำเภอ ละหานทราย บุรีรัมย์ 31170 ประเทศไทย
236,Mun 12,HII,14.633083,103.23043,สุรินทร์,สุรินทร์,ปราสาท,อำเภอปราสาท,ตำบลตานี,ตานี,ตานี ตำบล ตานี อำเภอปราสาท สุรินทร์ 32140 ประเทศไทย
237,Krok Pradu Communuty,HII,14.93519,102.888565,บุรีรัมย์,บุรีรัมย์,ลำปลายมาศ,อำเภอ ลำปลายมาศ,ตำบลโคกกลาง,โคกกลาง,โคกกลาง อำเภอ ลำปลายมาศ บุรีรัมย์ 31130 ประเทศไทย
238,Mun 14,HII,15.299861,103.29233,สุรินทร์,สุรินทร์,ชุมพลบุรี,อำเภอ ชุมพลบุรี,ตำบลกระเบื้อง,กระเบื้อง,กระเบื้อง อำเภอ ชุมพลบุรี สุรินทร์ 32190 ประเทศไทย
239,Huai Rat,HII,14.973367,103.18647,บุรีรัมย์,บุรีรัมย์,ห้วยราช,อำเภอ ห้วยราช,ตำบลห้วยราช,ห้วยราช,ห้วยราช อำเภอ ห้วยราช บุรีรัมย์ 31000 ประเทศไทย
240,Nong Kong,HII,14.694645,102.88828,บุรีรัมย์,บุรีรัมย์,นางรอง,อำเภอนางรอง,ตำบลหนองกง,หนองกง,หนองกง ตำบล หนองกง อำเภอนางรอง บุรีรัมย์ 31110 ประเทศไทย
241,Lam Nang Rong,HII,14.188854,102.68468,บุรีรัมย์,บุรีรัมย์,โนนดินแดง,อำเภอ โนนดินแดง,ตำบลลำนางรอง,ลำนางรอง,ลำนางรอง อำเภอ โนนดินแดง บุรีรัมย์ ประเทศไทย
242,Non Khwang Communuty,HII,15.180775,103.15741,บุรีรัมย์,บุรีรัมย์,บ้านด่าน,อำเภอ บ้านด่าน,ตำบลโนนขวาง,โนนขวาง,โนนขวาง อำเภอ บ้านด่าน บุรีรัมย์ ประเทศไทย
243,Khaen Dong,HII,15.308299,103.12403,บุรีรัมย์,บุรีรัมย์,แคนดง,อำเภอ แคนดง,ตำบลแคนดง,แคนดง,แคนดง อำเภอ แคนดง บุรีรัมย์ 31150 ประเทศไทย
244,Nok Mueang,HII,14.850811,103.49769,สุรินทร์,สุรินทร์,เมืองสุรินทร์,อำเภอเมืองสุรินทร์,ตำบลนอกเมือง,นอกเมือง,นอกเมือง อำเภอเมืองสุรินทร์ สุรินทร์ 32000 ประเทศไทย
245,Mun 9,HII,14.875548,103.37887,สุรินทร์,สุรินทร์,เมืองสุรินทร์,อำเภอเมืองสุรินทร์,ตำบลคอโค,คอโค,คอโค อำเภอเมืองสุรินทร์ สุรินทร์ 32000 ประเทศไทย
246,Na Nong Phai,HII,15.350509,103.47608,สุรินทร์,สุรินทร์,ชุมพลบุรี,อำเภอ ชุมพลบุรี,ตำบลนาหนองไผ่,นาหนองไผ่,นาหนองไผ่ อำเภอ ชุมพลบุรี สุรินทร์ 32190 ประเทศไทย
247,Upper Ban Ta Lung Weir,HII,15.29348,103.54048,สุรินทร์,สุรินทร์,ชุมพลบุรี,อำเภอ ชุมพลบุรี,ตำบลหนองเรือ,หนองเรือ,หนองเรือ อำเภอ ชุมพลบุรี สุรินทร์ ประเทศไทย
248,Ban Ta Lung Weir,HII,15.292882,103.54234,สุรินทร์,สุรินทร์,ชุมพลบุรี,อำเภอ ชุมพลบุรี,ตำบลหนองเรือ,หนองเรือ,หนองเรือ อำเภอ ชุมพลบุรี สุรินทร์ ประเทศไทย
249,Mun 15,HII,15.329683,103.68261,สุรินทร์,สุรินทร์,ท่าตูม,อำเภอ ท่าตูม,ตำบลทุ่งกุลา,ทุ่งกุลา,ทุ่งกุลา อำเภอ ท่าตูม สุรินทร์ ประเทศไทย
250,Chom Phra,HII,15.113833,103.6104,สุรินทร์,สุรินทร์,จอมพระ,อำเภอ จอมพระ,ตำบลจอมพระ,จอมพระ,จอมพระ อำเภอ จอมพระ สุรินทร์ ประเทศไทย
251,Kang Aen,HII,14.645426,103.436264,สุรินทร์,สุรินทร์,ปราสาท,อำเภอปราสาท,ตำบลกังแอน,กังแอน,กังแอน อำเภอปราสาท สุรินทร์ 32140 ประเทศไทย
252,Nong Yai Communuty,HII,14.572733,103.47313,สุรินทร์,สุรินทร์,ปราสาท,อำเภอปราสาท,ตำบลหนองใหญ่,หนองใหญ่,หนองใหญ่ อำเภอปราสาท สุรินทร์ ประเทศไทย
253,That,HII,15.31667,103.93546,สุรินทร์,สุรินทร์,รัตนบุรี,อำเภอ รัตนบุรี,ตำบลธาตุ,ธาตุ,ธาตุ อำเภอ รัตนบุรี สุรินทร์ 32130 ประเทศไทย
254,Ban Charn,HII,14.566598,103.74285,สุรินทร์,สุรินทร์,สังขะ,อำเภอ สังขะ,ตำบลบ้านจารย์,บ้านจารย์,บ้านจารย์ อำเภอ สังขะ สุรินทร์ ประเทศไทย
255,Mueang Sisaket,HII,15.118101,104.318596,ศรีสะเกษ,ศรีสะเกษ,เมืองศรีสะเกษ,อำเภอเมืองศรีสะเกษ,ตำบลหญ้าปล้อง,หญ้าปล้อง,หญ้าปล้อง อำเภอเมืองศรีสะเกษ ศรีสะเกษ 33000 ประเทศไทย
256,Kanthararom,HII,15.105278,104.568665,ศรีสะเกษ,ศรีสะเกษ,กันทรารมย์,อำเภอ กันทรารมย์,ตำบลดูน,ดูน,ดูน อำเภอ กันทรารมย์ ศรีสะเกษ 33130 ประเทศไทย
257,Upper Hua Na Weir,HII,15.135041,104.70204,ศรีสะเกษ,ศรีสะเกษ,กันทรารมย์,อำเภอ กันทรารมย์,ตำบลหนองแก้ว,หนองแก้ว,หนองแก้ว อำเภอ กันทรารมย์ ศรีสะเกษ 33130 ประเทศไทย
258,Hua Na Weir,HII,15.134361,104.70282,ศรีสะเกษ,ศรีสะเกษ,กันทรารมย์,อำเภอ กันทรารมย์,ตำบลหนองแก้ว,หนองแก้ว,หนองแก้ว อำเภอ กันทรารมย์ ศรีสะเกษ 33130 ประเทศไทย
259,Ban Nam Yen Temple,HII,14.615361,104.64972,ศรีสะเกษ,ศรีสะเกษ,กันทรลักษ์,อำเภอกันทรลักษ์,ตำบลเมือง,เมือง,เมือง อำเภอกันทรลักษ์ ศรีสะเกษ 33110 ประเทศไทย
260,Ta Ut,HII,14.666736,104.27321,ศรีสะเกษ,ศรีสะเกษ,ขุขันธ์,อำเภอ ขุขันธ์,ตำบลตาอุด,ตาอุด,ตาอุด อำเภอ ขุขันธ์ ศรีสะเกษ 33140 ประเทศไทย
261,Suk Sawat,HII,14.864202,104.350685,ศรีสะเกษ,ศรีสะเกษ,ไพรบึง,อำเภอ ไพรบึง,ตำบลสุขสวัสดิ์,สุขสวัสดิ์,สุขสวัสดิ์ อำเภอ ไพรบึง ศรีสะเกษ 33180 ประเทศไทย
262,Mun 5,HII,15.339514,104.15235,ศรีสะเกษ,ศรีสะเกษ,ราษีไศล,อำเภอ ราษีไศล,ตำบลเมืองคง,เมืองคง,เมืองคง อำเภอ ราษีไศล ศรีสะเกษ 33160 ประเทศไทย
263,Rasi Salai Weir,HII,15.344061,104.09935,ศรีสะเกษ,ศรีสะเกษ,ราษีไศล,อำเภอ ราษีไศล,ตำบลหนองแค,หนองแค,หนองแค อำเภอ ราษีไศล ศรีสะเกษ 33160 ประเทศไทย
264,Upper Rasi Salai Weir,HII,15.344366,104.098785,ศรีสะเกษ,ศรีสะเกษ,ราษีไศล,อำเภอ ราษีไศล,ตำบลหนองแค,หนองแค,หนองแค อำเภอ ราษีไศล ศรีสะเกษ 33160 ประเทศไทย
265,Khayung,HII,15.12195,104.24135,ศรีสะเกษ,ศรีสะเกษ,อุทุมพรพิสัย,อำเภออุทุมพรพิสัย,ตำบลขะยูง,ขะยูง,ขะยูง อำเภออุทุมพรพิสัย ศรีสะเกษ ประเทศไทย
266,Mun 13,HII,15.048324,104.02095,สุรินทร์,สุรินทร์,สำโรงทาบ,อำเภอ สำโรงทาบ,ตำบลหมื่นศรี,หมื่นศรี,หมื่นศรี อำเภอ สำโรงทาบ สุรินทร์ ประเทศไทย
267,,HII,15.3276,104.682,อุบลราชธานี,อุบลราชธานี,เขื่องใน,อำเภอ เขื่องใน,ตำบลหนองขอน,หัวดอน,หัวดอน อำเภอ เขื่องใน อุบลราชธานี 34150 ประเทศไทย
268,Na Pho Khlang,HII,15.560492,105.50172,จังหวัดอุบลราชธานี,อุบลราชธานี,อำเภอโขงเจียม,อำเภอ โขงเจียม,ตำบลนาโพธิ์กลาง,นาโพธิ์กลาง,นาโพธิ์กลาง อำเภอ โขงเจียม อุบลราชธานี 34220 ประเทศไทย
269,Chi 11,HII,15.322514,104.546524,อุบลราชธานี,อุบลราชธานี,เขื่องใน,อำเภอ เขื่องใน,ตำบลนาคำใหญ่,นาคำใหญ่,นาคำใหญ่ อำเภอ เขื่องใน อุบลราชธานี 34150 ประเทศไทย
270,Mun 17,HII,15.32767,104.68188,อุบลราชธานี,อุบลราชธานี,เมืองอุบลราชธานี,อำเภอเมืองอุบลราชธานี,ตำบลหัวดอน,หนองขอน,หนองขอน อำเภอเมืองอุบลราชธานี อุบลราชธานี 34000 ประเทศไทย
271,Upper Tat Noi Weir,HII,15.310541,104.45604,อุบลราชธานี,อุบลราชธานี,เขื่องใน,อำเภอ เขื่องใน,ตำบลสหธาตุ,สหธาตุ,สหธาตุ อำเภอ เขื่องใน อุบลราชธานี 34150 ประเทศไทย
272,Tat Noi Weir,HII,15.310815,104.45696,อุบลราชธานี,อุบลราชธานี,เขื่องใน,อำเภอ เขื่องใน,ตำบลสหธาตุ,สหธาตุ,สหธาตุ อำเภอ เขื่องใน อุบลราชธานี 34150 ประเทศไทย
273,Nong Phue,HII,15.977661,105.03393,อุบลราชธานี,อุบลราชธานี,เขมราฐ,อำเภอ เขมราฐ,ตำบลหนองผือ,หนองผือ,หนองผือ อำเภอ เขมราฐ อุบลราชธานี ประเทศไทย
274,Na Suang,HII,15.011457,104.9482,อุบลราชธานี,อุบลราชธานี,เดชอุดม,อำเภอเดชอุดม,ตำบลนาส่วง,นาส่วง,นาส่วง อำเภอเดชอุดม อุบลราชธานี ประเทศไทย
275,Kaeng,HII,14.710342,105.01801,อุบลราชธานี,อุบลราชธานี,เดชอุดม,อำเภอเดชอุดม,ตำบลแก้ง,แก้ง,แก้ง อำเภอเดชอุดม อุบลราชธานี ประเทศไทย
276,Nam Yuen,HII,14.499624,104.99805,อุบลราชธานี,อุบลราชธานี,น้ำยืน,อำเภอน้ำยืน,ตำบลสีวิเชียร,สีวิเชียร,สีวิเชียร อำเภอน้ำยืน อุบลราชธานี 34260 ประเทศไทย
277,Ban Mat,HII,14.854486,105.32193,อุบลราชธานี,อุบลราชธานี,บุณฑริก,อำเภอบุณฑริก,ตำบลบ้านแมด,บ้านแมด,บ้านแมด อำเภอบุณฑริก อุบลราชธานี 34230 ประเทศไทย
278,Trakan Phuet Phon,HII,15.621557,105.023094,อุบลราชธานี,อุบลราชธานี,ตระการพืชผล,อำเภอตระการพืชผล,ตำบลขุหลุ,ขุหลุ,ขุหลุ อำเภอตระการพืชผล อุบลราชธานี 34130 ประเทศไทย
279,Khi Lek,HII,15.34234,104.821556,อุบลราชธานี,อุบลราชธานี,เมืองอุบลราชธานี,อำเภอเมืองอุบลราชธานี,ตำบลขี้เหล็ก,ขี้เหล็ก,ขี้เหล็ก อำเภอเมืองอุบลราชธานี อุบลราชธานี ประเทศไทย
280,Mun 6,HII,15.205614,104.81391,อุบลราชธานี,อุบลราชธานี,เมืองอุบลราชธานี,อำเภอเมืองอุบลราชธานี,ตำบลแจระแม,แจระแม,แจระแม อำเภอเมืองอุบลราชธานี อุบลราชธานี ประเทศไทย
281,Mun 11,HII,15.249662,105.2393,อุบลราชธานี,อุบลราชธานี,พิบูลมังสาหาร,อำเภอ พิบูลมังสาหาร,ตำบลพิบูล,พิบูล,พิบูล อำเภอ พิบูลมังสาหาร อุบลราชธานี 34110 ประเทศไทย
282,Rawe,HII,15.310045,105.279106,อุบลราชธานี,อุบลราชธานี,พิบูลมังสาหาร,อำเภอ พิบูลมังสาหาร,ตำบลระเว,ระเว,ระเว อำเภอ พิบูลมังสาหาร อุบลราชธานี ประเทศไทย
283,Ban Pha Chan Communuty,HII,15.755694,105.49456,อุบลราชธานี,อุบลราชธานี,โพธิ์ไทร,อำเภอ โพธิ์ไทร,ตำบลสำโรง,สำโรง,สำโรง อำเภอ โพธิ์ไทร อุบลราชธานี 34340 ประเทศไทย
284,Lum Se Bok Bridge,HII,15.5038,104.966,อุบลราชธานี,อุบลราชธานี,ดอนมดแดง,อำเภอ ดอนมดแดง,ตำบลท่าเมือง,ท่าเมือง,ท่าเมือง ตำบล ท่าเมือง อำเภอ ดอนมดแดง อุบลราชธานี ประเทศไทย
285,,HII,15.5038,104.966,อุบลราชธานี,อุบลราชธานี,ดอนมดแดง,อำเภอ ดอนมดแดง,ตำบลท่าเมือง,ท่าเมือง,ท่าเมือง ตำบล ท่าเมือง อำเภอ ดอนมดแดง อุบลราชธานี ประเทศไทย
286,Chok Chamrae,HII,14.732631,104.90764,อุบลราชธานี,อุบลราชธานี,ทุ่งศรีอุดม,อำเภอ ทุ่งศรีอุดม,ตำบลโคกชำแระ,โคกชำแระ,โคกชำแระ อำเภอ ทุ่งศรีอุดม อุบลราชธานี 34160 ประเทศไทย
287,Na Tan,HII,15.901687,105.278755,อุบลราชธานี,อุบลราชธานี,นาตาล,อำเภอ นาตาล,ตำบลนาตาล,นาตาล,นาตาล อำเภอ นาตาล อุบลราชธานี ประเทศไทย
288,Chi 14,HII,15.96448,104.0153,ยโสธร,ยโสธร,เมืองยโสธร,อำเภอเมืองยโสธร,ตำบลเดิด,เดิด,เดิด อำเภอเมืองยโสธร ยโสธร ประเทศไทย
289,Tung Nang Oak,HII,15.886104,104.161385,ยโสธร,ยโสธร,เมืองยโสธร,อำเภอเมืองยโสธร,ตำบลทุ่งนางโอก,ทุ่งนางโอก,ทุ่งนางโอก อำเภอเมืองยโสธร ยโสธร 35000 ประเทศไทย
290,Pa Tiew,HII,15.840045,104.455666,ยโสธร,ยโสธร,ป่าติ้ว,อำเภอ ป่าติ้ว,ตำบลเชียงเพ็ง,เชียงเพ็ง,เชียงเพ็ง อำเภอ ป่าติ้ว ยโสธร ประเทศไทย
291,Chi 10,HII,15.524874,104.24969,ยโสธร,ยโสธร,มหาชนะชัย,อำเภอ มหาชนะชัย,ตำบลฟ้าหยาด,ฟ้าหยาด,ฟ้าหยาด อำเภอ มหาชนะชัย ยโสธร 35130 ประเทศไทย
292,Ban Muang,HII,15.521906,104.33994,ยโสธร,ยโสธร,มหาชนะชัย,อำเภอ มหาชนะชัย,ตำบลบึงแก,บึงแก,บึงแก อำเภอ มหาชนะชัย ยโสธร ประเทศไทย
293,Tum Communuty,HII,15.418898,104.34194,ยโสธร,ยโสธร,ค้อวัง,อำเภอ ค้อวัง,ตำบลกุดน้ำใส,กุดน้ำใส,กุดน้ำใส อำเภอ ค้อวัง ยโสธร ประเทศไทย
294,Sawat,HII,16.18973,104.51632,ยโสธร,ยโสธร,เลิงนกทา,อำเภอ เลิงนกทา,ตำบลสวาท,สวาท,สวาท อำเภอ เลิงนกทา ยโสธร 35120 ประเทศไทย
295,Tat Ton Communuty,HII,15.873154,102.01616,ชัยภูมิ,ชัยภูมิ,เมืองชัยภูมิ,อำเภอเมืองชัยภูมิ,ตำบลนาฝาย,นาฝาย,นาฝาย อำเภอเมืองชัยภูมิ ชัยภูมิ 36000 ประเทศไทย
296,Chi 3,HII,15.681611,102.00953,ชัยภูมิ,ชัยภูมิ,เมืองชัยภูมิ,อำเภอเมืองชัยภูมิ,ตำบลบ้านค่าย,บ้านค่าย,บ้านค่าย อำเภอเมืองชัยภูมิ ชัยภูมิ ประเทศไทย
297,Ban Khai,HII,15.698956,102.01483,ชัยภูมิ,ชัยภูมิ,เมืองชัยภูมิ,อำเภอเมืองชัยภูมิ,ตำบลบ้านค่าย,บ้านค่าย,บ้านค่าย อำเภอเมืองชัยภูมิ ชัยภูมิ ประเทศไทย
298,Chi 1,HII,15.933129,101.699524,ชัยภูมิ,ชัยภูมิ,หนองบัวระเหว,อำเภอ บ้านเขว้า,ตำบลภูแลนคา,ภูแลนคา,ภูแลนคา อำเภอ บ้านเขว้า ชัยภูมิ ประเทศไทย
299,Nong Phon Ngam,HII,16.43052,101.96628,ชัยภูมิ,ชัยภูมิ,เกษตรสมบูรณ์,อำเภอเกษตรสมบูรณ์,ตำบลหนองโพนงาม,หนองโพนงาม,หนองโพนงาม อำเภอเกษตรสมบูรณ์ ชัยภูมิ ประเทศไทย
300,Non Kok,HII,16.199198,101.93238,ชัยภูมิ,ชัยภูมิ,เกษตรสมบูรณ์,อำเภอเกษตรสมบูรณ์,ตำบลโนนกอก,โนนกอก,โนนกอก อำเภอเกษตรสมบูรณ์ ชัยภูมิ 36120 ประเทศไทย
301,Khok Roengrom,HII,15.399449,101.60259,ชัยภูมิ,ชัยภูมิ,บำเหน็จณรงค์,อำเภอ บำเหน็จณรงค์,ตำบลโคกเริงรมย์,โคกเริงรมย์,โคกเริงรมย์ อำเภอ บำเหน็จณรงค์ ชัยภูมิ ประเทศไทย
302,Chi 2,HII,15.770343,101.81253,ชัยภูมิ,ชัยภูมิ,หนองบัวระเหว,อำเภอ หนองบัวระเหว,ตำบลหนองบัวระเหว,หนองบัวระเหว,หนองบัวระเหว อำเภอ หนองบัวระเหว ชัยภูมิ ประเทศไทย
303,Chao Thong,HII,15.906904,101.42754,ชัยภูมิ,ชัยภูมิ,ภักดีชุมพล,อำเภอ ภักดีชุมพล,ตำบลเจาทอง,เจาทอง,เจาทอง อำเภอ ภักดีชุมพล ชัยภูมิ 36260 ประเทศไทย
304,Ban Tao,HII,16.355639,102.37859,ชัยภูมิ,ชัยภูมิ,บ้านแท่น,อำเภอ บ้านแท่น,ตำบลบ้านเต่า,บ้านเต่า,บ้านเต่า อำเภอ บ้านแท่น ชัยภูมิ ประเทศไทย
305,Chong Sam Mo,HII,16.11673,102.231926,ชัยภูมิ,ชัยภูมิ,แก้งคร้อ,อำเภอ แก้งคร้อ,ตำบลช่องสามหมอ,ช่องสามหมอ,ช่องสามหมอ อำเภอ แก้งคร้อ ชัยภูมิ 36150 ประเทศไทย
306,Ban Jiang,HII,16.018831,101.50007,ชัยภูมิ,ชัยภูมิ,ภักดีชุมพล,อำเภอ ภักดีชุมพล,ตำบลบ้านเจียง,บ้านเจียง,บ้านเจียง อำเภอ ภักดีชุมพล ชัยภูมิ ประเทศไทย
307,Upper Yang  Kahad Weir,HII,15.639162,102.039345,ชัยภูมิ,ชัยภูมิ,เนินสง่า,อำเภอ เนินสง่า,ตำบลกะฮาด,กะฮาด,กะฮาด ตำบล กะฮาด อำเภอ เนินสง่า ชัยภูมิ 36130 ประเทศไทย
308,Yang Kahad Weir,HII,15.638419,102.04003,ชัยภูมิ,ชัยภูมิ,เนินสง่า,อำเภอ เนินสง่า,ตำบลกะฮาด,กะฮาด,กะฮาด ตำบล กะฮาด อำเภอ เนินสง่า ชัยภูมิ 36130 ประเทศไทย
309,Na Yom,HII,15.861906,104.51559,อำนาจเจริญ,อำนาจเจริญ,เมืองอำนาจเจริญ,อำเภอเมืองอำนาจเจริญ,ตำบลนายม,นายม,นายม อำเภอเมืองอำนาจเจริญ อำนาจเจริญ 37000 ประเทศไทย
310,Kai Kham,HII,15.788054,104.642235,อำนาจเจริญ,อำนาจเจริญ,เมืองอำนาจเจริญ,อำเภอเมืองอำนาจเจริญ,ตำบลไก่คำ,ไก่คำ,ไก่คำ อำเภอเมืองอำนาจเจริญ อำนาจเจริญ 37000 ประเทศไทย
311,Na Kham Hai,HII,17.261852,102.33818,หนองบัวลำภู,หนองบัวลำภู,เมืองหนองบัวลำภู,อำเภอเมืองหนองบัวลำภู,ตำบลนาคำไฮ,นาคำไฮ,นาคำไฮ อำเภอเมืองหนองบัวลำภู หนองบัวลำภู ประเทศไทย
312,Pegfoei-HuaiToey Communuty,HII,17.147375,102.33215,หนองบัวลำภู,หนองบัวลำภู,เมืองหนองบัวลำภู,อำเภอเมืองหนองบัวลำภู,ตำบลหนองหว้า,หนองหว้า,หนองหว้า อำเภอเมืองหนองบัวลำภู หนองบัวลำภู 39000 ประเทศไทย
313,Pang Ku,HII,17.020002,102.59124,หนองบัวลำภู,หนองบัวลำภู,โนนสัง,อำเภอ โนนสัง,ตำบลปางกู่,ปางกู่,ปางกู่ อำเภอ โนนสัง หนองบัวลำภู ประเทศไทย
314,Na Kok,HII,16.896736,102.20167,หนองบัวลำภู,หนองบัวลำภู,ศรีบุญเรือง,อำเภอ ศรีบุญเรือง,ตำบลนากอก,นากอก,นากอก อำเภอ ศรีบุญเรือง หนองบัวลำภู 39180 ประเทศไทย
315,Khong 3,HII,17.575666,102.27328,หนองบัวลำภู,หนองบัวลำภู,สุวรรณคูหา,อำเภอ สุวรรณคูหา,ตำบลสุวรรณคูหา,สุวรรณคูหา,สุวรรณคูหา อำเภอ สุวรรณคูหา หนองบัวลำภู 39270 ประเทศไทย
316,Wang Thong,HII,17.320726,102.0248,หนองบัวลำภู,หนองบัวลำภู,นาวัง,อำเภอ นาวัง,ตำบลวังทอง,วังทอง,วังทอง อำเภอ นาวัง หนองบัวลำภู ประเทศไทย
317,Ban Thum,HII,16.44443,102.725105,ขอนแก่น,ขอนแก่น,เมืองขอนแก่น,อำเภอเมืองขอนแก่น,ตำบลบ้านทุ่ม,บ้านทุ่ม,บ้านทุ่ม อำเภอเมืองขอนแก่น ขอนแก่น ประเทศไทย
318,,HII,16.5289,102.906,ขอนแก่น,ขอนแก่น,เมืองขอนแก่น,อำเภอเมืองขอนแก่น,ตำบลศิลา,ศิลา,ศิลา ตำบล ศิลา อำเภอเมืองขอนแก่น ขอนแก่น 40000 ประเทศไทย
319,Mueang Khon Kaen,HII,16.528978,102.906006,ขอนแก่น,ขอนแก่น,เมืองขอนแก่น,อำเภอเมืองขอนแก่น,ตำบลศิลา,ศิลา,ศิลา ตำบล ศิลา อำเภอเมืองขอนแก่น ขอนแก่น 40000 ประเทศไทย
320,Na Nong Thum,HII,16.67888,101.987114,ขอนแก่น,ขอนแก่น,ชุมแพ,อำเภอชุมแพ,ตำบลนาหนองทุ่ม,นาหนองทุ่ม,นาหนองทุ่ม ตำบล นาหนองทุ่ม อำเภอชุมแพ ขอนแก่น ประเทศไทย
321,,HII,16.7265,102.804,ขอนแก่น,ขอนแก่น,น้ำพอง,อำเภอน้ำพอง,ตำบลน้ำพอง,น้ำพอง,น้ำพอง อำเภอน้ำพอง ขอนแก่น ประเทศไทย
322,Upper Nong Wai Weir,HII,16.724548,102.80348,ขอนแก่น,ขอนแก่น,น้ำพอง,อำเภอน้ำพอง,ตำบลน้ำพอง,น้ำพอง,น้ำพอง อำเภอน้ำพอง ขอนแก่น ประเทศไทย
323,Phang Thui,HII,16.74822,102.923195,ขอนแก่น,ขอนแก่น,น้ำพอง,อำเภอน้ำพอง,ตำบลพังทุย,พังทุย,พังทุย อำเภอน้ำพอง ขอนแก่น 40140 ประเทศไทย
324,Ban Kham Pla Lai Communuty,HII,16.829872,102.63799,ขอนแก่น,ขอนแก่น,อุบลรัตน์,อำเภอ อุบลรัตน์,ตำบลบ้านดง,บ้านดง,บ้านดง อำเภอ อุบลรัตน์ ขอนแก่น 40250 ประเทศไทย
325,Ban Phai,HII,16.11657,102.706726,ขอนแก่น,ขอนแก่น,บ้านไผ่,อำเภอบ้านไผ่,ตำบลบ้านไผ่,บ้านไผ่,บ้านไผ่ อำเภอบ้านไผ่ ขอนแก่น 40110 ประเทศไทย
326,Non Kha,HII,15.781359,102.596535,ขอนแก่น,ขอนแก่น,พล,อำเภอพล,ตำบลโนนข่า,โนนข่า,โนนข่า อำเภอพล ขอนแก่น 40120 ประเทศไทย
327,Dong Bung Communuty,HII,15.916482,102.536285,ขอนแก่น,ขอนแก่น,แวงใหญ่,อำเภอ แวงใหญ่,ตำบลคอนฉิม,คอนฉิม,คอนฉิม อำเภอ แวงใหญ่ ขอนแก่น ประเทศไทย
328,Nong Kung Thanasan,HII,16.638739,102.42057,ขอนแก่น,ขอนแก่น,ภูเวียง,อำเภอ ภูเวียง,ตำบลหนองกุงธนสาร,หนองกุงธนสาร,หนองกุงธนสาร อำเภอ ภูเวียง ขอนแก่น 40150 ประเทศไทย
329,,HII,16.63,102.53,ขอนแก่น,ขอนแก่น,ภูเวียง,อำเภอ ภูเวียง,ตำบลหนองกุงเซิน,หนองกุงเซิน,หนองกุงเซิน อำเภอ ภูเวียง ขอนแก่น 40150 ประเทศไทย
330,Chi 5,HII,16.096876,102.57001,ขอนแก่น,ขอนแก่น,มัญจาคีรี,อำเภอ มัญจาคีรี,ตำบลกุดเค้า,กุดเค้า,กุดเค้า อำเภอ มัญจาคีรี ขอนแก่น ประเทศไทย
331,Chonnabot Weir,HII,16.074396,102.49476,ขอนแก่น,ขอนแก่น,ชนบท,อำเภอ ชนบท,ตำบลโนนพะยอม,โนนพะยอม,โนนพะยอม อำเภอ ชนบท ขอนแก่น 40180 ประเทศไทย
332,Upper Chonnabot Weir,HII,16.073935,102.49413,ขอนแก่น,ขอนแก่น,ชนบท,อำเภอ ชนบท,ตำบลโนนพะยอม,โนนพะยอม,โนนพะยอม อำเภอ ชนบท ขอนแก่น 40180 ประเทศไทย
333,Chi 6,HII,16.325874,102.78599,ขอนแก่น,ขอนแก่น,เมืองขอนแก่น,อำเภอเมืองขอนแก่น,ตำบลดอนช้าง,ท่าพระ,ท่าพระ อำเภอเมืองขอนแก่น ขอนแก่น ประเทศไทย
334,Khlang Mueang Udon,HII,17.412985,102.788666,อุดรธานี,อุดรธานี,เมืองอุดรธานี,อำเภอเมืองอุดรธานี,ตำบลหมากแข้ง,หมากแข้ง,หมากแข้ง อำเภอเมืองอุดรธานี อุดรธานี 41000 ประเทศไทย
335,Khong 4,HII,17.48233,102.79708,อุดรธานี,อุดรธานี,เมืองอุดรธานี,อำเภอเมืองอุดรธานี,ตำบลหมูม่น,หมูม่น,หมูม่น อำเภอเมืองอุดรธานี อุดรธานี 41000 ประเทศไทย
336,Kumphawapi,HII,17.076832,103.02149,อุดรธานี,อุดรธานี,กุมภวาปี,อำเภอกุมภวาปี,ตำบลกุมภวาปี,กุมภวาปี,กุมภวาปี อำเภอกุมภวาปี อุดรธานี ประเทศไทย
337,Ban Ya,HII,17.38684,103.29087,อุดรธานี,อุดรธานี,หนองหาน,อำเภอหนองหาน,ตำบลบ้านยา,บ้านยา,บ้านยา อำเภอหนองหาน อุดรธานี ประเทศไทย
338,Ba Yao,HII,17.080946,103.39906,อุดรธานี,อุดรธานี,วังสามหมอ,อำเภอ วังสามหมอ,ตำบลบะยาว,บะยาว,บะยาว ตำบล บะยาว อำเภอ วังสามหมอ อุดรธานี 41280 ประเทศไทย
339,Khong 5,HII,17.639353,103.0984,อุดรธานี,อุดรธานี,เพ็ญ,อำเภอ เพ็ญ,ตำบลเตาไห,เตาไห,เตาไห อำเภอ เพ็ญ อุดรธานี 41150 ประเทศไทย
340,Ban Phue,HII,17.686718,102.47648,อุดรธานี,อุดรธานี,บ้านผือ,อำเภอบ้านผือ,ตำบลบ้านผือ,บ้านผือ,บ้านผือ อำเภอบ้านผือ อุดรธานี 41160 ประเทศไทย
341,Ban Dung,HII,17.704449,103.26374,อุดรธานี,อุดรธานี,บ้านดุง,อำเภอ บ้านดุง,ตำบลศรีสุทโธ,ศรีสุทโธ,ศรีสุทโธ อำเภอ บ้านดุง อุดรธานี 41190 ประเทศไทย
342,Khong 2,HII,17.509333,101.7366,เลย,เลย,เมืองเลย,อำเภอเมืองเลย,ตำบลกุดป่อง,กุดป่อง,กุดป่อง อำเภอเมืองเลย เลย 42000 ประเทศไทย
343,Tha Sa-at,HII,17.49028,101.93206,เลย,เลย,นาด้วง,อำเภอ นาด้วง,ตำบลท่าสะอาด,ท่าสะอาด,ท่าสะอาด อำเภอ นาด้วง เลย 42210 ประเทศไทย
344,Na Sao,HII,17.824257,101.66916,เลย,เลย,เชียงคาน,อำเภอ เชียงคาน,ตำบลนาซ่าว,นาซ่าว,นาซ่าว อำเภอ เชียงคาน เลย 42110 ประเทศไทย
345,Kok Sathon,HII,17.089527,101.11005,เลย,เลย,ด่านซ้าย,อำเภอด่านซ้าย,ตำบลกกสะทอน,กกสะทอน,กกสะทอน อำเภอด่านซ้าย เลย 42120 ประเทศไทย
346,Lao Ko Hok,HII,17.496407,100.88749,เลย,เลย,นาแห้ว,อำเภอ นาแห้ว,ตำบลเหล่ากอหก,เหล่ากอหก,เหล่ากอหก อำเภอ นาแห้ว เลย 42170 ประเทศไทย
347,Phu Ruea,HII,17.45857,101.361595,เลย,เลย,ภูเรือ,อำเภอ ภูเรือ,ตำบลหนองบัว,หนองบัว,หนองบัว อำเภอ ภูเรือ เลย 42160 ประเทศไทย
348,Khong 1,HII,17.31235,101.7726,เลย,เลย,วังสะพุง,อำเภอวังสะพุง,ตำบลศรีสงคราม,ศรีสงคราม,ศรีสงคราม อำเภอวังสะพุง เลย 42130 ประเทศไทย
349,Khao Luang,HII,17.317413,101.63532,เลย,เลย,วังสะพุง,อำเภอวังสะพุง,ตำบลเขาหลวง,เขาหลวง,เขาหลวง อำเภอวังสะพุง เลย 42130 ประเทศไทย
350,Si Than,HII,16.877161,101.861404,เลย,เลย,ภูกระดึง,อำเภอ ภูกระดึง,ตำบลศรีฐาน,ศรีฐาน,ศรีฐาน ตำบล ศรีฐาน อำเภอ ภูกระดึง เลย 42180 ประเทศไทย
351,Nong Thin Public Park,HII,17.877052,102.727104,หนองคาย,หนองคาย,เมืองหนองคาย,อำเภอเมืองหนองคาย,ตำบลมีชัย,มีชัย,มีชัย อำเภอเมืองหนองคาย หนองคาย 43000 ประเทศไทย
352,Nong Nang,HII,17.695118,102.6153,หนองคาย,หนองคาย,ท่าบ่อ,อำเภอ ท่าบ่อ,ตำบลหนองนาง,หนองนาง,หนองนาง อำเภอ ท่าบ่อ หนองคาย 43110 ประเทศไทย
353,Chumphon,HII,18.059086,103.08175,หนองคาย,หนองคาย,โพนพิสัย,อำเภอ โพนพิสัย,ตำบลจุมพล,จุมพล,จุมพล อำเภอ โพนพิสัย หนองคาย 43120 ประเทศไทย
354,Nong Ak School,HII,17.889479,103.21055,หนองคาย,หนองคาย,โพนพิสัย,อำเภอ โพนพิสัย,ตำบลบ้านผือ,บ้านผือ,บ้านผือ อำเภอ โพนพิสัย หนองคาย 43120 ประเทศไทย
355,Sang Kom,HII,18.0687,102.26269,หนองคาย,หนองคาย,สังคม,อำเภอ สังคม,ตำบลแก้งไก่,แก้งไก่,แก้งไก่ อำเภอ สังคม หนองคาย 43160 ประเทศไทย
357,Don Wan,HII,16.008148,103.319046,มหาสารคาม,มหาสารคาม,เมืองมหาสารคาม,อำเภอเมืองมหาสารคาม,ตำบลดอนหว่าน,ดอนหว่าน,ดอนหว่าน อำเภอเมืองมหาสารคาม มหาสารคาม ประเทศไทย
358,Mueang Maha Sarakham,HII,16.2323,103.27108,มหาสารคาม,มหาสารคาม,เมืองมหาสารคาม,อำเภอเมืองมหาสารคาม,ตำบลเกิ้ง,เกิ้ง,เกิ้ง ตำบลเกิ้ง อำเภอเมืองมหาสารคาม มหาสารคาม ประเทศไทย
359,Chi 7,HII,16.250986,103.07402,มหาสารคาม,มหาสารคาม,โกสุมพิสัย,อำเภอ โกสุมพิสัย,ตำบลหัวขวาง,หัวขวาง,หัวขวาง อำเภอ โกสุมพิสัย มหาสารคาม 44140 ประเทศไทย
360,Upper Maha Sarakham Weir,HII,16.369093,102.9476,มหาสารคาม,มหาสารคาม,โกสุมพิสัย,อำเภอ โกสุมพิสัย,ตำบลหนองบัว,หนองบัว,หนองบัว อำเภอ โกสุมพิสัย มหาสารคาม ประเทศไทย
361,Maha Sarakham Weir,HII,16.365917,102.949814,มหาสารคาม,มหาสารคาม,โกสุมพิสัย,อำเภอ โกสุมพิสัย,ตำบลโพนงาม,หนองบัว,หนองบัว อำเภอ โกสุมพิสัย มหาสารคาม ประเทศไทย
362,Kosum Phisai,HII,16.243116,103.06304,มหาสารคาม,มหาสารคาม,โกสุมพิสัย,อำเภอ โกสุมพิสัย,ตำบลหัวขวาง,หัวขวาง,หัวขวาง อำเภอ โกสุมพิสัย มหาสารคาม 44140 ประเทศไทย
363,Non Daeng,HII,15.891125,103.078186,มหาสารคาม,มหาสารคาม,บรบือ,อำเภอ บรบือ,ตำบลโนนแดง,โนนแดง,โนนแดง อำเภอ บรบือ มหาสารคาม ประเทศไทย
364,Nong Pho,HII,15.774314,103.102806,มหาสารคาม,มหาสารคาม,นาเชือก,อำเภอ นาเชือก,ตำบลหนองโพธิ์,หนองโพธิ์,หนองโพธิ์ อำเภอ นาเชือก มหาสารคาม 44170 ประเทศไทย
365,Weluwan Temple,HII,16.054785,103.66429,ร้อยเอ็ด,ร้อยเอ็ด,เมืองร้อยเอ็ด,อำเภอเมืองร้อยเอ็ด,ตำบลเหนือเมือง,เหนือเมือง,เหนือเมือง อำเภอเมืองร้อยเอ็ด ร้อยเอ็ด 45000 ประเทศไทย
366,Kaset Wisai,HII,15.665376,103.57421,ร้อยเอ็ด,ร้อยเอ็ด,เกษตรวิสัย,อำเภอ เกษตรวิสัย,ตำบลเกษตรวิสัย,เกษตรวิสัย,เกษตรวิสัย อำเภอ เกษตรวิสัย ร้อยเอ็ด 45150 ประเทศไทย
367,Upper Yasotorn Weir,HII,15.732574,104.1318,ร้อยเอ็ด,ร้อยเอ็ด,พนมไพร,อำเภอ พนมไพร,ตำบลแสนสุข,แสนสุข,แสนสุข อำเภอ พนมไพร ร้อยเอ็ด 45140 ประเทศไทย
368,,HII,15.732,104.133,ยโสธร,ยโสธร,เมืองยโสธร,อำเภอเมืองยโสธร,ตำบลเขื่องคำ,เขื่องคำ,เขื่องคำ อำเภอเมืองยโสธร ยโสธร ประเทศไทย
369,Akkha Kham,HII,16.380875,103.75481,ร้อยเอ็ด,ร้อยเอ็ด,โพธิ์ชัย,อำเภอ โพธิ์ชัย,ตำบลอัคคะคำ,อัคคะคำ,อัคคะคำ อำเภอ โพธิ์ชัย ร้อยเอ็ด 45230 ประเทศไทย
370,Pho Thong,HII,16.127357,104.115,ร้อยเอ็ด,ร้อยเอ็ด,เสลภูมิ,อำเภอเสลภูมิ,ตำบลโพธิ์ทอง,โพธิ์ทอง,โพธิ์ทอง อำเภอเสลภูมิ ร้อยเอ็ด ประเทศไทย
371,Chi 9,HII,16.0342,103.90716,ร้อยเอ็ด,ร้อยเอ็ด,เสลภูมิ,อำเภอเสลภูมิ,ตำบลกลาง,กลาง,กลาง อำเภอเสลภูมิ ร้อยเอ็ด 45120 ประเทศไทย
372,Nong Thap Thai,HII,15.754068,103.917465,ร้อยเอ็ด,ร้อยเอ็ด,อาจสามารถ,อำเภอ อาจสามารถ,ตำบลหนองหมื่นถ่าน,หนองหมื่นถ่าน,หนองหมื่นถ่าน อำเภอ อาจสามารถ ร้อยเอ็ด ประเทศไทย
373,Chumphon,HII,16.368202,104.057785,ร้อยเอ็ด,ร้อยเอ็ด,เมยวดี,อำเภอ เมยวดี,ตำบลชุมพร,ชุมพร,ชุมพร อำเภอ เมยวดี ร้อยเอ็ด ประเทศไทย
374,Chi 8,HII,16.21783,103.61631,กาฬสินธุ์,กาฬสินธุ์,กมลาไสย,อำเภอ กมลาไสย,ตำบลเจ้าท่า,เจ้าท่า,เจ้าท่า อำเภอ กมลาไสย กาฬสินธุ์ ประเทศไทย
375,Roi Et Weir,HII,16.17226,103.78975,ร้อยเอ็ด,ร้อยเอ็ด,โพธิ์ชัย,อำเภอ โพธิ์ชัย,ตำบลสะอาด,สะอาด,สะอาด อำเภอ โพธิ์ชัย ร้อยเอ็ด 45230 ประเทศไทย
376,Upper Roi Et Weir,HII,16.17262,103.78899,ร้อยเอ็ด,ร้อยเอ็ด,โพธิ์ชัย,อำเภอ โพธิ์ชัย,ตำบลสะอาด,สะอาด,สะอาด อำเภอ โพธิ์ชัย ร้อยเอ็ด 45230 ประเทศไทย
377,nua,HII,16.425287,103.559715,กาฬสินธุ์,กาฬสินธุ์,เมืองกาฬสินธุ์,อำเภอเมืองกาฬสินธุ์,ตำบลเหนือ,เหนือ,เหนือ อำเภอเมืองกาฬสินธุ์ กาฬสินธุ์ 46000 ประเทศไทย
378,Non Si Charoen Communuty,HII,16.616161,103.71737,กาฬสินธุ์,กาฬสินธุ์,นามน,อำเภอ นามน,ตำบลยอดแกง,ยอดแกง,ยอดแกง อำเภอ นามน กาฬสินธุ์ ประเทศไทย
379,Chum Chang Communuty,HII,16.430733,104.07318,กาฬสินธุ์,กาฬสินธุ์,กุฉินารายณ์,อำเภอ กุฉินารายณ์,ตำบลจุมจัง,จุมจัง,จุมจัง อำเภอ กุฉินารายณ์ กาฬสินธุ์ 46110 ประเทศไทย
380,Yang Talad,HII,16.411118,103.46708,กาฬสินธุ์,กาฬสินธุ์,ยางตลาด,อำเภอยางตลาด,ตำบลอุ่มเม่า,อุ่มเม่า,อุ่มเม่า อำเภอยางตลาด กาฬสินธุ์ 46120 ประเทศไทย
381,Khok Khruea,HII,16.706406,103.28007,กาฬสินธุ์,กาฬสินธุ์,หนองกุงศรี,อำเภอ หนองกุงศรี,ตำบลโคกเครือ,โคกเครือ,โคกเครือ อำเภอ หนองกุงศรี กาฬสินธุ์ ประเทศไทย
382,Noen Yang,HII,16.790775,103.66739,กาฬสินธุ์,กาฬสินธุ์,คำม่วง,อำเภอ คำม่วง,ตำบลเนินยาง,เนินยาง,เนินยาง อำเภอ คำม่วง กาฬสินธุ์ ประเทศไทย
383,Na Khu,HII,16.797806,104.04481,กาฬสินธุ์,กาฬสินธุ์,นาคู,อำเภอ นาคู,ตำบลนาคู,นาคู,นาคู อำเภอ นาคู กาฬสินธุ์ ประเทศไทย
384,Wang Yang Weir,HII,16.20019,103.473595,กาฬสินธุ์,กาฬสินธุ์,ฆ้องชัย,อำเภอ ฆ้องชัย,ตำบลลำชี,ลำชี,ลำชี อำเภอ ฆ้องชัย กาฬสินธุ์ ประเทศไทย
385,Upper Wang Yang Weir,HII,16.19945,103.472946,กาฬสินธุ์,กาฬสินธุ์,ฆ้องชัย,อำเภอ ฆ้องชัย,ตำบลลำชี,ลำชี,ลำชี อำเภอ ฆ้องชัย กาฬสินธุ์ ประเทศไทย
386,Tha Rae,HII,17.251728,104.181786,สกลนคร,สกลนคร,เมืองสกลนคร,อำเภอเมืองสกลนคร,ตำบลท่าแร่,ท่าแร่,ท่าแร่ อำเภอเมืองสกลนคร สกลนคร ประเทศไทย
387,Ban Bua Sawang,HII,17.372976,103.984436,สกลนคร,สกลนคร,พรรณานิคม,อำเภอ พรรณานิคม,ตำบลสว่าง,สว่าง,สว่าง อำเภอ พรรณานิคม สกลนคร ประเทศไทย
388,Phang Khon,HII,17.398815,103.71349,สกลนคร,สกลนคร,พังโคน,อำเภอ พังโคน,ตำบลพังโคน,พังโคน,พังโคน อำเภอ พังโคน สกลนคร 47160 ประเทศไทย
389,Nikhom Nam Un,HII,17.204111,103.687035,สกลนคร,สกลนคร,นิคมน้ำอูน,อำเภอ นิคมน้ำอูน,ตำบลนิคมน้ำอูน,นิคมน้ำอูน,นิคมน้ำอูน อำเภอ นิคมน้ำอูน สกลนคร ประเทศไทย
390,Khua Kai,HII,17.602118,103.80707,สกลนคร,สกลนคร,วานรนิวาส,อำเภอวานรนิวาส,ตำบลขัวก่าย,ขัวก่าย,ขัวก่าย อำเภอวานรนิวาส สกลนคร ประเทศไทย
391,Kham Ta Kla,HII,17.831097,103.75677,สกลนคร,สกลนคร,คำตากล้า,อำเภอ คำตากล้า,ตำบลคำตากล้า,คำตากล้า,คำตากล้า อำเภอ คำตากล้า สกลนคร ประเทศไทย
392,,HII,18.0718,103.51,บึงกาฬ,บึงกาฬ,โซ่พิสัย,อำเภอ โซ่พิสัย,ตำบลคำแก้ว,คำแก้ว,คำแก้ว อำเภอ โซ่พิสัย บึงกาฬ 38220 ประเทศไทย
393,Song Kram 3,HII,17.821556,103.38691,สกลนคร,สกลนคร,บ้านม่วง,อำเภอ บ้านม่วง,ตำบลห้วยหลัว,ห้วยหลัว,ห้วยหลัว อำเภอ บ้านม่วง สกลนคร ประเทศไทย
394,Nong Paen,HII,17.703592,103.435104,สกลนคร,สกลนคร,เจริญศิลป์,อำเภอ เจริญศิลป์,ตำบลหนองแปน,หนองแปน,หนองแปน อำเภอ เจริญศิลป์ สกลนคร ประเทศไทย
395,Nathom Bridge,HII,17.777632,104.01503,นครพนม,นครพนม,นาทม,อำเภอ นาทม,ตำบลนาทม,นาทม,นาทม อำเภอ นาทม นครพนม 48140 ประเทศไทย
396,Sawang Daen Din,HII,17.594727,103.38448,อุดรธานี,อุดรธานี,บ้านดุง,อำเภอ บ้านดุง,ตำบลดงเย็น,ดงเย็น,ดงเย็น อำเภอ บ้านดุง อุดรธานี 41190 ประเทศไทย
397,Khok Si,HII,17.61611,103.42706,สกลนคร,สกลนคร,สว่างแดนดิน,อำเภอสว่างแดนดิน,ตำบลโคกสี,โคกสี,โคกสี อำเภอสว่างแดนดิน สกลนคร ประเทศไทย
398,Tao Ngoi,HII,16.997461,104.16753,สกลนคร,สกลนคร,เต่างอย,อำเภอ เต่างอย,ตำบลเต่างอย,เต่างอย,เต่างอย อำเภอ เต่างอย สกลนคร 47260 ประเทศไทย
399,Dan Muang Kam,HII,17.07915,104.32593,สกลนคร,สกลนคร,โคกศรีสุพรรณ,อำเภอ โคกศรีสุพรรณ,ตำบลด่านม่วงคำ,ด่านม่วงคำ,ด่านม่วงคำ อำเภอ โคกศรีสุพรรณ สกลนคร ประเทศไทย
400,Khok Phu,HII,17.006287,103.91594,สกลนคร,สกลนคร,ภูพาน,อำเภอ ภูพาน,ตำบลโคกภู,โคกภู,โคกภู อำเภอ ภูพาน สกลนคร 47180 ประเทศไทย
401,Ban Phueng,HII,17.351482,104.620384,นครพนม,นครพนม,เมืองนครพนม,อำเภอเมืองนครพนม,ตำบลบ้านผึ้ง,บ้านผึ้ง,บ้านผึ้ง อำเภอเมืองนครพนม นครพนม ประเทศไทย
402,Phum Kae,HII,16.908905,104.61866,นครพนม,นครพนม,นาแก,อำเภอ นาแก,ตำบลพุ่มแก,พุ่มแก,พุ่มแก อำเภอ นาแก นครพนม ประเทศไทย
403,,HII,17.628,104.25,นครพนม,นครพนม,ศรีสงคราม,อำเภอ ศรีสงคราม,ตำบลศรีสงคราม,ศรีสงคราม,ศรีสงคราม อำเภอ ศรีสงคราม นครพนม 48150 ประเทศไทย
404,Si Songkhram,HII,17.626986,104.26147,นครพนม,นครพนม,ศรีสงคราม,อำเภอ ศรีสงคราม,ตำบลศรีสงคราม,ศรีสงคราม,ศรีสงคราม อำเภอ ศรีสงคราม นครพนม 48150 ประเทศไทย
405,Sri Songkram,HII,17.674871,104.28583,นครพนม,นครพนม,ศรีสงคราม,อำเภอ ศรีสงคราม,ตำบลศรีสงคราม,หาดแพง,หาดแพง อำเภอ ศรีสงคราม นครพนม ประเทศไทย
406,Ban Kham a Huan School,HII,16.496685,104.66871,มุกดาหาร,มุกดาหาร,เมืองมุกดาหาร,อำเภอเมืองมุกดาหาร,ตำบลคำอาฮวน,คำอาฮวน,คำอาฮวน อำเภอเมืองมุกดาหาร มุกดาหาร 49000 ประเทศไทย
407,Don Tan,HII,16.3184,104.918945,มุกดาหาร,มุกดาหาร,ดอนตาล,อำเภอ ดอนตาล,ตำบลดอนตาล,ดอนตาล,ดอนตาล อำเภอ ดอนตาล มุกดาหาร ประเทศไทย
408,Nam Thiang,HII,16.543028,104.40855,มุกดาหาร,มุกดาหาร,คำชะอี,อำเภอ คำชะอี,ตำบลน้ำเที่ยง,น้ำเที่ยง,น้ำเที่ยง อำเภอ คำชะอี มุกดาหาร 49110 ประเทศไทย
409,Chang Phueak,HII,18.810118,98.97011,เชียงใหม่,เชียงใหม่,เมืองเชียงใหม่,อำเภอเมืองเชียงใหม่,ตำบลช้างเผือก,ช้างเผือก,ช้างเผือก อำเภอเมืองเชียงใหม่ เชียงใหม่ ประเทศไทย
410,Ban Luang,HII,18.490335,98.67418,เชียงใหม่,เชียงใหม่,จอมทอง,อำเภอจอมทอง,ตำบลบ้านหลวง,บ้านหลวง,บ้านหลวง อำเภอจอมทอง เชียงใหม่ ประเทศไทย
411,Mae Had Communuty,HII,18.460037,98.65093,เชียงใหม่,เชียงใหม่,จอมทอง,อำเภอจอมทอง,ตำบลบ้านหลวง,บ้านหลวง,บ้านหลวง อำเภอจอมทอง เชียงใหม่ ประเทศไทย
412,Chiang Mai 6,HII,18.423248,98.69815,เชียงใหม่,เชียงใหม่,จอมทอง,อำเภอจอมทอง,ตำบลข่วงเปา,ข่วงเปา,ข่วงเปา อำเภอจอมทอง เชียงใหม่ 50160 ประเทศไทย
413,Chang Khoeng,HII,18.506681,98.35237,เชียงใหม่,เชียงใหม่,แม่แจ่ม,อำเภอแม่แจ่ม,ตำบลช่างเคิ่ง,ช่างเคิ่ง,ช่างเคิ่ง อำเภอแม่แจ่ม เชียงใหม่ 50270 ประเทศไทย
414,Chiang Mai 4,HII,19.367287,98.96888,เชียงใหม่,เชียงใหม่,เชียงดาว,อำเภอเชียงดาว,ตำบลเชียงดาว,เชียงดาว,เชียงดาว อำเภอเชียงดาว เชียงใหม่ 50170 ประเทศไทย
415,Mae Na,HII,19.341248,98.96132,เชียงใหม่,เชียงใหม่,เชียงดาว,อำเภอเชียงดาว,ตำบลเชียงดาว,เชียงดาว,เชียงดาว อำเภอเชียงดาว เชียงใหม่ 50170 ประเทศไทย
416,Choeng Doi,HII,18.864765,99.13231,เชียงใหม่,เชียงใหม่,ดอยสะเก็ด,อำเภอดอยสะเก็ด,ตำบลเชิงดอย,เชิงดอย,เชิงดอย อำเภอดอยสะเก็ด เชียงใหม่ 50220 ประเทศไทย
417,Pa Sak Ngam Communuty,HII,18.992641,99.12812,เชียงใหม่,เชียงใหม่,ดอยสะเก็ด,อำเภอดอยสะเก็ด,ตำบลลวงเหนือ,ลวงเหนือ,ลวงเหนือ อำเภอดอยสะเก็ด เชียงใหม่ 50220 ประเทศไทย
418,Chiang Mai 5,HII,19.122065,98.94449,เชียงใหม่,เชียงใหม่,แม่แตง,อำเภอแม่แตง,ตำบลสันมหาพน,สันมหาพน,สันมหาพน อำเภอแม่แตง เชียงใหม่ 50150 ประเทศไทย
419,Chom Chaeng,HII,19.062576,98.94,เชียงใหม่,เชียงใหม่,แม่แตง,อำเภอแม่แตง,ตำบลขี้เหล็ก,ขี้เหล็ก,ขี้เหล็ก อำเภอแม่แตง เชียงใหม่ ประเทศไทย
420,Mae Ngad Dam,HII,19.161743,99.03971,เชียงใหม่,เชียงใหม่,แม่แตง,อำเภอแม่แตง,ตำบลบ้านเป้า,บ้านเป้า,บ้านเป้า ตำบล บ้านเป้า อำเภอแม่แตง เชียงใหม่ 50150 ประเทศไทย
421,Wiang,HII,19.940186,99.22089,เชียงใหม่,เชียงใหม่,ฝาง,อำเภอ ฝาง,ตำบลเวียง,เวียง,เวียง อำเภอ ฝาง เชียงใหม่ ประเทศไทย
422,Chiang Mai 7,HII,19.856165,99.19555,เชียงใหม่,เชียงใหม่,ฝาง,อำเภอ ฝาง,ตำบลสันทราย,สันทราย,สันทราย อำเภอ ฝาง เชียงใหม่ 50110 ประเทศไทย
423,Tha Ton,HII,20.057405,99.35831,เชียงใหม่,เชียงใหม่,แม่อาย,อำเภอ แม่อาย,ตำบลท่าตอน,ท่าตอน,ท่าตอน อำเภอ แม่อาย เชียงใหม่ ประเทศไทย
424,Chiang Mai 3,HII,20.061007,99.36204,เชียงใหม่,เชียงใหม่,แม่อาย,อำเภอ แม่อาย,ตำบลท่าตอน,ท่าตอน,ท่าตอน อำเภอ แม่อาย เชียงใหม่ ประเทศไทย
425,Ban Pong,HII,19.373657,99.1738,เชียงใหม่,เชียงใหม่,พร้าว,อำเภอพร้าว,ตำบลบ้านโป่ง,บ้านโป่ง,บ้านโป่ง อำเภอพร้าว เชียงใหม่ 50190 ประเทศไทย
426,Ban Huai Sai Communuty,HII,19.339989,99.21733,เชียงใหม่,เชียงใหม่,พร้าว,อำเภอพร้าว,ตำบลป่าตุ้ม,เขื่อนผาก,เขื่อนผาก อำเภอพร้าว เชียงใหม่ 50190 ประเทศไทย
427,Thung Satok,HII,18.573914,98.86223,เชียงใหม่,เชียงใหม่,สันป่าตอง,อำเภอสันป่าตอง,ตำบลบ้านกลาง,บ้านกลาง,บ้านกลาง อำเภอสันป่าตอง เชียงใหม่ 50120 ประเทศไทย
428,San Kamphaeng,HII,18.752064,99.127594,เชียงใหม่,เชียงใหม่,สันกำแพง,อำเภอสันกำแพง,ตำบลสันกำแพง,สันกำแพง,สันกำแพง อำเภอสันกำแพง เชียงใหม่ 50130 ประเทศไทย
429,San Na Meng,HII,18.838,99.05696,เชียงใหม่,เชียงใหม่,สันทราย,อำเภอสันทราย,ตำบลสันนาเม็ง,สันนาเม็ง,สันนาเม็ง อำเภอสันทราย เชียงใหม่ 50210 ประเทศไทย
430,Chiang Mai 1,HII,19.009766,98.95976,เชียงใหม่,เชียงใหม่,สันทราย,อำเภอสันทราย,ตำบลแม่แฝก,แม่แฝก,แม่แฝก ตำบล แม่แฝก อำเภอสันทราย เชียงใหม่ ประเทศไทย
431,Nong Khrai,HII,18.601257,98.93967,เชียงใหม่,เชียงใหม่,หางดง,อำเภอหางดง,ตำบลหนองตอง,หนองตอง,หนองตอง อำเภอหางดง เชียงใหม่ ประเทศไทย
432,Sop Mae Kha,HII,18.677917,98.97708,เชียงใหม่,เชียงใหม่,หางดง,อำเภอหางดง,ตำบลสบแม่ข่า,สบแม่ข่า,สบแม่ข่า อำเภอหางดง เชียงใหม่ ประเทศไทย
433,Ban Pong,HII,18.750305,98.88969,เชียงใหม่,เชียงใหม่,หางดง,อำเภอหางดง,ตำบลบ้านปง,บ้านปง,บ้านปง อำเภอหางดง เชียงใหม่ 50230 ประเทศไทย
434,Chiang Mai 2,HII,18.178593,98.630165,เชียงใหม่,เชียงใหม่,ฮอด,อำเภอฮอด,ตำบลหางดง,หางดง,หางดง อำเภอฮอด เชียงใหม่ 50240 ประเทศไทย
435,Hang Dong,HII,18.162048,98.60858,เชียงใหม่,เชียงใหม่,ฮอด,อำเภอฮอด,ตำบลหางดง,หางดง,หางดง อำเภอฮอด เชียงใหม่ 50240 ประเทศไทย
436,Doi Tao,HII,17.915506,98.727905,เชียงใหม่,เชียงใหม่,ดอยเต่า,อำเภอ ดอยเต่า,ตำบลดอยเต่า,ดอยเต่า,ดอยเต่า อำเภอ ดอยเต่า เชียงใหม่ 50260 ประเทศไทย
437,Omkoi,HII,17.797976,98.34149,เชียงใหม่,เชียงใหม่,อมก๋อย,อำเภออมก๋อย,ตำบลอมก๋อย,อมก๋อย,อมก๋อย อำเภออมก๋อย เชียงใหม่ ประเทศไทย
438,Piang Luang,HII,19.649279,98.63488,เชียงใหม่,เชียงใหม่,เวียงแหง,อำเภอ เวียงแหง,ตำบลเปียงหลวง,เปียงหลวง,เปียงหลวง อำเภอ เวียงแหง เชียงใหม่ ประเทศไทย
439,Chai Prakan,HII,19.742264,99.14543,เชียงใหม่,เชียงใหม่,ไชยปราการ,อำเภอ ไชยปราการ,ตำบลปงตำ,ปงตำ,ปงตำ อำเภอ ไชยปราการ เชียงใหม่ 50320 ประเทศไทย
440,Ban Kad,HII,18.603905,98.79847,เชียงใหม่,เชียงใหม่,แม่วาง,อำเภอ แม่วาง,ตำบลบ้านกาด,บ้านกาด,บ้านกาด อำเภอ แม่วาง เชียงใหม่ 50360 ประเทศไทย
441,Mae Wang,HII,18.612732,98.77528,เชียงใหม่,เชียงใหม่,แม่วาง,อำเภอ แม่วาง,ตำบลบ้านกาด,บ้านกาด,บ้านกาด อำเภอ แม่วาง เชียงใหม่ 50360 ประเทศไทย
442,Santi Suk,HII,18.528969,98.82106,เชียงใหม่,เชียงใหม่,ดอยหล่อ,อำเภอ ดอยหล่อ,ตำบลสันติสุข,สันติสุข,สันติสุข อำเภอ ดอยหล่อ เชียงใหม่ 50160 ประเทศไทย
443,Lamphun,HII,18.588911,99.01991,ลำพูน,ลำพูน,เมืองลำพูน,อำเภอเมืองลำพูน,ตำบลในเมือง,ในเมือง,ในเมือง อำเภอเมืองลำพูน ลำพูน 51000 ประเทศไทย
444,Tha Sop Sao,HII,18.465405,99.12672,ลำพูน,ลำพูน,แม่ทา,อำเภอแม่ทา,ตำบลทาสบเส้า,ทาสบเส้า,ทาสบเส้า อำเภอแม่ทา ลำพูน ประเทศไทย
445,Ban Hong,HII,18.335297,98.818275,ลำพูน,ลำพูน,บ้านโฮ่ง,อำเภอ บ้านโฮ่ง,ตำบลบ้านโฮ่ง,บ้านโฮ่ง,บ้านโฮ่ง อำเภอ บ้านโฮ่ง ลำพูน 51130 ประเทศไทย
446,Wang Din,HII,17.802048,98.94716,ลำพูน,ลำพูน,ลี้,อำเภอลี้,ตำบลลี้,ลี้,ลี้ อำเภอลี้ ลำพูน 51110 ประเทศไทย
447,Thung Hua Chang,HII,18.003477,99.02688,ลำพูน,ลำพูน,ทุ่งหัวช้าง,อำเภอ ทุ่งหัวช้าง,ตำบลทุ่งหัวช้าง,ทุ่งหัวช้าง,ทุ่งหัวช้าง อำเภอ ทุ่งหัวช้าง ลำพูน ประเทศไทย
448,Pa Sang,HII,18.518118,98.93949,ลำพูน,ลำพูน,ป่าซาง,อำเภอ ป่าซาง,ตำบลป่าซาง,ป่าซาง,ป่าซาง อำเภอ ป่าซาง ลำพูน 51120 ประเทศไทย
449,Ban Thi,HII,18.651766,99.11653,ลำพูน,ลำพูน,บ้านธิ,อำเภอ บ้านธิ,ตำบลบ้านธิ,บ้านธิ,บ้านธิ อำเภอ บ้านธิ ลำพูน ประเทศไทย
450,,HII,18.2997,99.5112,ลำปาง,ลำปาง,เมืองลำปาง,อำเภอเมืองลำปาง,ตำบลเวียงเหนือ,เวียงเหนือ,เวียงเหนือ อำเภอเมืองลำปาง ลำปาง ประเทศไทย
451,Bo Haeo,HII,18.319452,99.4466,ลำปาง,ลำปาง,เมืองลำปาง,อำเภอเมืองลำปาง,ตำบลบ่อแฮ้ว,บ่อแฮ้ว,บ่อแฮ้ว อำเภอเมืองลำปาง ลำปาง ประเทศไทย
452,Wang 5,HII,18.34301,99.537125,ลำปาง,ลำปาง,เมืองลำปาง,อำเภอเมืองลำปาง,ตำบลต้นธงชัย,ต้นธงชัย,ต้นธงชัย อำเภอเมืองลำปาง ลำปาง ประเทศไทย
453,Mae Mo,HII,18.272924,99.65161,ลำปาง,ลำปาง,แม่เมาะ,อำเภอแม่เมาะ,ตำบลแม่เมาะ,แม่เมาะ,แม่เมาะ อำเภอแม่เมาะ ลำปาง 52220 ประเทศไทย
454,Wang 4,HII,18.159119,99.38409,ลำปาง,ลำปาง,เกาะคา,อำเภอเกาะคา,ตำบลท่าผา,ท่าผา,ท่าผา อำเภอเกาะคา ลำปาง 52130 ประเทศไทย
455,Lampang Luang,HII,18.230398,99.39123,ลำปาง,ลำปาง,เกาะคา,อำเภอเกาะคา,ตำบลลำปางหลวง,ลำปางหลวง,ลำปางหลวง อำเภอเกาะคา ลำปาง 52130 ประเทศไทย
456,Soem Ngam,HII,18.066223,99.24954,ลำปาง,ลำปาง,เสริมงาม,อำเภอ เสริมงาม,ตำบลทุ่งงาม,ทุ่งงาม,ทุ่งงาม อำเภอ เสริมงาม ลำปาง 52210 ประเทศไทย
457,,HII,18.07,99.25,ลำปาง,ลำปาง,เสริมงาม,อำเภอ เสริมงาม,ตำบลทุ่งงาม,ทุ่งงาม,ทุ่งงาม อำเภอ เสริมงาม ลำปาง 52210 ประเทศไทย
458,Ban Haeng,HII,18.76336,100.00879,ลำปาง,ลำปาง,งาว,อำเภองาว,ตำบลบ้านแหง,บ้านแหง,บ้านแหง อำเภองาว ลำปาง 52110 ประเทศไทย
459,Yom 11,HII,18.760788,99.9726,ลำปาง,ลำปาง,งาว,อำเภองาว,ตำบลหลวงเหนือ,หลวงเหนือ,หลวงเหนือ อำเภองาว ลำปาง 52110 ประเทศไทย
460,Chae Hom,HII,18.712288,99.58207,ลำปาง,ลำปาง,แจ้ห่ม,อำเภอแจ้ห่ม,ตำบลแจ้ห่ม,แจ้ห่ม,แจ้ห่ม อำเภอแจ้ห่ม ลำปาง 52120 ประเทศไทย
461,Ban Mai,HII,19.176775,99.62088,ลำปาง,ลำปาง,วังเหนือ,อำเภอ วังเหนือ,ตำบลวังเหนือ,วังเหนือ,วังเหนือ อำเภอ วังเหนือ ลำปาง 52140 ประเทศไทย
462,Mae Pa,HII,17.651798,99.26763,ลำปาง,ลำปาง,เถิน,อำเภอเถิน,ตำบลแม่ปะ,แม่ปะ,แม่ปะ อำเภอเถิน ลำปาง 52160 ประเทศไทย
463,Wang 3,HII,17.75172,99.23066,ลำปาง,ลำปาง,เถิน,อำเภอเถิน,ตำบลแม่ถอด,แม่ถอด,แม่ถอด ตำบล แม่ถอด อำเภอเถิน ลำปาง 52160 ประเทศไทย
464,Wang 2,HII,17.445276,99.12899,ลำปาง,ลำปาง,แม่พริก,อำเภอ แม่พริก,ตำบลแม่พริก,แม่พริก,แม่พริก ตำบล แม่พริก อำเภอ แม่พริก ลำปาง 52180 ประเทศไทย
465,Mae Phrik,HII,17.455318,99.118645,ลำปาง,ลำปาง,แม่พริก,อำเภอ แม่พริก,ตำบลแม่พริก,แม่พริก,แม่พริก ตำบล แม่พริก อำเภอ แม่พริก ลำปาง 52180 ประเทศไทย
466,Ban Kio,HII,18.086952,99.50411,ลำปาง,ลำปาง,แม่ทะ,อำเภอ แม่ทะ,ตำบลบ้านกิ่ว,บ้านกิ่ว,บ้านกิ่ว อำเภอ แม่ทะ ลำปาง 52150 ประเทศไทย
467,Na Yang,HII,17.909767,99.30976,ลำปาง,ลำปาง,สบปราบ,อำเภอสบปราบ,ตำบลนายาง,นายาง,นายาง อำเภอสบปราบ ลำปาง 52170 ประเทศไทย
468,Nong Lom,HII,18.336313,99.39991,ลำปาง,ลำปาง,ห้างฉัตร,อำเภอห้างฉัตร,ตำบลหนองหล่ม,หนองหล่ม,หนองหล่ม อำเภอห้างฉัตร ลำปาง ประเทศไทย
469,Mae Tan Noi Communuty,HII,18.415277,99.26473,ลำปาง,ลำปาง,ห้างฉัตร,อำเภอห้างฉัตร,ตำบลเวียงตาล,เวียงตาล,เวียงตาล อำเภอห้างฉัตร ลำปาง 52190 ประเทศไทย
470,Sob Lee Commu.,HII,18.783859,99.519195,ลำปาง,ลำปาง,เมืองปาน,อำเภอ เมืองปาน,ตำบลแจ้ซ้อน,แจ้ซ้อน,แจ้ซ้อน อำเภอ เมืองปาน ลำปาง ประเทศไทย
471,Chae Son,HII,18.816967,99.50007,ลำปาง,ลำปาง,เมืองปาน,อำเภอ เมืองปาน,ตำบลแจ้ซ้อน,แจ้ซ้อน,แจ้ซ้อน อำเภอ เมืองปาน ลำปาง ประเทศไทย
472,Nan 11,HII,17.610167,100.099396,อุตรดิตถ์,อุตรดิตถ์,เมืองอุตรดิตถ์,อำเภอเมืองอุตรดิตถ์,ตำบลท่าอิฐ,ท่าอิฐ,ท่าอิฐ อำเภอเมืองอุตรดิตถ์ อุตรดิตถ์ 53000 ประเทศไทย
473,Khung Taphao,HII,17.625319,100.123665,อุตรดิตถ์,อุตรดิตถ์,เมืองอุตรดิตถ์,อำเภอเมืองอุตรดิตถ์,ตำบลคุ้งตะเภา,คุ้งตะเภา,คุ้งตะเภา อำเภอเมืองอุตรดิตถ์ อุตรดิตถ์ 53000 ประเทศไทย
474,Tron,HII,17.48615,100.10563,อุตรดิตถ์,อุตรดิตถ์,ตรอน,อำเภอตรอน,ตำบลวังแดง,วังแดง,วังแดง อำเภอตรอน อุตรดิตถ์ ประเทศไทย
475,NAN 14,HII,17.418427,100.130745,อุตรดิตถ์,อุตรดิตถ์,ตรอน,อำเภอตรอน,ตำบลหาดสองแคว,หาดสองแคว,หาดสองแคว อำเภอตรอน อุตรดิตถ์ ประเทศไทย
476,Tha Phaek,HII,17.945648,100.63105,อุตรดิตถ์,อุตรดิตถ์,ท่าปลา,อำเภอท่าปลา,ตำบลท่าแฝก,ท่าแฝก,ท่าแฝก อำเภอท่าปลา อุตรดิตถ์ ประเทศไทย
477,Nam Pat,HII,17.725319,100.681404,อุตรดิตถ์,อุตรดิตถ์,น้ำปาด,อำเภอน้ำปาด,ตำบลแสนตอ,แสนตอ,แสนตอ อำเภอน้ำปาด อุตรดิตถ์ 53110 ประเทศไทย
478,Nan 10,HII,17.790916,100.74901,อุตรดิตถ์,อุตรดิตถ์,น้ำปาด,อำเภอน้ำปาด,ตำบลเด่นเหล็ก,เด่นเหล็ก,เด่นเหล็ก อำเภอน้ำปาด อุตรดิตถ์ 53110 ประเทศไทย
479,Huai Mun,HII,17.809143,100.93949,อุตรดิตถ์,อุตรดิตถ์,น้ำปาด,อำเภอน้ำปาด,ตำบลห้วยมุ่น,ห้วยมุ่น,ห้วยมุ่น อำเภอน้ำปาด อุตรดิตถ์ ประเทศไทย
480,Ban Khok,HII,18.021082,101.06479,อุตรดิตถ์,อุตรดิตถ์,บ้านโคก,อำเภอ บ้านโคก,ตำบลบ้านโคก,บ้านโคก,บ้านโคก อำเภอ บ้านโคก อุตรดิตถ์ 53180 ประเทศไทย
481,Nai Mueang,HII,17.295988,100.10073,อุตรดิตถ์,อุตรดิตถ์,พิชัย,อำเภอพิชัย,ตำบลในเมือง,ในเมือง,ในเมือง อำเภอพิชัย อุตรดิตถ์ 53120 ประเทศไทย
482,Nan 4,HII,17.2944,100.082825,อุตรดิตถ์,อุตรดิตถ์,พิชัย,อำเภอพิชัย,ตำบลในเมือง,ในเมือง,ในเมือง อำเภอพิชัย อุตรดิตถ์ 53120 ประเทศไทย
483,Yom-Nan 3,HII,17.292522,100.07767,อุตรดิตถ์,อุตรดิตถ์,พิชัย,อำเภอพิชัย,ตำบลคอรุม,คอรุม,คอรุม อำเภอพิชัย อุตรดิตถ์ ประเทศไทย
484,,HII,17.2926,100.078,อุตรดิตถ์,อุตรดิตถ์,พิชัย,อำเภอพิชัย,ตำบลคอรุม,คอรุม,คอรุม อำเภอพิชัย อุตรดิตถ์ ประเทศไทย
485,Si Phanom Mat,HII,17.654543,100.03583,อุตรดิตถ์,อุตรดิตถ์,ลับแล,อำเภอ ลับแล,ตำบลศรีพนมมาศ,ศรีพนมมาศ,ศรีพนมมาศ อำเภอ ลับแล อุตรดิตถ์ 53130 ประเทศไทย
486,Thong Saen Khan,HII,17.467943,100.33249,อุตรดิตถ์,อุตรดิตถ์,ทองแสนขัน,อำเภอ ทองแสนขัน,ตำบลบ่อทอง,บ่อทอง,บ่อทอง อำเภอ ทองแสนขัน อุตรดิตถ์ 53230 ประเทศไทย
487,Pa Maet,HII,18.144354,100.1216,แพร่,แพร่,เมืองแพร่,อำเภอเมืองแพร่,ตำบลป่าแมต,ป่าแมต,ป่าแมต อำเภอเมืองแพร่ แพร่ 54000 ประเทศไทย
488,Cho Hae,HII,18.088806,100.21212,แพร่,แพร่,เมืองแพร่,อำเภอเมืองแพร่,ตำบลป่าแดง,ป่าแดง,ป่าแดง อำเภอเมืองแพร่ แพร่ 54000 ประเทศไทย
489,Yom 10,HII,18.133717,100.124596,แพร่,แพร่,เมืองแพร่,อำเภอเมืองแพร่,ตำบลป่าแมต,ป่าแมต,ป่าแมต อำเภอเมืองแพร่ แพร่ 54000 ประเทศไทย
490,Rong Kwang,HII,18.358826,100.33391,แพร่,แพร่,ร้องกวาง,อำเภอ ร้องกวาง,ตำบลร้องกวาง,ร้องกวาง,ร้องกวาง อำเภอ ร้องกวาง แพร่ 54140 ประเทศไทย
491,Thung Laeng,HII,17.970493,99.74663,แพร่,แพร่,ลอง,อำเภอลอง,ตำบลทุ่งแล้ง,ทุ่งแล้ง,ทุ่งแล้ง อำเภอลอง แพร่ ประเทศไทย
492,Sung Men,HII,18.062681,100.09528,แพร่,แพร่,สูงเม่น,อำเภอสูงเม่น,ตำบลสูงเม่น,สูงเม่น,สูงเม่น อำเภอสูงเม่น แพร่ 54130 ประเทศไทย
493,Yom 4,HII,18.020828,100.058784,แพร่,แพร่,เด่นชัย,อำเภอเด่นชัย,ตำบลปงป่าหวาย,ปงป่าหวาย,ปงป่าหวาย อำเภอเด่นชัย แพร่ ประเทศไทย
494,Den Chai,HII,17.983648,100.05175,แพร่,แพร่,เด่นชัย,อำเภอเด่นชัย,ตำบลเด่นชัย,เด่นชัย,เด่นชัย อำเภอเด่นชัย แพร่ 54110 ประเทศไทย
495,Haui Rai Communuty,HII,17.885775,100.041595,แพร่,แพร่,เด่นชัย,อำเภอเด่นชัย,ตำบลห้วยไร่,ห้วยไร่,ห้วยไร่ อำเภอเด่นชัย แพร่ 54110 ประเทศไทย
496,Ban Khlang,HII,18.482,100.17754,แพร่,แพร่,สอง,อำเภอสอง,ตำบลบ้านกลาง,บ้านกลาง,บ้านกลาง อำเภอสอง แพร่ 54120 ประเทศไทย
497,Wang Chin,HII,17.879326,99.61927,แพร่,แพร่,วังชิ้น,อำเภอวังชิ้น,ตำบลวังชิ้น,วังชิ้น,วังชิ้น อำเภอวังชิ้น แพร่ 54160 ประเทศไทย
498,Nong Muang Khai,HII,18.264294,100.20008,แพร่,แพร่,หนองม่วงไข่,อำเภอ หนองม่วงไข่,ตำบลหนองม่วงไข่,หนองม่วงไข่,หนองม่วงไข่ อำเภอ หนองม่วงไข่ แพร่ ประเทศไทย
499,Yom 3,HII,18.265924,100.17706,แพร่,แพร่,หนองม่วงไข่,อำเภอ หนองม่วงไข่,ตำบลหนองม่วงไข่,หนองม่วงไข่,หนองม่วงไข่ อำเภอ หนองม่วงไข่ แพร่ ประเทศไทย
500,Nan,HII,18.798994,100.73324,น่าน,น่าน,เมืองน่าน,อำเภอเมืองน่าน,ตำบลไชยสถาน,ไชยสถาน,ไชยสถาน อำเภอเมืองน่าน น่าน 55000 ประเทศไทย
501,Ban Ka Sai,HII,18.864063,100.676285,น่าน,น่าน,เมืองน่าน,อำเภอเมืองน่าน,ตำบลสะเนียน,สะเนียน,สะเนียน อำเภอเมืองน่าน น่าน ประเทศไทย
502,,HII,18.8657,100.676,น่าน,น่าน,เมืองน่าน,อำเภอเมืองน่าน,ตำบลสะเนียน,สะเนียน,สะเนียน อำเภอเมืองน่าน น่าน ประเทศไทย
503,,HII,18.8641,100.641,น่าน,น่าน,เมืองน่าน,อำเภอเมืองน่าน,ตำบลสะเนียน,สะเนียน,สะเนียน อำเภอเมืองน่าน น่าน ประเทศไทย
504,Song Kwae Bridge,HII,18.862501,100.64116,น่าน,น่าน,เมืองน่าน,อำเภอเมืองน่าน,ตำบลสะเนียน,สะเนียน,สะเนียน อำเภอเมืองน่าน น่าน ประเทศไทย
505,Mo Mueang,HII,18.678167,100.99279,น่าน,น่าน,แม่จริม,อำเภอแม่จริม,ตำบลหมอเมือง,หมอเมือง,หมอเมือง อำเภอแม่จริม น่าน 55170 ประเทศไทย
506,Pha Ka Luang,HII,18.852869,100.435036,น่าน,น่าน,บ้านหลวง,อำเภอ บ้านหลวง,ตำบลป่าคาหลวง,ป่าคาหลวง,ป่าคาหลวง อำเภอ บ้านหลวง น่าน 55190 ประเทศไทย
507,Na Noi,HII,18.328138,100.70871,น่าน,น่าน,นาน้อย,อำเภอนาน้อย,ตำบลนาน้อย,นาน้อย,นาน้อย อำเภอนาน้อย น่าน 55150 ประเทศไทย
508,Chai Watthana,HII,19.222479,100.917786,น่าน,น่าน,ปัว,อำเภอ ปัว,ตำบลไชยวัฒนา,ไชยวัฒนา,ไชยวัฒนา อำเภอ ปัว น่าน 55120 ประเทศไทย
509,Pa Kha,HII,19.070436,100.807106,น่าน,น่าน,ท่าวังผา,อำเภอ ท่าวังผา,ตำบลศรีภูมิ,ศรีภูมิ,ศรีภูมิ อำเภอ ท่าวังผา น่าน 55140 ประเทศไทย
510,Nan 1,HII,19.096132,100.80259,น่าน,น่าน,ท่าวังผา,อำเภอ ท่าวังผา,ตำบลท่าวังผา,ริม,ริม อำเภอ ท่าวังผา น่าน 55140 ประเทศไทย
511,Klang Wiang,HII,18.566214,100.73549,น่าน,น่าน,เวียงสา,อำเภอเวียงสา,ตำบลกลางเวียง,กลางเวียง,กลางเวียง อำเภอเวียงสา น่าน 55110 ประเทศไทย
512,Wieng Sa,HII,18.54995,100.76153,น่าน,น่าน,เวียงสา,อำเภอเวียงสา,ตำบลขึ่ง,ขึ่ง,ขึ่ง ตำบล ขึ่ง อำเภอเวียงสา น่าน 55110 ประเทศไทย
513,Nam Muap,HII,18.484186,100.930756,น่าน,น่าน,เวียงสา,อำเภอเวียงสา,ตำบลน้ำมวบ,น้ำมวบ,น้ำมวบ อำเภอเวียงสา น่าน 55110 ประเทศไทย
514,Ai Na Lai,HII,18.553623,100.714745,น่าน,น่าน,เวียงสา,อำเภอเวียงสา,ตำบลอ่ายนาไลย,อ่ายนาไลย,อ่ายนาไลย อำเภอเวียงสา น่าน 55110 ประเทศไทย
515,Thung Chang,HII,19.386702,100.87587,น่าน,น่าน,ทุ่งช้าง,อำเภอ ทุ่งช้าง,ตำบลทุ่งช้าง,ทุ่งช้าง,ทุ่งช้าง อำเภอ ทุ่งช้าง น่าน ประเทศไทย
516,Chiang Klang,HII,19.287544,100.85821,น่าน,น่าน,เชียงกลาง,อำเภอ เชียงกลาง,ตำบลเชียงกลาง,เชียงกลาง,เชียงกลาง อำเภอ เชียงกลาง น่าน 55160 ประเทศไทย
517,Bo Kaeo,HII,18.210493,100.66241,น่าน,น่าน,นาหมื่น,อำเภอ นาหมื่น,ตำบลบ่อแก้ว,บ่อแก้ว,บ่อแก้ว อำเภอ นาหมื่น น่าน ประเทศไทย
518,Du Phong,HII,18.911718,100.94141,น่าน,น่าน,สันติสุข,อำเภอ สันติสุข,ตำบลดู่พงษ์,ดู่พงษ์,ดู่พงษ์ อำเภอ สันติสุข น่าน ประเทศไทย
519,Bo Kluea Tai,HII,19.079876,101.15388,น่าน,น่าน,บ่อเกลือ,อำเภอ บ่อเกลือ,ตำบลบ่อเกลือใต้,บ่อเกลือใต้,บ่อเกลือใต้ อำเภอ บ่อเกลือ น่าน ประเทศไทย
520,Dong Pha Poon Temple Communuty,HII,19.073082,101.19882,น่าน,น่าน,บ่อเกลือ,อำเภอ บ่อเกลือ,ตำบลบ่อเกลือใต้,บ่อเกลือใต้,บ่อเกลือใต้ อำเภอ บ่อเกลือ น่าน ประเทศไทย
521,Na Rai Luang,HII,19.367094,100.700905,น่าน,น่าน,สองแคว,อำเภอ สองแคว,ตำบลนาไร่หลวง,นาไร่หลวง,นาไร่หลวง อำเภอ สองแคว น่าน 55160 ประเทศไทย
522,Nan 2,HII,18.859726,100.817116,น่าน,น่าน,ภูเพียง,อำเภอ ภูเพียง,ตำบลเมืองจัง,เมืองจัง,เมืองจัง ตำบล เมืองจัง อำเภอ ภูเพียง น่าน 55000 ประเทศไทย
523,Nan 3,HII,18.737991,100.75609,น่าน,น่าน,เมืองน่าน,อำเภอเมืองน่าน,ตำบลดู่ใต้,ดู่ใต้,ดู่ใต้ อำเภอเมืองน่าน น่าน 55000 ประเทศไทย
524,Huai Kron,HII,19.595148,101.08575,น่าน,น่าน,เฉลิมพระเกียรติ,อำเภอ เฉลิมพระเกียรติ,ตำบลห้วยโก๋น,ห้วยโก๋น,ห้วยโก๋น อำเภอ เฉลิมพระเกียรติ น่าน 55130 ประเทศไทย
525,Mae Sai,HII,19.132143,99.87647,พะเยา,พะเยา,เมืองพะเยา,อำเภอเมืองพะเยา,ตำบลแม่ใส,แม่ใส,แม่ใส อำเภอเมืองพะเยา พะเยา 56000 ประเทศไทย
526,Kwan Phayao,HII,19.159805,99.91415,พะเยา,พะเยา,เมืองพะเยา,อำเภอเมืองพะเยา,ตำบลเวียง,เวียง,เวียง อำเภอเมืองพะเยา พะเยา 56000 ประเทศไทย
527,,HII,19.3398,99.8161,พะเยา,พะเยา,แม่ใจ,อำเภอ แม่ใจ,ตำบลแม่ใจ,แม่ใจ,แม่ใจ อำเภอ แม่ใจ พะเยา ประเทศไทย
528,Huai Khao Kam,HII,19.350126,100.13949,พะเยา,พะเยา,จุน,อำเภอ จุน,ตำบลห้วยข้าวก่ำ,ห้วยข้าวก่ำ,ห้วยข้าวก่ำ อำเภอ จุน พะเยา 56150 ประเทศไทย
529,Yuan,HII,19.52463,100.30101,พะเยา,พะเยา,เชียงคำ,อำเภอ เชียงคำ,ตำบลหย่วน,หย่วน,หย่วน อำเภอ เชียงคำ พะเยา 56110 ประเทศไทย
530,Chiang Muan,HII,18.893818,100.28784,พะเยา,พะเยา,เชียงม่วน,อำเภอ เชียงม่วน,ตำบลบ้านมาง,บ้านมาง,บ้านมาง อำเภอ เชียงม่วน พะเยา ประเทศไทย
531,Yom 2,HII,18.946238,100.25891,พะเยา,พะเยา,เชียงม่วน,อำเภอ เชียงม่วน,ตำบลสระ,สระ,สระ อำเภอ เชียงม่วน พะเยา ประเทศไทย
532,Pong,HII,19.149967,100.26554,พะเยา,พะเยา,ปง,อำเภอปง,ตำบลปง,ปง,ปง อำเภอปง พะเยา 56140 ประเทศไทย
533,Yom 1,HII,19.148176,100.277504,พะเยา,พะเยา,ปง,อำเภอปง,ตำบลปง,ปง,ปง อำเภอปง พะเยา 56140 ประเทศไทย
534,Mae Chai,HII,19.346138,99.81359,พะเยา,พะเยา,แม่ใจ,อำเภอ แม่ใจ,ตำบลแม่ใจ,แม่ใจ,แม่ใจ อำเภอ แม่ใจ พะเยา ประเทศไทย
535,Mae Ing,HII,19.224983,99.99362,พะเยา,พะเยา,ภูกามยาว,อำเภอ ภูกามยาว,ตำบลแม่อิง,แม่อิง,แม่อิง ตำบล แม่อิง อำเภอ ภูกามยาว พะเยา ประเทศไทย
536,Rop Wiang,HII,19.915014,99.87799,เชียงราย,เชียงราย,เมืองเชียงราย,อำเภอเมืองเชียงราย,ตำบลรอบเวียง,รอบเวียง,รอบเวียง อำเภอเมืองเชียงราย เชียงราย ประเทศไทย
537,Chaing Rai 1,HII,19.826336,99.778946,เชียงราย,เชียงราย,เมืองเชียงราย,อำเภอเมืองเชียงราย,ตำบลป่าอ้อดอนชัย,ป่าอ้อดอนชัย,ป่าอ้อดอนชัย อำเภอเมืองเชียงราย เชียงราย ประเทศไทย
538,Siri Wiang Chai,HII,19.867525,99.890076,เชียงราย,เชียงราย,เวียงชัย,อำเภอ เวียงชัย,ตำบลเวียงชัย,เวียงชัย,เวียงชัย อำเภอ เวียงชัย เชียงราย ประเทศไทย
539,Wiang,HII,20.257412,100.402885,เชียงราย,เชียงราย,เชียงของ,อำเภอ เชียงของ,ตำบลเวียง,เวียง,เวียง อำเภอ เชียงของ เชียงราย 57140 ประเทศไทย
540,Muang Chum Communuty,HII,20.101133,100.40399,เชียงราย,เชียงราย,เชียงของ,อำเภอ เชียงของ,ตำบลครึ่ง,ครึ่ง,ครึ่ง อำเภอ เชียงของ เชียงราย 57140 ประเทศไทย
541,Wiang Terng,HII,19.687405,100.18997,เชียงราย,เชียงราย,เทิง,อำเภอ เทิง,ตำบลเวียง,เวียง,เวียง อำเภอ เทิง เชียงราย ประเทศไทย
542,Chaing Rai 2,HII,19.688295,100.18755,เชียงราย,เชียงราย,เทิง,อำเภอ เทิง,ตำบลเวียง,เวียง,เวียง อำเภอ เทิง เชียงราย ประเทศไทย
543,Mueang Phan,HII,19.561462,99.74114,เชียงราย,เชียงราย,พาน,อำเภอ พาน,ตำบลเมืองพาน,เมืองพาน,เมืองพาน อำเภอ พาน เชียงราย 57120 ประเทศไทย
544,Pa Daet,HII,19.495993,99.995285,เชียงราย,เชียงราย,ป่าแดด,อำเภอ ป่าแดด,ตำบลป่าแดด,ป่าแดด,ป่าแดด อำเภอ ป่าแดด เชียงราย 57190 ประเทศไทย
545,Chaing Rai 3,HII,20.157526,99.85968,เชียงราย,เชียงราย,แม่จัน,อำเภอแม่จัน,ตำบลแม่จัน,แม่จัน,แม่จัน อำเภอแม่จัน เชียงราย ประเทศไทย
546,Mae Chan,HII,20.139277,99.85799,เชียงราย,เชียงราย,แม่จัน,อำเภอแม่จัน,ตำบลแม่จัน,แม่จัน,แม่จัน อำเภอแม่จัน เชียงราย ประเทศไทย
547,Chaing Rai 5,HII,20.219673,100.12119,เชียงราย,เชียงราย,ดอยหลวง,อำเภอ ดอยหลวง,ตำบลหนองป่าก่อ,หนองป่าก่อ,หนองป่าก่อ อำเภอ ดอยหลวง เชียงราย 57110 ประเทศไทย
548,Yonok,HII,20.240082,100.06738,เชียงราย,เชียงราย,เชียงแสน,อำเภอ เชียงแสน,ตำบลโยนก,โยนก,โยนก อำเภอ เชียงแสน เชียงราย 57150 ประเทศไทย
549,Wiang Phang Kham,HII,20.403551,99.88573,เชียงราย,เชียงราย,แม่สาย,อำเภอแม่สาย,ตำบลเวียงพางคำ,เวียงพางคำ,เวียงพางคำ อำเภอแม่สาย เชียงราย ประเทศไทย
550,Chaing Rai 4,HII,19.652618,99.53791,เชียงราย,เชียงราย,แม่สรวย,อำเภอแม่สรวย,ตำบลแม่สรวย,แม่สรวย,แม่สรวย อำเภอแม่สรวย เชียงราย 57180 ประเทศไทย
551,Mae Suai,HII,19.651863,99.53885,เชียงราย,เชียงราย,แม่สรวย,อำเภอแม่สรวย,ตำบลแม่สรวย,แม่สรวย,แม่สรวย อำเภอแม่สรวย เชียงราย 57180 ประเทศไทย
552,Wiang Pa Pao,HII,19.363098,99.50249,เชียงราย,เชียงราย,เวียงป่าเป้า,อำเภอเวียงป่าเป้า,ตำบลเวียง,เวียง,เวียง อำเภอเวียงป่าเป้า เชียงราย 57170 ประเทศไทย
553,Communuty Mae Lao Communuty,HII,19.128757,99.439926,เชียงราย,เชียงราย,เวียงป่าเป้า,อำเภอเวียงป่าเป้า,ตำบลแม่เจดีย์ใหม่,แม่เจดีย์ใหม่,แม่เจดีย์ใหม่ อำเภอเวียงป่าเป้า เชียงราย 57260 ประเทศไทย
554,Phaya Mengrai,HII,19.839249,100.16924,เชียงราย,เชียงราย,พญาเม็งราย,อำเภอ พญาเม็งราย,ตำบลเม็งราย,เม็งราย,เม็งราย อำเภอ พญาเม็งราย เชียงราย 57290 ประเทศไทย
555,Lai Ngao,HII,20.105917,100.50034,เชียงราย,เชียงราย,เวียงแก่น,อำเภอ เวียงแก่น,ตำบลหล่ายงาว,หล่ายงาว,หล่ายงาว อำเภอ เวียงแก่น เชียงราย 57310 ประเทศไทย
556,Yang Hom,HII,19.922297,100.30563,เชียงราย,เชียงราย,ขุนตาล,อำเภอ ขุนตาล,ตำบลยางฮอม,ยางฮอม,ยางฮอม อำเภอ ขุนตาล เชียงราย ประเทศไทย
557,Ban Thoet Thai,HII,20.243357,99.66338,เชียงราย,เชียงราย,แม่ฟ้าหลวง,อำเภอ แม่ฟ้าหลวง,ตำบลเทอดไทย,เทอดไทย,เทอดไทย อำเภอ แม่ฟ้าหลวง เชียงราย ประเทศไทย
558,Dong Mada,HII,19.747206,99.68351,เชียงราย,เชียงราย,แม่ลาว,อำเภอแม่ลาว,ตำบลดงมะดะ,ดงมะดะ,ดงมะดะ อำเภอแม่ลาว เชียงราย 57250 ประเทศไทย
559,Pang Mu,HII,19.333818,97.96569,แม่ฮ่องสอน,แม่ฮ่องสอน,เมืองแม่ฮ่องสอน,อำเภอเมืองแม่ฮ่องสอน,ตำบลปางหมู,ปางหมู,ปางหมู อำเภอเมืองแม่ฮ่องสอน แม่ฮ่องสอน 58000 ประเทศไทย
560,Pai 1,HII,19.367018,97.96668,แม่ฮ่องสอน,แม่ฮ่องสอน,เมืองแม่ฮ่องสอน,อำเภอเมืองแม่ฮ่องสอน,ตำบลปางหมู,ปางหมู,ปางหมู อำเภอเมืองแม่ฮ่องสอน แม่ฮ่องสอน 58000 ประเทศไทย
561,Khun Yuam,HII,18.83068,97.93514,แม่ฮ่องสอน,แม่ฮ่องสอน,ขุนยวม,อำเภอขุนยวม,ตำบลขุนยวม,ขุนยวม,ขุนยวม อำเภอขุนยวม แม่ฮ่องสอน 58140 ประเทศไทย
562,Santichon,HII,19.370138,98.39306,แม่ฮ่องสอน,แม่ฮ่องสอน,ปาย,อำเภอปาย,ตำบลเวียงใต้,เวียงใต้,เวียงใต้ อำเภอปาย แม่ฮ่องสอน 58130 ประเทศไทย
563,Pai 2,HII,19.373863,98.43969,แม่ฮ่องสอน,แม่ฮ่องสอน,ปาย,อำเภอปาย,ตำบลเวียงใต้,เวียงเหนือ,เวียงเหนือ อำเภอปาย แม่ฮ่องสอน 58130 ประเทศไทย
564,Mae Khong,HII,18.160877,97.91761,แม่ฮ่องสอน,แม่ฮ่องสอน,แม่สะเรียง,อำเภอแม่สะเรียง,ตำบลแม่คง,แม่คง,แม่คง อำเภอแม่สะเรียง แม่ฮ่องสอน 58110 ประเทศไทย
565,,HII,17.96,97.93,แม่ฮ่องสอน,แม่ฮ่องสอน,สบเมย,อำเภอสบเมย,ตำบลสบเมย,สบเมย,สบเมย อำเภอสบเมย แม่ฮ่องสอน 58110 ประเทศไทย
566,Mae Suat,HII,17.963194,97.93169,แม่ฮ่องสอน,แม่ฮ่องสอน,สบเมย,อำเภอสบเมย,ตำบลแม่สวด,แม่สวด,แม่สวด ตำบล แม่สวด อำเภอสบเมย แม่ฮ่องสอน 58110 ประเทศไทย
567,Pang Mapha,HII,19.590637,98.215034,แม่ฮ่องสอน,แม่ฮ่องสอน,ปางมะผ้า,อำเภอปางมะผ้า,ตำบลปางมะผ้า,ปางมะผ้า,ปางมะผ้า อำเภอปางมะผ้า แม่ฮ่องสอน 58150 ประเทศไทย
568,Chao Phraya 1,HII,15.6885,100.12388,นครสวรรค์,นครสวรรค์,เมืองนครสวรรค์,อำเภอเมืองนครสวรรค์,ตำบลปากน้ำโพ,ปากน้ำโพ,ปากน้ำโพ อำเภอเมืองนครสวรรค์ นครสวรรค์ 60000 ประเทศไทย
569,Nakhon Sawan Rim Nam,HII,15.69863,100.13689,นครสวรรค์,นครสวรรค์,เมืองนครสวรรค์,อำเภอเมืองนครสวรรค์,ตำบลปากน้ำโพ,ปากน้ำโพ,ปากน้ำโพ อำเภอเมืองนครสวรรค์ นครสวรรค์ 60000 ประเทศไทย
571,Krok Phra,HII,15.55314,100.0709,นครสวรรค์,นครสวรรค์,โกรกพระ,อำเภอโกรกพระ,ตำบลโกรกพระ,โกรกพระ,โกรกพระ อำเภอโกรกพระ นครสวรรค์ ประเทศไทย
572,Phikun,HII,15.89841,100.30778,นครสวรรค์,นครสวรรค์,ชุมแสง,อำเภอ ชุมแสง,ตำบลพิกุล,พิกุล,พิกุล อำเภอ ชุมแสง นครสวรรค์ 60120 ประเทศไทย
573,Nan 8,HII,15.86922,100.26483,นครสวรรค์,นครสวรรค์,ชุมแสง,อำเภอ ชุมแสง,ตำบลเกยไชย,เกยไชย,เกยไชย อำเภอ ชุมแสง นครสวรรค์ ประเทศไทย
574,Nong Bua,HII,15.87072,100.59732,นครสวรรค์,นครสวรรค์,หนองบัว,อำเภอ หนองบัว,ตำบลหนองกลับ,หนองกลับ,หนองกลับ อำเภอ หนองบัว นครสวรรค์ ประเทศไทย
575,Bang Ta Ngai,HII,15.93716,99.99172,นครสวรรค์,นครสวรรค์,บรรพตพิสัย,อำเภอบรรพตพิสัย,ตำบลบางตาหงาย,บางตาหงาย,บางตาหงาย อำเภอบรรพตพิสัย นครสวรรค์ ประเทศไทย
576,Kao Liao,HII,15.86026,100.09176,นครสวรรค์,นครสวรรค์,เก้าเลี้ยว,อำเภอเก้าเลี้ยว,ตำบลเก้าเลี้ยว,เก้าเลี้ยว,เก้าเลี้ยว อำเภอเก้าเลี้ยว นครสวรรค์ 60230 ประเทศไทย
577,Ping 5,HII,15.85055,100.05208,นครสวรรค์,นครสวรรค์,เก้าเลี้ยว,อำเภอเก้าเลี้ยว,ตำบลเขาดิน,เขาดิน,เขาดิน อำเภอเก้าเลี้ยว นครสวรรค์ ประเทศไทย
578,Takli,HII,15.29122,100.38291,นครสวรรค์,นครสวรรค์,ตาคลี,อำเภอตาคลี,ตำบลตาคลี,ตาคลี,ตาคลี อำเภอตาคลี นครสวรรค์ ประเทศไทย
581,Tha Tako,HII,15.63245,100.4748,นครสวรรค์,นครสวรรค์,ท่าตะโก,อำเภอ ท่าตะโก,ตำบลท่าตะโก,ท่าตะโก,ท่าตะโก อำเภอ ท่าตะโก นครสวรรค์ 60160 ประเทศไทย
582,Phaisali,HII,15.6001,100.65719,นครสวรรค์,นครสวรรค์,ไพศาลี,อำเภอ ไพศาลี,ตำบลไพศาลี,ไพศาลี,ไพศาลี อำเภอ ไพศาลี นครสวรรค์ 60220 ประเทศไทย
583,Khao Thong,HII,15.57074,100.18325,นครสวรรค์,นครสวรรค์,พยุหะคีรี,อำเภอพยุหะคีรี,ตำบลเขาทอง,เขาทอง,เขาทอง อำเภอพยุหะคีรี นครสวรรค์ 60130 ประเทศไทย
584,Chao Phraya 2,HII,15.42658,100.1347,นครสวรรค์,นครสวรรค์,พยุหะคีรี,อำเภอพยุหะคีรี,ตำบลน้ำทรง,น้ำทรง,น้ำทรง อำเภอพยุหะคีรี นครสวรรค์ ประเทศไทย
585,Lat Yao,HII,15.762861,99.74133,นครสวรรค์,นครสวรรค์,ลาดยาว,อำเภอลาดยาว,ตำบลลาดยาว,ลาดยาว,ลาดยาว อำเภอลาดยาว นครสวรรค์ 60150 ประเทศไทย
586,Sakae Krang 6,HII,15.785857,99.67847,นครสวรรค์,นครสวรรค์,ลาดยาว,อำเภอลาดยาว,ตำบลศาลเจ้าไก่ต่อ,ศาลเจ้าไก่ต่อ,ศาลเจ้าไก่ต่อ อำเภอลาดยาว นครสวรรค์ 60150 ประเทศไทย
587,Sakae Krang 7,HII,15.78322,99.65322,นครสวรรค์,นครสวรรค์,ลาดยาว,อำเภอลาดยาว,ตำบลศาลเจ้าไก่ต่อ,ศาลเจ้าไก่ต่อ,ศาลเจ้าไก่ต่อ อำเภอลาดยาว นครสวรรค์ 60150 ประเทศไทย
588,Tak Fa,HII,15.29646,100.50282,นครสวรรค์,นครสวรรค์,ตากฟ้า,อำเภอ ตากฟ้า,ตำบลตากฟ้า,ตากฟ้า,ตากฟ้า อำเภอ ตากฟ้า นครสวรรค์ ประเทศไทย
589,Mae Wong,HII,15.78103,99.54591,นครสวรรค์,นครสวรรค์,แม่วงก์,อำเภอแม่วงก์,ตำบลแม่วงก์,แม่วงก์,แม่วงก์ อำเภอแม่วงก์ นครสวรรค์ 60150 ประเทศไทย
590,,HII,15.781,99.5463,นครสวรรค์,นครสวรรค์,แม่วงก์,อำเภอแม่วงก์,ตำบลแม่วงก์,แม่วงก์,แม่วงก์ อำเภอแม่วงก์ นครสวรรค์ 60150 ประเทศไทย
591,,HII,15.8259,99.4183,นครสวรรค์,นครสวรรค์,แม่วงก์,อำเภอแม่วงก์,ตำบลแม่เล่ย์,แม่เล่ย์,แม่เล่ย์ ตำบล แม่เล่ย์ อำเภอแม่วงก์ นครสวรรค์ 60150 ประเทศไทย
592,Sakae Krang 4,HII,15.84178,99.41806,นครสวรรค์,นครสวรรค์,แม่วงก์,อำเภอแม่วงก์,ตำบลแม่เล่ย์,แม่เล่ย์,แม่เล่ย์ ตำบล แม่เล่ย์ อำเภอแม่วงก์ นครสวรรค์ 60150 ประเทศไทย
593,Sakae Krang 8,HII,15.91248,99.32744,นครสวรรค์,นครสวรรค์,แม่วงก์,อำเภอแม่วงก์,ตำบลแม่เล่ย์,แม่เล่ย์,แม่เล่ย์ ตำบล แม่เล่ย์ อำเภอแม่วงก์ นครสวรรค์ 60150 ประเทศไทย
594,,HII,15.8259,99.4183,นครสวรรค์,นครสวรรค์,แม่วงก์,อำเภอแม่วงก์,ตำบลแม่เล่ย์,แม่เล่ย์,แม่เล่ย์ ตำบล แม่เล่ย์ อำเภอแม่วงก์ นครสวรรค์ 60150 ประเทศไทย
595,Sakae Krang 2,HII,15.37083,100.04418,อุทัยธานี,อุทัยธานี,เมืองอุทัยธานี,อำเภอเมืองอุทัยธานี,ตำบลอุทัยใหม่,อุทัยใหม่,อุทัยใหม่ อำเภอเมืองอุทัยธานี อุทัยธานี 61000 ประเทศไทย
596,Sakae Krang,HII,15.39912,100.03507,อุทัยธานี,อุทัยธานี,เมืองอุทัยธานี,อำเภอเมืองอุทัยธานี,ตำบลสะแกกรัง,สะแกกรัง,สะแกกรัง อำเภอเมืองอุทัยธานี อุทัยธานี 61000 ประเทศไทย
597,Thap Than,HII,15.45765,99.89482,อุทัยธานี,อุทัยธานี,ทัพทัน,อำเภอ ทัพทัน,ตำบลทัพทัน,ทัพทัน,ทัพทัน อำเภอ ทัพทัน อุทัยธานี ประเทศไทย
598,Sakae Krang 1,HII,15.585638,99.866104,อุทัยธานี,อุทัยธานี,สว่างอารมณ์,อำเภอ สว่างอารมณ์,ตำบลหนองหลวง,หนองหลวง,หนองหลวง ตำบล หนองหลวง อำเภอ สว่างอารมณ์ อุทัยธานี ประเทศไทย
599,Sawang Arom,HII,15.58525,99.86537,อุทัยธานี,อุทัยธานี,สว่างอารมณ์,อำเภอ สว่างอารมณ์,ตำบลสว่างอารมณ์,สว่างอารมณ์,สว่างอารมณ์ อำเภอ สว่างอารมณ์ อุทัยธานี 61150 ประเทศไทย
600,Nong Chang,HII,15.38897,99.84503,อุทัยธานี,อุทัยธานี,หนองฉาง,อำเภอ หนองฉาง,ตำบลหนองฉาง,หนองฉาง,หนองฉาง อำเภอ หนองฉาง อุทัยธานี ประเทศไทย
601,,HII,15.37,99.94,อุทัยธานี,อุทัยธานี,หนองขาหย่าง,อำเภอ หนองขาหย่าง,ตำบลหนองขาหย่าง,หนองขาหย่าง,หนองขาหย่าง อำเภอ หนองขาหย่าง อุทัยธานี 61130 ประเทศไทย
602,Nong Khayang,HII,15.36227,99.93851,อุทัยธานี,อุทัยธานี,หนองขาหย่าง,อำเภอ หนองขาหย่าง,ตำบลหนองขาหย่าง,หนองขาหย่าง,หนองขาหย่าง อำเภอ หนองขาหย่าง อุทัยธานี 61130 ประเทศไทย
603,Ban Rai,HII,15.08282,99.51922,อุทัยธานี,อุทัยธานี,บ้านไร่,อำเภอบ้านไร่,ตำบลบ้านไร่,บ้านไร่,บ้านไร่ อำเภอบ้านไร่ อุทัยธานี ประเทศไทย
604,Lan Sak,HII,15.4728,99.53968,อุทัยธานี,อุทัยธานี,ลานสัก,อำเภอลานสัก,ตำบลลานสัก,ลานสัก,ลานสัก อำเภอลานสัก อุทัยธานี 61160 ประเทศไทย
605,,HII,15.47,99.53,อุทัยธานี,อุทัยธานี,ลานสัก,อำเภอลานสัก,ตำบลลานสัก,ลานสัก,ลานสัก อำเภอลานสัก อุทัยธานี 61160 ประเทศไทย
606,Huai Kot,HII,15.30366,99.60972,อุทัยธานี,อุทัยธานี,ห้วยคต,อำเภอ ห้วยคต,ตำบลห้วยคต,ห้วยคต,ห้วยคต อำเภอ ห้วยคต อุทัยธานี ประเทศไทย
607,Kamphaeng Phet,HII,16.41081,99.52196,กำแพงเพชร,กำแพงเพชร,เมืองกำแพงเพชร,อำเภอเมืองกำแพงเพชร,ตำบลอ่างทอง,อ่างทอง,อ่างทอง อำเภอเมืองกำแพงเพชร กำแพงเพชร ประเทศไทย
608,Nong Ping Kai Communuty,HII,16.43481,99.36734,กำแพงเพชร,กำแพงเพชร,เมืองกำแพงเพชร,อำเภอเมืองกำแพงเพชร,ตำบลนาบ่อคำ,นาบ่อคำ,นาบ่อคำ ตำบล นาบ่อคำ อำเภอเมืองกำแพงเพชร กำแพงเพชร ประเทศไทย
609,Mueang Kamphaeng Phet (P7A),HII,16.47812,99.5186,กำแพงเพชร,กำแพงเพชร,เมืองกำแพงเพชร,อำเภอเมืองกำแพงเพชร,ตำบลในเมือง,ในเมือง,ในเมือง อำเภอเมืองกำแพงเพชร กำแพงเพชร 62000 ประเทศไทย
610,Ping 3,HII,16.62822,99.43256,กำแพงเพชร,กำแพงเพชร,เมืองกำแพงเพชร,อำเภอเมืองกำแพงเพชร,ตำบลลานดอกไม้,ลานดอกไม้,ลานดอกไม้ อำเภอเมืองกำแพงเพชร กำแพงเพชร ประเทศไทย
611,Tor Thong Daeng1,HII,16.4971,99.51961,กำแพงเพชร,กำแพงเพชร,เมืองกำแพงเพชร,อำเภอเมืองกำแพงเพชร,ตำบลสระแก้ว,สระแก้ว,สระแก้ว ตำบล สระแก้ว อำเภอเมืองกำแพงเพชร กำแพงเพชร ประเทศไทย
612,,HII,16.4971,99.5195,กำแพงเพชร,กำแพงเพชร,เมืองกำแพงเพชร,อำเภอเมืองกำแพงเพชร,ตำบลสระแก้ว,สระแก้ว,สระแก้ว ตำบล สระแก้ว อำเภอเมืองกำแพงเพชร กำแพงเพชร ประเทศไทย
613,Nong Mai Kong,HII,16.43569,99.94511,กำแพงเพชร,กำแพงเพชร,ไทรงาม,อำเภอ ไทรงาม,ตำบลหนองไม้กอง,หนองไม้กอง,หนองไม้กอง อำเภอ ไทรงาม กำแพงเพชร ประเทศไทย
614,Khlong Lan Phatthana,HII,16.12255,99.32931,กำแพงเพชร,กำแพงเพชร,คลองลาน,อำเภอคลองลาน,ตำบลคลองลานพัฒนา,คลองลานพัฒนา,คลองลานพัฒนา อำเภอคลองลาน กำแพงเพชร ประเทศไทย
615,Khanu Woralaksaburi,HII,16.073233,99.8566,กำแพงเพชร,กำแพงเพชร,ขาณุวรลักษบุรี,อำเภอขาณุวรลักษบุรี,ตำบลป่าพุทรา,ป่าพุทรา,ป่าพุทรา อำเภอขาณุวรลักษบุรี กำแพงเพชร ประเทศไทย
616,Ping 4,HII,16.06475,99.8603,กำแพงเพชร,กำแพงเพชร,ขาณุวรลักษบุรี,อำเภอขาณุวรลักษบุรี,ตำบลป่าพุทรา,ป่าพุทรา,ป่าพุทรา อำเภอขาณุวรลักษบุรี กำแพงเพชร ประเทศไทย
617,Sa Lok Bat,HII,15.979,99.82458,กำแพงเพชร,กำแพงเพชร,ขาณุวรลักษบุรี,อำเภอขาณุวรลักษบุรี,ตำบลสลกบาตร,สลกบาตร,สลกบาตร อำเภอขาณุวรลักษบุรี กำแพงเพชร ประเทศไทย
618,Maewong Bridge,HII,15.90182,99.47045,นครสวรรค์,นครสวรรค์,แม่วงก์,อำเภอแม่วงก์,ตำบลเขาชนกัน,เขาชนกัน,เขาชนกัน อำเภอแม่วงก์ นครสวรรค์ ประเทศไทย
619,Ton num Bridge,HII,15.91458,99.41935,นครสวรรค์,นครสวรรค์,แม่วงก์,อำเภอแม่วงก์,ตำบลแม่เล่ย์,แม่เล่ย์,แม่เล่ย์ ตำบล แม่เล่ย์ อำเภอแม่วงก์ นครสวรรค์ 60150 ประเทศไทย
620,Khlong Khlung,HII,16.20865,99.70895,กำแพงเพชร,กำแพงเพชร,คลองขลุง,อำเภอคลองขลุง,ตำบลคลองขลุง,คลองขลุง,คลองขลุง อำเภอคลองขลุง กำแพงเพชร ประเทศไทย
621,Phran Kratai,HII,16.65371,99.57578,กำแพงเพชร,กำแพงเพชร,พรานกระต่าย,อำเภอพรานกระต่าย,ตำบลพรานกระต่าย,พรานกระต่าย,พรานกระต่าย อำเภอพรานกระต่าย กำแพงเพชร 62110 ประเทศไทย
622,Lan Krabue,HII,16.6181,99.88005,กำแพงเพชร,กำแพงเพชร,ลานกระบือ,อำเภอ ลานกระบือ,ตำบลลานกระบือ,ลานกระบือ,ลานกระบือ อำเภอ ลานกระบือ กำแพงเพชร 62170 ประเทศไทย
623,Thung Sai,HII,16.29507,99.80898,กำแพงเพชร,กำแพงเพชร,ทรายทองวัฒนา,อำเภอ ทรายทองวัฒนา,ตำบลทุ่งทราย,ทุ่งทราย,ทุ่งทราย อำเภอ ทรายทองวัฒนา กำแพงเพชร ประเทศไทย
624,Pho Thong,HII,16.121,99.52569,กำแพงเพชร,กำแพงเพชร,ปางศิลาทอง,อำเภอ ปางศิลาทอง,ตำบลโพธิ์ทอง,โพธิ์ทอง,โพธิ์ทอง อำเภอ ปางศิลาทอง กำแพงเพชร ประเทศไทย
625,Tak Province,HII,16.877806,99.13964,ตาก,ตาก,เมืองตาก,อำเภอเมืองตาก,ตำบลน้ำรึม,น้ำรึม,น้ำรึม อำเภอเมืองตาก ตาก 63000 ประเทศไทย
626,Pongdaeng Commu.,HII,17.061098,99.27056,ตาก,ตาก,เมืองตาก,อำเภอเมืองตาก,ตำบลโป่งแดง,โป่งแดง,โป่งแดง อำเภอเมืองตาก ตาก ประเทศไทย
627,Tak Ok,HII,17.060345,99.064995,ตาก,ตาก,บ้านตาก,อำเภอบ้านตาก,ตำบลตากออก,ตากออก,ตากออก อำเภอบ้านตาก ตาก 63120 ประเทศไทย
628,Ping 1,HII,17.040663,99.06628,ตาก,ตาก,บ้านตาก,อำเภอบ้านตาก,ตำบลตากตก,ตากตก,ตากตก อำเภอบ้านตาก ตาก 63120 ประเทศไทย
629,Sam Ngao,HII,17.224915,99.051125,ตาก,ตาก,สามเงา,อำเภอสามเงา,ตำบลสามเงา,สามเงา,สามเงา อำเภอสามเงา ตาก 63130 ประเทศไทย
630,Wang 1,HII,17.260607,99.078,ตาก,ตาก,สามเงา,อำเภอสามเงา,ตำบลวังจันทร์,วังจันทร์,วังจันทร์ อำเภอสามเงา ตาก 63130 ประเทศไทย
631,Mae Ramat,HII,16.989882,98.51828,ตาก,ตาก,แม่ระมาด,อำเภอแม่ระมาด,ตำบลแม่ระมาด,แม่ระมาด,แม่ระมาด อำเภอแม่ระมาด ตาก ประเทศไทย
632,Mae Omki,HII,17.753983,97.96272,ตาก,ตาก,ท่าสองยาง,อำเภอท่าสองยาง,ตำบลแม่วะหลวง,แม่วะหลวง,แม่วะหลวง อำเภอท่าสองยาง ตาก 63150 ประเทศไทย
633,Wat Wang Takhian,HII,16.7116,98.50681,ตาก,ตาก,แม่สอด,อำเภอแม่สอด,ตำบลท่าสายลวด,ท่าสายลวด,ท่าสายลวด ตำบล ท่าสายลวด อำเภอแม่สอด ตาก ประเทศไทย
634,Huai Pla Lod,HII,16.7861,98.8924,ตาก,ตาก,แม่สอด,อำเภอแม่สอด,ตำบลด่านแม่ละเมา,ด่านแม่ละเมา,ด่านแม่ละเมา อำเภอแม่สอด ตาก 63110 ประเทศไทย
635,Huai Pla Lot Communuty,HII,16.78375,98.89489,ตาก,ตาก,แม่สอด,อำเภอแม่สอด,ตำบลด่านแม่ละเมา,ด่านแม่ละเมา,ด่านแม่ละเมา อำเภอแม่สอด ตาก 63110 ประเทศไทย
636,Phop Phra,HII,16.416422,98.68708,ตาก,ตาก,พบพระ,อำเภอ พบพระ,ตำบลพบพระ,พบพระ,พบพระ อำเภอ พบพระ ตาก 63160 ประเทศไทย
637,Umphang,HII,16.017748,98.86514,ตาก,ตาก,อุ้มผาง,อำเภออุ้มผาง,ตำบลอุ้มผาง,อุ้มผาง,อุ้มผาง อำเภออุ้มผาง ตาก 63170 ประเทศไทย
638,Ping 2,HII,16.78656,99.18403,ตาก,ตาก,วังเจ้า,อำเภอวังเจ้า,ตำบลประดาง,ประดาง,ประดาง อำเภอวังเจ้า ตาก 63000 ประเทศไทย
639,Pak Khwae,HII,17.01401,99.81419,สุโขทัย,สุโขทัย,เมืองสุโขทัย,อำเภอเมืองสุโขทัย,ตำบลปากแคว,ปากแคว,ปากแคว อำเภอเมืองสุโขทัย สุโขทัย ประเทศไทย
640,Yom 12,HII,17.02126,99.81971,สุโขทัย,สุโขทัย,เมืองสุโขทัย,อำเภอเมืองสุโขทัย,ตำบลปากแคว,ปากแคว,ปากแคว อำเภอเมืองสุโขทัย สุโขทัย ประเทศไทย
641,Lan Hoi,HII,17.00857,99.58297,สุโขทัย,สุโขทัย,บ้านด่านลานหอย,อำเภอ บ้านด่านลานหอย,ตำบลลานหอย,ลานหอย,ลานหอย อำเภอ บ้านด่านลานหอย สุโขทัย ประเทศไทย
642,Tanot,HII,16.83368,99.80276,สุโขทัย,สุโขทัย,คีรีมาศ,อำเภอ คีรีมาศ,ตำบลโตนด,โตนด,โตนด อำเภอ คีรีมาศ สุโขทัย 64160 ประเทศไทย
643,,HII,16.8256,99.8127,สุโขทัย,สุโขทัย,คีรีมาศ,อำเภอ คีรีมาศ,ตำบลโตนด,โตนด,โตนด อำเภอ คีรีมาศ สุโขทัย 64160 ประเทศไทย
644,Tor Thong Daeng 2,HII,16.825162,99.812928,สุโขทัย,สุโขทัย,คีรีมาศ,อำเภอ คีรีมาศ,ตำบลโตนด,โตนด,โตนด อำเภอ คีรีมาศ สุโขทัย 64160 ประเทศไทย
645,Yom 7,HII,16.92741,99.95934,สุโขทัย,สุโขทัย,กงไกรลาศ,อำเภอ กงไกรลาศ,ตำบลกง,กง,กง อำเภอ กงไกรลาศ สุโขทัย 64170 ประเทศไทย
646,Kong Krailat,HII,16.931343,99.96304,สุโขทัย,สุโขทัย,กงไกรลาศ,อำเภอ กงไกรลาศ,ตำบลกง,กง,กง อำเภอ กงไกรลาศ สุโขทัย 64170 ประเทศไทย
647,Yom 5,HII,17.51711,99.75878,สุโขทัย,สุโขทัย,ศรีสัชนาลัย,อำเภอศรีสัชนาลัย,ตำบลหาดเสี้ยว,หาดเสี้ยว,หาดเสี้ยว อำเภอศรีสัชนาลัย สุโขทัย 64130 ประเทศไทย
648,Hat Siao,HII,17.524899,99.76511,สุโขทัย,สุโขทัย,ศรีสัชนาลัย,อำเภอศรีสัชนาลัย,ตำบลหาดเสี้ยว,หาดเสี้ยว,หาดเสี้ยว อำเภอศรีสัชนาลัย สุโขทัย 64130 ประเทศไทย
649,Si Samrong,HII,17.1682,99.87268,สุโขทัย,สุโขทัย,ศรีสำโรง,อำเภอ ศรีสำโรง,ตำบลคลองตาล,คลองตาล,คลองตาล อำเภอ ศรีสำโรง สุโขทัย 64120 ประเทศไทย
650,Sawamkhalok,HII,17.31679,99.82515,สุโขทัย,สุโขทัย,สวรรคโลก,อำเภอ สวรรคโลก,ตำบลเมืองสวรรคโลก,เมืองสวรรคโลก,เมืองสวรรคโลก อำเภอ สวรรคโลก สุโขทัย 64110 ประเทศไทย
651,,HII,17.3662,99.8437,สุโขทัย,สุโขทัย,สวรรคโลก,อำเภอ สวรรคโลก,ตำบลป่ากุมเกาะ,ป่ากุมเกาะ,ป่ากุมเกาะ อำเภอ สวรรคโลก สุโขทัย 64110 ประเทศไทย
652,Yom-Nan1,HII,17.36623,99.84369,สุโขทัย,สุโขทัย,สวรรคโลก,อำเภอ สวรรคโลก,ตำบลป่ากุมเกาะ,ป่ากุมเกาะ,ป่ากุมเกาะ อำเภอ สวรรคโลก สุโขทัย 64110 ประเทศไทย
653,Yom 6,HII,17.20189,99.86388,สุโขทัย,สุโขทัย,สวรรคโลก,อำเภอ สวรรคโลก,ตำบลเมืองบางยม,เมืองบางยม,เมืองบางยม อำเภอ สวรรคโลก สุโขทัย ประเทศไทย
654,Si Nakhon,HII,17.35507,99.99222,สุโขทัย,สุโขทัย,ศรีนคร,อำเภอ ศรีนคร,ตำบลศรีนคร,ศรีนคร,ศรีนคร อำเภอ ศรีนคร สุโขทัย ประเทศไทย
655,Thung Saliam,HII,17.32376,99.56751,สุโขทัย,สุโขทัย,ทุ่งเสลี่ยม,อำเภอ ทุ่งเสลี่ยม,ตำบลทุ่งเสลี่ยม,ทุ่งเสลี่ยม,ทุ่งเสลี่ยม อำเภอ ทุ่งเสลี่ยม สุโขทัย 64150 ประเทศไทย
656,Regional Irrigation Office,HII,16.815056,100.25989,พิษณุโลก,พิษณุโลก,เมืองพิษณุโลก,อำเภอเมืองพิษณุโลก,ตำบลในเมือง,ในเมือง,ในเมือง อำเภอเมืองพิษณุโลก พิษณุโลก 65000 ประเทศไทย
657,Nan 12,HII,16.864717,100.24477,พิษณุโลก,พิษณุโลก,เมืองพิษณุโลก,อำเภอเมืองพิษณุโลก,ตำบลหัวรอ,หัวรอ,หัวรอ อำเภอเมืองพิษณุโลก พิษณุโลก 65000 ประเทศไทย
658,Yom-Nan4,HII,16.671724,100.24581,พิษณุโลก,พิษณุโลก,เมืองพิษณุโลก,อำเภอเมืองพิษณุโลก,ตำบลงิ้วงาม,งิ้วงาม,งิ้วงาม อำเภอเมืองพิษณุโลก พิษณุโลก ประเทศไทย
659,,HII,16.6718,100.246,พิษณุโลก,พิษณุโลก,เมืองพิษณุโลก,อำเภอเมืองพิษณุโลก,ตำบลงิ้วงาม,งิ้วงาม,งิ้วงาม อำเภอเมืองพิษณุโลก พิษณุโลก ประเทศไทย
660,Nakhon Thai,HII,17.101046,100.82921,พิษณุโลก,พิษณุโลก,นครไทย,อำเภอนครไทย,ตำบลนครไทย,นครไทย,นครไทย อำเภอนครไทย พิษณุโลก 65120 ประเทศไทย
661,Nakhon Thai,HII,17.10702,100.84588,พิษณุโลก,พิษณุโลก,นครไทย,อำเภอนครไทย,ตำบลนครไทย,นครไทย,นครไทย อำเภอนครไทย พิษณุโลก 65120 ประเทศไทย
662,Pha Daeng,HII,17.262218,100.57625,พิษณุโลก,พิษณุโลก,ชาติตระการ,อำเภอชาติตระการ,ตำบลป่าแดง,ป่าแดง,ป่าแดง ตำบล ป่าแดง อำเภอชาติตระการ พิษณุโลก 65170 ประเทศไทย
663,Bang Rakam,HII,16.748913,100.090324,พิษณุโลก,พิษณุโลก,บางระกำ,อำเภอบางระกำ,ตำบลบางระกำ,บางระกำ,บางระกำ อำเภอบางระกำ พิษณุโลก ประเทศไทย
664,Yom 8,HII,16.708166,100.17178,พิษณุโลก,พิษณุโลก,บางระกำ,อำเภอบางระกำ,ตำบลบางระกำ,บางระกำ,บางระกำ อำเภอบางระกำ พิษณุโลก ประเทศไทย
665,Chum Saeng Songkhram Communuty,HII,16.858543,100.05964,พิษณุโลก,พิษณุโลก,บางระกำ,อำเภอบางระกำ,ตำบลชุมแสงสงคราม,ชุมแสงสงคราม,ชุมแสงสงคราม อำเภอบางระกำ พิษณุโลก ประเทศไทย
666,Ban Rai,HII,16.610826,100.265785,พิษณุโลก,พิษณุโลก,บางกระทุ่ม,อำเภอ บางกระทุ่ม,ตำบลบ้านไร่,บ้านไร่,บ้านไร่ อำเภอ บางกระทุ่ม พิษณุโลก ประเทศไทย
667,Nan 6,HII,16.580505,100.238594,พิษณุโลก,พิษณุโลก,บางกระทุ่ม,อำเภอ บางกระทุ่ม,ตำบลโคกสลุด,โคกสลุด,โคกสลุด อำเภอ บางกระทุ่ม พิษณุโลก ประเทศไทย
668,Nakhon Pa Mak Communuty,HII,16.62336,100.369194,พิษณุโลก,พิษณุโลก,บางกระทุ่ม,อำเภอ บางกระทุ่ม,ตำบลนครป่าหมาก,นครป่าหมาก,นครป่าหมาก อำเภอ บางกระทุ่ม พิษณุโลก ประเทศไทย
669,Phrom Phiram,HII,17.021606,100.19213,พิษณุโลก,พิษณุโลก,พรหมพิราม,อำเภอพรหมพิราม,ตำบลพรหมพิราม,พรหมพิราม,พรหมพิราม อำเภอพรหมพิราม พิษณุโลก 65150 ประเทศไทย
670,,HII,16.954,100.121,พิษณุโลก,พิษณุโลก,พรหมพิราม,อำเภอพรหมพิราม,ตำบลท่าช้าง,ท่าช้าง,ท่าช้าง อำเภอพรหมพิราม พิษณุโลก 65150 ประเทศไทย
671,Yom-Nan2,HII,16.953888,100.12131,พิษณุโลก,พิษณุโลก,พรหมพิราม,อำเภอพรหมพิราม,ตำบลท่าช้าง,ท่าช้าง,ท่าช้าง อำเภอพรหมพิราม พิษณุโลก 65150 ประเทศไทย
672,Wat Bot,HII,16.95807,100.33734,พิษณุโลก,พิษณุโลก,วัดโบสถ์,อำเภอวัดโบสถ์,ตำบลวัดโบสถ์,วัดโบสถ์,วัดโบสถ์ อำเภอวัดโบสถ์ พิษณุโลก ประเทศไทย
673,Wat Bot 2,HII,16.99888,100.326515,พิษณุโลก,พิษณุโลก,วัดโบสถ์,อำเภอวัดโบสถ์,ตำบลวัดโบสถ์,วัดโบสถ์,วัดโบสถ์ อำเภอวัดโบสถ์ พิษณุโลก ประเทศไทย
674,Wang Thong,HII,16.831717,100.42889,พิษณุโลก,พิษณุโลก,วังทอง,อำเภอวังทอง,ตำบลวังทอง,วังทอง,วังทอง อำเภอวังทอง พิษณุโลก ประเทศไทย
675,Nan 13,HII,16.822176,100.43156,พิษณุโลก,พิษณุโลก,วังทอง,อำเภอวังทอง,ตำบลดินทอง,ดินทอง,ดินทอง อำเภอวังทอง พิษณุโลก 65130 ประเทศไทย
676,Nan 5,HII,16.855032,100.6668,พิษณุโลก,พิษณุโลก,วังทอง,อำเภอวังทอง,ตำบลวังนกแอ่น,วังนกแอ่น,วังนกแอ่น อำเภอวังทอง พิษณุโลก ประเทศไทย
677,Noen Maprang,HII,16.570732,100.64936,พิษณุโลก,พิษณุโลก,เนินมะปราง,อำเภอเนินมะปราง,ตำบลเนินมะปราง,เนินมะปราง,เนินมะปราง อำเภอเนินมะปราง พิษณุโลก 65190 ประเทศไทย
678,Mueang Phichit,HII,16.43319,100.33196,พิจิตร,พิจิตร,เมืองพิจิตร,อำเภอเมืองพิจิตร,ตำบลคลองคะเชนทร์,คลองคะเชนทร์,คลองคะเชนทร์ อำเภอเมืองพิจิตร พิจิตร 66000 ประเทศไทย
679,Wang Sai Phun,HII,16.40612,100.53864,พิจิตร,พิจิตร,วังทรายพูน,อำเภอ วังทรายพูน,ตำบลวังทรายพูน,วังทรายพูน,วังทรายพูน อำเภอ วังทรายพูน พิจิตร ประเทศไทย
680,Yom 9,HII,16.31075,100.27175,พิจิตร,พิจิตร,โพธิ์ประทับช้าง,อำเภอโพธิ์ประทับช้าง,ตำบลวังจิก,วังจิก,วังจิก อำเภอโพธิ์ประทับช้าง พิจิตร ประเทศไทย
681,Pho Prathap Chang,HII,16.31065,100.29537,พิจิตร,พิจิตร,โพธิ์ประทับช้าง,อำเภอโพธิ์ประทับช้าง,ตำบลโพธิ์ประทับช้าง,โพธิ์ประทับช้าง,โพธิ์ประทับช้าง อำเภอโพธิ์ประทับช้าง พิจิตร ประเทศไทย
682,Taphan Hin,HII,16.21106,100.41947,พิจิตร,พิจิตร,ตะพานหิน,อำเภอ ตะพานหิน,ตำบลตะพานหิน,ตะพานหิน,ตะพานหิน อำเภอ ตะพานหิน พิจิตร 66110 ประเทศไทย
683,Nan 7,HII,16.27037,100.41397,พิจิตร,พิจิตร,ตะพานหิน,อำเภอ ตะพานหิน,ตำบลงิ้วราย,งิ้วราย,งิ้วราย อำเภอ ตะพานหิน พิจิตร ประเทศไทย
684,Ho Krai,HII,16.0501,100.37378,พิจิตร,พิจิตร,บางมูลนาก,อำเภอ บางมูลนาก,ตำบลหอไกร,หอไกร,หอไกร อำเภอ บางมูลนาก พิจิตร ประเทศไทย
685,Pho Thale,HII,16.09372,100.26012,พิจิตร,พิจิตร,โพทะเล,อำเภอ โพทะเล,ตำบลโพทะเล,โพทะเล,โพทะเล อำเภอ โพทะเล พิจิตร 66130 ประเทศไทย
686,Sam Ngam,HII,16.512774,100.208275,พิจิตร,พิจิตร,สามง่าม,อำเภอสามง่าม,ตำบลสามง่าม,สามง่าม,สามง่าม อำเภอสามง่าม พิจิตร ประเทศไทย
687,Nong Sano,HII,16.39647,100.05528,พิจิตร,พิจิตร,สามง่าม,อำเภอสามง่าม,ตำบลหนองโสน,หนองโสน,หนองโสน อำเภอสามง่าม พิจิตร ประเทศไทย
688,Tap Khlo,HII,16.16959,100.56604,พิจิตร,พิจิตร,ทับคล้อ,อำเภอ ทับคล้อ,ตำบลทับคล้อ,ทับคล้อ,ทับคล้อ อำเภอ ทับคล้อ พิจิตร ประเทศไทย
689,Wang Ngio,HII,16.01564,100.73285,พิจิตร,พิจิตร,ดงเจริญ,อำเภอ ดงเจริญ,ตำบลวังงิ้ว,วังงิ้ว,วังงิ้ว อำเภอ ดงเจริญ พิจิตร ประเทศไทย
690,Phetchabun,HII,16.441244,101.14906,เพชรบูรณ์,เพชรบูรณ์,เมืองเพชรบูรณ์,อำเภอเมืองเพชรบูรณ์,ตำบลสะเดียง,สะเดียง,สะเดียง อำเภอเมืองเพชรบูรณ์ เพชรบูรณ์ 67000 ประเทศไทย
691,Pa Sak 2,HII,16.447924,101.170166,เพชรบูรณ์,เพชรบูรณ์,เมืองเพชรบูรณ์,อำเภอเมืองเพชรบูรณ์,ตำบลสะเดียง,สะเดียง,สะเดียง อำเภอเมืองเพชรบูรณ์ เพชรบูรณ์ 67000 ประเทศไทย
692,Chon Daen,HII,16.179083,100.901665,เพชรบูรณ์,เพชรบูรณ์,ชนแดน,อำเภอชนแดน,ตำบลชนแดน,ชนแดน,ชนแดน อำเภอชนแดน เพชรบูรณ์ 67150 ประเทศไทย
693,Pa Sak 1,HII,16.78148,101.24671,เพชรบูรณ์,เพชรบูรณ์,หล่มสัก,อำเภอหล่มสัก,ตำบลหล่มสัก,หล่มสัก,หล่มสัก อำเภอหล่มสัก เพชรบูรณ์ 67110 ประเทศไทย
694,Tan Diao,HII,16.771435,101.25366,เพชรบูรณ์,เพชรบูรณ์,หล่มสัก,อำเภอหล่มสัก,ตำบลตาลเดี่ยว,ตาลเดี่ยว,ตาลเดี่ยว อำเภอหล่มสัก เพชรบูรณ์ 67110 ประเทศไทย
695,Lom Kao,HII,16.880798,101.23834,เพชรบูรณ์,เพชรบูรณ์,หล่มเก่า,อำเภอ หล่มเก่า,ตำบลหล่มเก่า,หล่มเก่า,หล่มเก่า อำเภอ หล่มเก่า เพชรบูรณ์ 67120 ประเทศไทย
696,Tat Kloi,HII,17.003542,101.366066,เพชรบูรณ์,เพชรบูรณ์,หล่มเก่า,อำเภอ หล่มเก่า,ตำบลตาดกลอย,ตาดกลอย,ตาดกลอย อำเภอ หล่มเก่า เพชรบูรณ์ ประเทศไทย
697,Pa Sak 4,HII,17.356913,102.60082,อุดรธานี,อุดรธานี,หนองวัวซอ,อำเภอ หนองวัวซอ,ตำบลหนองบัวบาน,หนองบัวบาน,หนองบัวบาน อำเภอ หนองวัวซอ อุดรธานี ประเทศไทย
698,Wichiang Buri,HII,15.657299,101.124756,เพชรบูรณ์,เพชรบูรณ์,วิเชียรบุรี,อำเภอวิเชียรบุรี,ตำบลท่าโรง,ท่าโรง,ท่าโรง อำเภอวิเชียรบุรี เพชรบูรณ์ 67130 ประเทศไทย
699,Si Thep,HII,15.437905,101.16249,เพชรบูรณ์,เพชรบูรณ์,ศรีเทพ,อำเภอศรีเทพ,ตำบลศรีเทพ,ศรีเทพ,ศรีเทพ อำเภอศรีเทพ เพชรบูรณ์ 67170 ประเทศไทย
700,Pa Sak 3,HII,16.11498,101.09708,เพชรบูรณ์,เพชรบูรณ์,หนองไผ่,อำเภอหนองไผ่,ตำบลนาเฉลียง,นาเฉลียง,นาเฉลียง อำเภอหนองไผ่ เพชรบูรณ์ ประเทศไทย
701,Nong Phai,HII,15.981635,101.07372,เพชรบูรณ์,เพชรบูรณ์,หนองไผ่,อำเภอหนองไผ่,ตำบลหนองไผ่,หนองไผ่,หนองไผ่ อำเภอหนองไผ่ เพชรบูรณ์ 67140 ประเทศไทย
702,Bueng Sam Phan,HII,15.778085,101.02093,เพชรบูรณ์,เพชรบูรณ์,บึงสามพัน,อำเภอบึงสามพัน,ตำบลบึงสามพัน,บึงสามพัน,บึงสามพัน อำเภอบึงสามพัน เพชรบูรณ์ ประเทศไทย
703,Nam Nao,HII,16.770231,101.669945,เพชรบูรณ์,เพชรบูรณ์,น้ำหนาว,อำเภอ น้ำหนาว,ตำบลน้ำหนาว,น้ำหนาว,น้ำหนาว อำเภอ น้ำหนาว เพชรบูรณ์ 67260 ประเทศไทย
704,Wang Pong,HII,16.365877,100.83071,เพชรบูรณ์,เพชรบูรณ์,วังโป่ง,อำเภอ วังโป่ง,ตำบลวังโป่ง,วังโป่ง,วังโป่ง อำเภอ วังโป่ง เพชรบูรณ์ 67240 ประเทศไทย
705,Thung Samo,HII,16.705017,101.04407,เพชรบูรณ์,เพชรบูรณ์,เขาค้อ,อำเภอเขาค้อ,ตำบลทุ่งสมอ,ทุ่งสมอ,ทุ่งสมอ อำเภอเขาค้อ เพชรบูรณ์ ประเทศไทย
706,Ratchaburi 3,HII,13.56011,99.36221,ราชบุรี,ราชบุรี,สวนผึ้ง,อำเภอ สวนผึ้ง,ตำบลสวนผึ้ง,สวนผึ้ง,สวนผึ้ง ตำบล สวนผึ้ง อำเภอ สวนผึ้ง ราชบุรี 70180 ประเทศไทย
707,Suan Phueng,HII,13.54488,99.33835,ราชบุรี,ราชบุรี,สวนผึ้ง,อำเภอ สวนผึ้ง,ตำบลสวนผึ้ง,สวนผึ้ง,สวนผึ้ง ตำบล สวนผึ้ง อำเภอ สวนผึ้ง ราชบุรี 70180 ประเทศไทย
708,Pa Wai,HII,13.57986,99.43311,ราชบุรี,ราชบุรี,สวนผึ้ง,อำเภอ สวนผึ้ง,ตำบลป่าหวาย,ป่าหวาย,ป่าหวาย อำเภอ สวนผึ้ง ราชบุรี ประเทศไทย
709,Ratchaburi 2,HII,13.81859,99.86503,ราชบุรี,ราชบุรี,บ้านโป่ง,อำเภอบ้านโป่ง,ตำบลบ้านโป่ง,บ้านโป่ง,บ้านโป่ง อำเภอบ้านโป่ง ราชบุรี 70110 ประเทศไทย
710,Ratchaburi 1,HII,13.63307,99.81636,ราชบุรี,ราชบุรี,โพธาราม,อำเภอโพธาราม,ตำบลบางโตนด,บางโตนด,บางโตนด อำเภอโพธาราม ราชบุรี 70120 ประเทศไทย
711,Khao Khwang,HII,13.71492,99.77248,ราชบุรี,ราชบุรี,โพธาราม,อำเภอโพธาราม,ตำบลเตาปูน,เตาปูน,เตาปูน อำเภอโพธาราม ราชบุรี 70120 ประเทศไทย
712,Municipality Thung Luang Communuty,HII,13.4339,99.6702,ราชบุรี,ราชบุรี,ปากท่อ,อำเภอปากท่อ,ตำบลทุ่งหลวง,ทุ่งหลวง,ทุ่งหลวง อำเภอปากท่อ ราชบุรี ประเทศไทย
713,Ban Bueng,HII,13.33639,99.45019,ราชบุรี,ราชบุรี,บ้านคา,อำเภอ บ้านคา,ตำบลบ้านบึง,บ้านบึง,บ้านบึง อำเภอ บ้านคา ราชบุรี ประเทศไทย
714,Kanchanaburi 1,HII,14.06046,99.48326,กาญจนบุรี,กาญจนบุรี,เมืองกาญจนบุรี,อำเภอเมืองกาญจนบุรี,ตำบลแก่งเสี้ยน,แก่งเสี้ยน,แก่งเสี้ยน อำเภอเมืองกาญจนบุรี กาญจนบุรี ประเทศไทย
715,Nongya,HII,13.983779,99.458275,กาญจนบุรี,กาญจนบุรี,เมืองกาญจนบุรี,อำเภอเมืองกาญจนบุรี,ตำบลหนองหญ้า,หนองหญ้า,หนองหญ้า อำเภอเมืองกาญจนบุรี กาญจนบุรี 71000 ประเทศไทย
716,Ko Samrong,HII,13.9424,99.49628,กาญจนบุรี,กาญจนบุรี,เมืองกาญจนบุรี,อำเภอเมืองกาญจนบุรี,ตำบลเกาะสำโรง,เกาะสำโรง,เกาะสำโรง อำเภอเมืองกาญจนบุรี กาญจนบุรี ประเทศไทย
717,Sai Yok,HII,14.11265,99.14636,กาญจนบุรี,กาญจนบุรี,ไทรโยค,อำเภอไทรโยค,ตำบลลุ่มสุ่ม,ลุ่มสุ่ม,ลุ่มสุ่ม อำเภอไทรโยค กาญจนบุรี 71150 ประเทศไทย
718,Tha Sao,HII,14.21602,99.08134,กาญจนบุรี,กาญจนบุรี,ไทรโยค,อำเภอไทรโยค,ตำบลท่าเสา,ท่าเสา,ท่าเสา อำเภอไทรโยค กาญจนบุรี ประเทศไทย
719,Si Mongkhon,HII,14.02269,99.19149,กาญจนบุรี,กาญจนบุรี,ไทรโยค,อำเภอไทรโยค,ตำบลศรีมงคล,ศรีมงคล,ศรีมงคล อำเภอไทรโยค กาญจนบุรี 71150 ประเทศไทย
720,Bo Phloi,HII,14.304529,99.50887,กาญจนบุรี,กาญจนบุรี,บ่อพลอย,อำเภอบ่อพลอย,ตำบลบ่อพลอย,บ่อพลอย,บ่อพลอย อำเภอบ่อพลอย กาญจนบุรี ประเทศไทย
721,Na Suan,HII,14.611389,99.125755,กาญจนบุรี,กาญจนบุรี,ศรีสวัสดิ์,อำเภอศรีสวัสดิ์,ตำบลนาสวน,นาสวน,นาสวน อำเภอศรีสวัสดิ์ กาญจนบุรี ประเทศไทย
722,Khao Chot,HII,14.662413,99.34225,กาญจนบุรี,กาญจนบุรี,ศรีสวัสดิ์,อำเภอศรีสวัสดิ์,ตำบลเขาโจด,เขาโจด,เขาโจด อำเภอศรีสวัสดิ์ กาญจนบุรี ประเทศไทย
723,Don Cha-am,HII,13.961974,99.80397,กาญจนบุรี,กาญจนบุรี,ท่ามะกา,อำเภอท่ามะกา,ตำบลดอนชะเอม,ดอนชะเอม,ดอนชะเอม อำเภอท่ามะกา กาญจนบุรี ประเทศไทย
724,Tha Khanun,HII,14.744069,98.64233,กาญจนบุรี,กาญจนบุรี,ทองผาภูมิ,อำเภอทองผาภูมิ,ตำบลท่าขนุน,ท่าขนุน,ท่าขนุน อำเภอทองผาภูมิ กาญจนบุรี 71180 ประเทศไทย
725,Hin Dat,HII,14.615061,98.72973,กาญจนบุรี,กาญจนบุรี,ทองผาภูมิ,อำเภอทองผาภูมิ,ตำบลหินดาด,หินดาด,หินดาด อำเภอทองผาภูมิ กาญจนบุรี 71180 ประเทศไทย
726,Nong Lu,HII,15.195436,98.46125,กาญจนบุรี,กาญจนบุรี,สังขละบุรี,อำเภอสังขละบุรี,ตำบลหนองลู,หนองลู,หนองลู ตำบลหนองลู อำเภอสังขละบุรี กาญจนบุรี 71240 ประเทศไทย
727,Liwo,HII,15.187621,98.47714,กาญจนบุรี,กาญจนบุรี,สังขละบุรี,อำเภอสังขละบุรี,ตำบลไล่โว่,ไล่โว่,ไล่โว่ อำเภอสังขละบุรี กาญจนบุรี 71240 ประเทศไทย
728,Prangphle,HII,14.953101,98.61821,กาญจนบุรี,กาญจนบุรี,สังขละบุรี,อำเภอสังขละบุรี,ตำบลปรังเผล,ปรังเผล,ปรังเผล อำเภอสังขละบุรี กาญจนบุรี ประเทศไทย
729,Thung Krabam,HII,14.588813,99.63503,กาญจนบุรี,กาญจนบุรี,เลาขวัญ,อำเภอ เลาขวัญ,ตำบลทุ่งกระบ่ำ,ทุ่งกระบ่ำ,ทุ่งกระบ่ำ อำเภอ เลาขวัญ กาญจนบุรี 71210 ประเทศไทย
730,Sai Thong School,HII,13.823345,99.28464,กาญจนบุรี,กาญจนบุรี,ด่านมะขามเตี้ย,อำเภอ ด่านมะขามเตี้ย,ตำบลจรเข้เผือก,จรเข้เผือก,จรเข้เผือก อำเภอ ด่านมะขามเตี้ย กาญจนบุรี ประเทศไทย
731,Tha Chin 5,HII,14.47051,100.11473,สุพรรณบุรี,สุพรรณบุรี,เมืองสุพรรณบุรี,อำเภอเมืองสุพรรณบุรี,ตำบลท่าพี่เลี้ยง,ท่าพี่เลี้ยง,ท่าพี่เลี้ยง อำเภอเมืองสุพรรณบุรี สุพรรณบุรี 72000 ประเทศไทย
734,Tha Chin 3,HII,14.83503,99.66542,สุพรรณบุรี,สุพรรณบุรี,ด่านช้าง,อำเภอด่านช้าง,ตำบลด่านช้าง,ด่านช้าง,ด่านช้าง อำเภอด่านช้าง สุพรรณบุรี ประเทศไทย
735,Nikhom Krasiao,HII,14.85735,99.57509,สุพรรณบุรี,สุพรรณบุรี,ด่านช้าง,อำเภอด่านช้าง,ตำบลนิคมกระเสียว,นิคมกระเสียว,นิคมกระเสียว อำเภอด่านช้าง สุพรรณบุรี 72180 ประเทศไทย
736,Song Phi Nong,HII,14.21612,100.05017,สุพรรณบุรี,สุพรรณบุรี,สองพี่น้อง,อำเภอสองพี่น้อง,ตำบลสองพี่น้อง,สองพี่น้อง,สองพี่น้อง อำเภอสองพี่น้อง สุพรรณบุรี 72110 ประเทศไทย
737,Tha Chin 6,HII,14.15658,100.12743,สุพรรณบุรี,สุพรรณบุรี,สองพี่น้อง,อำเภอสองพี่น้อง,ตำบลบางเลน,บางเลน,บางเลน อำเภอสองพี่น้อง สุพรรณบุรี 72110 ประเทศไทย
738,Tha Chin 4,HII,14.75138,100.09591,สุพรรณบุรี,สุพรรณบุรี,สามชุก,อำเภอสามชุก,ตำบลสามชุก,สามชุก,สามชุก อำเภอสามชุก สุพรรณบุรี 72130 ประเทศไทย
741,Nong Pak Nak,HII,14.76446,100.01942,สุพรรณบุรี,สุพรรณบุรี,สามชุก,อำเภอสามชุก,ตำบลหนองผักนาก,หนองผักนาก,หนองผักนาก อำเภอสามชุก สุพรรณบุรี ประเทศไทย
742,Chedi,HII,14.38421,99.96115,สุพรรณบุรี,สุพรรณบุรี,อู่ทอง,อำเภออู่ทอง,ตำบลเจดีย์,เจดีย์,เจดีย์ อำเภออู่ทอง สุพรรณบุรี ประเทศไทย
743,Kamphaeng Saen,HII,14.00331,99.98092,นครปฐม,นครปฐม,กำแพงแสน,อำเภอกำแพงแสน,ตำบลกำแพงแสน,กำแพงแสน,กำแพงแสน อำเภอกำแพงแสน นครปฐม 73140 ประเทศไทย
744,Nakhon Chai Si,HII,13.79035,100.1905,นครปฐม,นครปฐม,นครชัยศรี,อำเภอนครชัยศรี,ตำบลนครชัยศรี,นครชัยศรี,นครชัยศรี อำเภอนครชัยศรี นครปฐม 73120 ประเทศไทย
745,Tha Chin 7,HII,14.01634,100.17979,นครปฐม,นครปฐม,บางเลน,อำเภอบางเลน,ตำบลบางเลน,บางเลน,บางเลน อำเภอบางเลน นครปฐม 73130 ประเทศไทย
746,Tha Chin 11,HII,13.9704,100.15746,นครปฐม,นครปฐม,บางเลน,อำเภอบางเลน,ตำบลบางปลา,บางปลา,บางปลา อำเภอบางเลน นครปฐม 73130 ประเทศไทย
747,Khlong Narapirom,HII,13.88211,100.29086,นนทบุรี,นนทบุรี,ไทรน้อย,อำเภอไทรน้อย,ตำบลหนองเพรางาย,หนองเพรางาย,หนองเพรางาย อำเภอไทรน้อย นนทบุรี ประเทศไทย
748,Nakhon Chai Si Bridge,HII,13.79217,100.19812,นครปฐม,นครปฐม,นครชัยศรี,อำเภอนครชัยศรี,ตำบลไทยาวาส,ไทยาวาส,ไทยาวาส อำเภอนครชัยศรี นครปฐม ประเทศไทย
749,Saladin Communuty,HII,13.8078,100.27416,นครปฐม,นครปฐม,พุทธมณฑล,อำเภอพุทธมณฑล,ตำบลมหาสวัสดิ์,มหาสวัสดิ์,มหาสวัสดิ์ อำเภอพุทธมณฑล นครปฐม ประเทศไทย
750,Tha Chin 9,HII,13.58597,100.23048,สมุทรสาคร,สมุทรสาคร,เมืองสมุทรสาคร,อำเภอเมืองสมุทรสาคร,ตำบลบ้านเกาะ,บ้านเกาะ,บ้านเกาะ อำเภอเมืองสมุทรสาคร สมุทรสาคร ประเทศไทย
751,Krung Thep 6,HII,13.58185,100.36583,สมุทรสาคร,สมุทรสาคร,เมืองสมุทรสาคร,อำเภอเมืองสมุทรสาคร,ตำบลพันท้ายนรสิงห์,พันท้ายนรสิงห์,พันท้ายนรสิงห์ อำเภอเมืองสมุทรสาคร สมุทรสาคร ประเทศไทย
752,Bang Kra Chao,HII,13.5214,100.19284,สมุทรสาคร,สมุทรสาคร,เมืองสมุทรสาคร,อำเภอเมืองสมุทรสาคร,ตำบลบางกระเจ้า,บางกระเจ้า,บางกระเจ้า อำเภอเมืองสมุทรสาคร สมุทรสาคร 74000 ประเทศไทย
753,Thachin River,HII,13.51777,100.275,สมุทรสาคร,สมุทรสาคร,เมืองสมุทรสาคร,อำเภอเมืองสมุทรสาคร,ตำบลบางหญ้าแพรก,บางหญ้าแพรก,บางหญ้าแพรก อำเภอเมืองสมุทรสาคร สมุทรสาคร ประเทศไทย
754,Ban Paew,HII,13.57563,100.07883,สมุทรสาคร,สมุทรสาคร,บ้านแพ้ว,อำเภอบ้านแพ้ว,ตำบลหนองบัว,หนองบัว,หนองบัว อำเภอบ้านแพ้ว สมุทรสาคร ประเทศไทย
755,Phra Ram 2,HII,13.38366,99.98357,สมุทรสงคราม,สมุทรสงคราม,เมืองสมุทรสงคราม,อำเภอเมืองสมุทรสงคราม,ตำบลแม่กลอง,แม่กลอง,แม่กลอง อำเภอเมืองสมุทรสงคราม สมุทรสงคราม 75000 ประเทศไทย
756,Plai Phong Phang,HII,13.38494,99.92694,สมุทรสงคราม,สมุทรสงคราม,อัมพวา,อำเภออัมพวา,ตำบลปลายโพงพาง,ปลายโพงพาง,ปลายโพงพาง อำเภออัมพวา สมุทรสงคราม 75110 ประเทศไทย
757,Bang Khrok,HII,13.19867,99.95056,เพชรบุรี,เพชรบุรี,บ้านแหลม,อำเภอ บ้านแหลม,ตำบลบางครก,บางครก,บางครก อำเภอ บ้านแหลม เพชรบุรี ประเทศไทย
758,Petch Buri 1,HII,13.08563,99.94397,เพชรบุรี,เพชรบุรี,เมืองเพชรบุรี,อำเภอเมืองเพชรบุรี,ตำบลท่าราบ,ท่าราบ,ท่าราบ อำเภอเมืองเพชรบุรี เพชรบุรี 76000 ประเทศไทย
759,Don Yang,HII,13.01463,99.97035,เพชรบุรี,เพชรบุรี,เมืองเพชรบุรี,อำเภอเมืองเพชรบุรี,ตำบลดอนยาง,ดอนยาง,ดอนยาง อำเภอเมืองเพชรบุรี เพชรบุรี ประเทศไทย
760,Nong Ya Plong,HII,13.17001,99.68776,เพชรบุรี,เพชรบุรี,หนองหญ้าปล้อง,อำเภอหนองหญ้าปล้อง,ตำบลหนองหญ้าปล้อง,หนองหญ้าปล้อง,หนองหญ้าปล้อง อำเภอหนองหญ้าปล้อง เพชรบุรี ประเทศไทย
761,Tha Takhro,HII,13.11756,99.73132,เพชรบุรี,เพชรบุรี,หนองหญ้าปล้อง,อำเภอหนองหญ้าปล้อง,ตำบลท่าตะคร้อ,ท่าตะคร้อ,ท่าตะคร้อ อำเภอหนองหญ้าปล้อง เพชรบุรี ประเทศไทย
762,Yak Cha-am,HII,12.78631,99.96016,ชลบุรี,เพชรบุรี,เมืองชลบุรี,อำเภอชะอำ,ตำบลชะอำ,ชะอำ,ชะอำ อำเภอชะอำ เพชรบุรี ประเทศไทย
763,,HII,12.798682,99.972839,ชลบุรี,เพชรบุรี,เมืองชลบุรี,อำเภอชะอำ,ตำบลชะอำ,ชะอำ,ชะอำ อำเภอชะอำ เพชรบุรี ประเทศไทย
764,Rai Mai Phatthana,HII,12.676544,99.773346,ชลบุรี,เพชรบุรี,เมืองชลบุรี,อำเภอท่ายาง,ตำบลเขากระปุก,เขากระปุก,เขากระปุก อำเภอท่ายาง เพชรบุรี ประเทศไทย
765,Tha Yang,HII,12.96337,99.89842,ชลบุรี,เพชรบุรี,เมืองชลบุรี,อำเภอท่ายาง,ตำบลท่ายาง,ท่ายาง,ท่ายาง อำเภอท่ายาง เพชรบุรี ประเทศไทย
766,Klat Luang,HII,12.817696,99.77156,ชลบุรี,เพชรบุรี,เมืองชลบุรี,อำเภอท่ายาง,ตำบลกลัดหลวง,กลัดหลวง,กลัดหลวง อำเภอท่ายาง เพชรบุรี 76130 ประเทศไทย
767,Huai Pak Resevoir,HII,12.7764,99.6677,ชลบุรี,เพชรบุรี,เมืองชลบุรี,อำเภอท่ายาง,ตำบลกลัดหลวง,กลัดหลวง,กลัดหลวง อำเภอท่ายาง เพชรบุรี 76130 ประเทศไทย
768,Khao Kapuk,HII,12.71989,99.73543,ชลบุรี,เพชรบุรี,เมืองชลบุรี,อำเภอท่ายาง,ตำบลเขากระปุก,เขากระปุก,เขากระปุก อำเภอท่ายาง เพชรบุรี ประเทศไทย
769,Ban Lat,HII,13.04966,99.91618,เพชรบุรี,เพชรบุรี,บ้านลาด,อำเภอบ้านลาด,ตำบลบ้านลาด,บ้านลาด,บ้านลาด อำเภอบ้านลาด เพชรบุรี 76150 ประเทศไทย
770,Bang Taboon and East Bang Taboon,HII,13.26553,99.94179,เพชรบุรี,เพชรบุรี,บ้านแหลม,อำเภอ บ้านแหลม,ตำบลบางตะบูน,บางตะบูน,บางตะบูน อำเภอ บ้านแหลม เพชรบุรี ประเทศไทย
771,Song Phi Nong,HII,12.87227,99.6835,ชลบุรี,เพชรบุรี,เมืองชลบุรี,อำเภอแก่งกระจาน,ตำบลสองพี่น้อง,สองพี่น้อง,สองพี่น้อง อำเภอแก่งกระจาน เพชรบุรี ประเทศไทย
772,Petch Buri 2,HII,12.92217,99.81754,ชลบุรี,เพชรบุรี,เมืองชลบุรี,อำเภอท่ายาง,ตำบลวังไคร้,วังไคร้,วังไคร้ อำเภอท่ายาง เพชรบุรี ประเทศไทย
773,,HII,12.934826,99.76392,ชลบุรี,เพชรบุรี,เมืองชลบุรี,อำเภอแก่งกระจาน,ตำบลวังจันทร์,วังจันทร์,วังจันทร์ อำเภอแก่งกระจาน เพชรบุรี ประเทศไทย
774,Khao Panoenthung,HII,12.8253,99.3655,ชลบุรี,เพชรบุรี,เมืองชลบุรี,อำเภอแก่งกระจาน,ตำบลห้วยแม่เพรียง,ห้วยแม่เพรียง,ห้วยแม่เพรียง อำเภอแก่งกระจาน เพชรบุรี ประเทศไทย
775,Ko Lak,HII,11.80296,99.75459,ประจวบคีรีขันธ์,ประจวบคีรีขันธ์,เมืองประจวบคีรีขันธ์,อำเภอเมืองประจวบคีรีขันธ์,ตำบลเกาะหลัก,เกาะหลัก,เกาะหลัก อำเภอเมืองประจวบคีรีขันธ์ ประจวบคีรีขันธ์ ประเทศไทย
776,Kui Buri,HII,12.07011,99.86728,ประจวบคีรีขันธ์,ประจวบคีรีขันธ์,เมืองประจวบคีรีขันธ์,อำเภอกุยบุรี,ตำบลกุยบุรี,กุยบุรี,กุยบุรี อำเภอกุยบุรี ประจวบคีรีขันธ์ ประเทศไทย
777,Yang Chum Temple,HII,12.09904,99.70643,ประจวบคีรีขันธ์,ประจวบคีรีขันธ์,เมืองประจวบคีรีขันธ์,อำเภอกุยบุรี,ตำบลหาดขาม,หาดขาม,หาดขาม อำเภอกุยบุรี ประจวบคีรีขันธ์ ประเทศไทย
778,Khao Lan,HII,11.52202,99.59758,ประจวบคีรีขันธ์,ประจวบคีรีขันธ์,เมืองประจวบคีรีขันธ์,อำเภอทับสะแก,ตำบลเขาล้าน,เขาล้าน,เขาล้าน อำเภอทับสะแก ประจวบคีรีขันธ์ 77130 ประเทศไทย
779,,HII,11.2355,99.4712,ชุมพร,ประจวบคีรีขันธ์,เมืองชุมพร,อำเภอบางสะพาน,ตำบลร่อนทอง,ร่อนทอง,ร่อนทอง อำเภอบางสะพาน ประจวบคีรีขันธ์ ประเทศไทย
780,Ron Thong,HII,11.26331,99.43817,ชุมพร,ประจวบคีรีขันธ์,เมืองชุมพร,อำเภอบางสะพาน,ตำบลร่อนทอง,ร่อนทอง,ร่อนทอง อำเภอบางสะพาน ประจวบคีรีขันธ์ ประเทศไทย
781,Bang Saphan Noi,HII,11.07619,99.44528,ชุมพร,ประจวบคีรีขันธ์,เมืองชุมพร,อำเภอบางสะพานน้อย,ตำบลบางสะพาน,บางสะพาน,บางสะพาน อำเภอบางสะพานน้อย ประจวบคีรีขันธ์ ประเทศไทย
782,Pran Buri,HII,12.37835,99.89329,ประจวบคีรีขันธ์,ประจวบคีรีขันธ์,เมืองประจวบคีรีขันธ์,อำเภอปราณบุรี,ตำบลเขาน้อย,เขาน้อย,เขาน้อย อำเภอปราณบุรี ประจวบคีรีขันธ์ 77120 ประเทศไทย
783,Nong Ta Taem,HII,12.41648,99.81778,ประจวบคีรีขันธ์,ประจวบคีรีขันธ์,เมืองประจวบคีรีขันธ์,อำเภอปราณบุรี,ตำบลหนองตาแต้ม,หนองตาแต้ม,หนองตาแต้ม อำเภอปราณบุรี ประจวบคีรีขันธ์ ประเทศไทย
784,Pran Buri 1,HII,12.38992,99.91118,ประจวบคีรีขันธ์,ประจวบคีรีขันธ์,เมืองประจวบคีรีขันธ์,อำเภอปราณบุรี,ตำบลเขาน้อย,เขาน้อย,เขาน้อย อำเภอปราณบุรี ประจวบคีรีขันธ์ 77120 ประเทศไทย
786,Thap Tai,HII,12.49032,99.90437,ประจวบคีรีขันธ์,ประจวบคีรีขันธ์,เมืองประจวบคีรีขันธ์,อำเภอหัวหิน,ตำบลทับใต้,ทับใต้,ทับใต้ อำเภอหัวหิน ประจวบคีรีขันธ์ 77110 ประเทศไทย
787,Huai Sat Yai,HII,12.52942,99.54379,ชลบุรี,ประจวบคีรีขันธ์,เมืองชลบุรี,อำเภอหัวหิน,ตำบลห้วยสัตว์ใหญ่,ห้วยสัตว์ใหญ่,ห้วยสัตว์ใหญ่ อำเภอหัวหิน ประจวบคีรีขันธ์ ประเทศไทย
788,Khlong Ta Dee,HII,8.399734,99.83319,นครศรีธรรมราช,นครศรีธรรมราช,เมืองนครศรีธรรมราช,อำเภอ ลานสกา,ตำบลท่าดี,ท่าดี,ท่าดี อำเภอ ลานสกา นครศรีธรรมราช ประเทศไทย
789,Khun Thale,HII,8.338821,99.85211,นครศรีธรรมราช,นครศรีธรรมราช,เมืองนครศรีธรรมราช,อำเภอ ลานสกา,ตำบลขุนทะเล,ขุนทะเล,ขุนทะเล อำเภอ ลานสกา นครศรีธรรมราช ประเทศไทย
790,Nakacha Subdistrict Administrative Organization,HII,8.426952,99.44592,นครศรีธรรมราช,นครศรีธรรมราช,เมืองนครศรีธรรมราช,อำเภอ ฉวาง,ตำบลนากะชะ,นากะชะ,นากะชะ อำเภอ ฉวาง นครศรีธรรมราช ประเทศไทย
791,Wat Tayikaram School,HII,8.082119,100.164276,นครศรีธรรมราช,นครศรีธรรมราช,เมืองนครศรีธรรมราช,อำเภอ เชียรใหญ่,ตำบลการะเกด,การะเกด,การะเกด ตำบล การะเกด อำเภอ เชียรใหญ่ นครศรีธรรมราช ประเทศไทย
792,Nakhon Si Thammarat 2,HII,8.089507,100.12789,นครศรีธรรมราช,นครศรีธรรมราช,เมืองนครศรีธรรมราช,อำเภอ เชียรใหญ่,ตำบลแม่เจ้าอยู่หัว,แม่เจ้าอยู่หัว,แม่เจ้าอยู่หัว อำเภอ เชียรใหญ่ นครศรีธรรมราช 80190 ประเทศไทย
793,Nop Phi Tam 2,HII,8.720036,99.79616,นครศรีธรรมราช,นครศรีธรรมราช,เมืองนครศรีธรรมราช,อำเภอท่าศาลา,ตำบลสระแก้ว,สระแก้ว,สระแก้ว อำเภอท่าศาลา นครศรีธรรมราช 80160 ประเทศไทย
794,Nop Phi Tam 1,HII,8.786922,99.91124,นครศรีธรรมราช,นครศรีธรรมราช,เมืองนครศรีธรรมราช,อำเภอท่าศาลา,ตำบลสระแก้ว,สระแก้ว,สระแก้ว อำเภอท่าศาลา นครศรีธรรมราช 80160 ประเทศไทย
795,Nakhon Si Thammarat 1,HII,8.174951,99.67889,นครศรีธรรมราช,นครศรีธรรมราช,เมืองนครศรีธรรมราช,อำเภอทุ่งสง,ตำบลปากแพรก,ปากแพรก,ปากแพรก อำเภอทุ่งสง นครศรีธรรมราช 80110 ประเทศไทย
796,Pak Phanang,HII,8.388187,100.23183,นครศรีธรรมราช,นครศรีธรรมราช,เมืองนครศรีธรรมราช,อำเภอ ปากพนัง,ตำบลปากพนังฝั่งตะวันออก,ปากพนังฝั่งตะวัน,ปากพนังฝั่งตะวัน อำเภอ ปากพนัง นครศรีธรรมราช ประเทศไทย
797,Theppharat,HII,8.858044,99.86363,นครศรีธรรมราช,นครศรีธรรมราช,เมืองนครศรีธรรมราช,อำเภอ สิชล,ตำบลเทพราช,เทพราช,เทพราช อำเภอ สิชล นครศรีธรรมราช ประเทศไทย
798,Ban Lamnao,HII,8.029197,99.47583,นครศรีธรรมราช,นครศรีธรรมราช,เมืองนครศรีธรรมราช,อำเภอ บางขัน,ตำบลบ้านลำนาว,บ้านลำนาว,บ้านลำนาว อำเภอ บางขัน นครศรีธรรมราช ประเทศไทย
799,Sin Pun,HII,8.252179,99.274506,นครศรีธรรมราช,กระบี่,เมืองนครศรีธรรมราช,อำเภอ เขาพนม,ตำบลสินปุน,สินปุน,สินปุน อำเภอ เขาพนม กระบี่ 80240 ประเทศไทย
800,Khlong Hin,HII,8.284204,98.79712,กระบี่,กระบี่,อ่าวลึก,อำเภอ อ่าวลึก,ตำบลคลองหิน,คลองหิน,คลองหิน อำเภอ อ่าวลึก กระบี่ ประเทศไทย
801,khlong kanan,HII,8.005305,99.01388,นครศรีธรรมราช,กระบี่,เมืองนครศรีธรรมราช,อำเภอเหนือคลอง,ตำบลคลองขนาน,คลองขนาน,คลองขนาน อำเภอเหนือคลอง กระบี่ 81130 ประเทศไทย
802,Takua Pa 2,HII,8.47734,98.52832,พังงา,พังงา,เมืองพังงา,อำเภอเมืองพังงา,ตำบลถ้ำน้ำผุด,ถ้ำน้ำผุด,ถ้ำน้ำผุด อำเภอเมืองพังงา พังงา 82000 ประเทศไทย
803,Takua Pa 1,HII,8.775847,98.390274,พังงา,พังงา,ตะกั่วป่า,อำเภอตะกั่วป่า,ตำบลตำตัว,ตำตัว,ตำตัว อำเภอตะกั่วป่า พังงา ประเทศไทย
804,Takua Pa Market,HII,8.829423,98.36931,พังงา,พังงา,ตะกั่วป่า,อำเภอตะกั่วป่า,ตำบลโคกเคียน,โคกเคียน,โคกเคียน อำเภอตะกั่วป่า พังงา ประเทศไทย
805,Bang Wan,HII,9.085644,98.44333,พังงา,พังงา,คุระบุรี,อำเภอ คุระบุรี,ตำบลบางวัน,บางวัน,บางวัน อำเภอ คุระบุรี พังงา ประเทศไทย
806,Thap Put,HII,8.503284,98.630226,พังงา,พังงา,ทับปุด,อำเภอ ทับปุด,ตำบลทับปุด,ทับปุด,ทับปุด อำเภอ ทับปุด พังงา ประเทศไทย
807,Lam Kaen,HII,8.596668,98.25741,พังงา,พังงา,ท้ายเหมือง,อำเภอ ท้ายเหมือง,ตำบลลำแก่น,ลำแก่น,ลำแก่น อำเภอ ท้ายเหมือง พังงา ประเทศไทย
808,Ra Wai,HII,7.7708,98.31875,ภูเก็ต,ภูเก็ต,เมืองภูเก็ต,อำเภอเมืองภูเก็ต,ตำบลราไวย์,ราไวย์,ราไวย์ อำเภอเมืองภูเก็ต ภูเก็ต ประเทศไทย
809,Mai Khao,HII,8.182022,98.298904,ภูเก็ต,ภูเก็ต,ถลาง,อำเภอถลาง,ตำบลไม้ขาว,ไม้ขาว,ไม้ขาว อำเภอถลาง ภูเก็ต 83110 ประเทศไทย
810,,HII,9.4831,100.064,นครศรีธรรมราช,สุราษฎร์ธานี,เมืองนครศรีธรรมราช,อำเภอเกาะสมุย,ตำบลบ่อผุด,บ่อผุด,บ่อผุด อำเภอเกาะสมุย สุราษฎร์ธานี ประเทศไทย
811,Khlong Pha,HII,9.592501,99.11957,สุราษฎร์ธานี,สุราษฎร์ธานี,เมืองสุราษฎร์ธานี,อำเภอท่าชนะ,ตำบลคลองพา,คลองพา,คลองพา อำเภอท่าชนะ สุราษฎร์ธานี ประเทศไทย
812,Tapi 4,HII,9.029423,98.969635,สุราษฎร์ธานี,สุราษฎร์ธานี,คีรีรัฐนิคม,อำเภอ คีรีรัฐนิคม,ตำบลท่าขนอน,ท่าขนอน,ท่าขนอน ตำบล ท่าขนอน อำเภอ คีรีรัฐนิคม สุราษฎร์ธานี 84180 ประเทศไทย
813,Phasaeng,HII,8.941192,98.861664,สุราษฎร์ธานี,สุราษฎร์ธานี,บ้านตาขุน,อำเภอบ้านตาขุน,ตำบลพะแสง,พะแสง,พะแสง อำเภอบ้านตาขุน สุราษฎร์ธานี ประเทศไทย
814,Khlong Sok,HII,8.890499,98.66137,สุราษฎร์ธานี,สุราษฎร์ธานี,พนม,อำเภอพนม,ตำบลคลองศก,คลองศก,คลองศก ตำบล คลองศก อำเภอพนม สุราษฎร์ธานี 84250 ประเทศไทย
815,Khao Sok,HII,8.880866,98.85288,สุราษฎร์ธานี,สุราษฎร์ธานี,พนม,อำเภอพนม,ตำบลต้นยวน,ต้นยวน,ต้นยวน อำเภอพนม สุราษฎร์ธานี ประเทศไทย
816,Ban Tap Christ Communuty,HII,8.750306,98.80195,สุราษฎร์ธานี,สุราษฎร์ธานี,พนม,อำเภอพนม,ตำบลคลองชะอุ่น,คลองชะอุ่น,คลองชะอุ่น อำเภอพนม สุราษฎร์ธานี 84250 ประเทศไทย
817,Ban Thap Christ 2 Communuty,HII,8.7258,98.821014,สุราษฎร์ธานี,สุราษฎร์ธานี,พนม,อำเภอพนม,ตำบลคลองชะอุ่น,คลองชะอุ่น,คลองชะอุ่น อำเภอพนม สุราษฎร์ธานี 84250 ประเทศไทย
818,Pak Chalui,HII,9.300559,99.02601,นครศรีธรรมราช,สุราษฎร์ธานี,เมืองนครศรีธรรมราช,อำเภอท่าฉาง,ตำบลปากฉลุย,ปากฉลุย,ปากฉลุย ตำบล ปากฉลุย อำเภอท่าฉาง สุราษฎร์ธานี 84150 ประเทศไทย
819,Khuan Suban,HII,8.881527,99.38226,นครศรีธรรมราช,สุราษฎร์ธานี,เมืองนครศรีธรรมราช,อำเภอบ้านนาสาร,ตำบลควนสุบรรณ,ควนสุบรรณ,ควนสุบรรณ อำเภอบ้านนาสาร สุราษฎร์ธานี ประเทศไทย
820,Ban Sadet,HII,8.763571,99.0646,นครศรีธรรมราช,สุราษฎร์ธานี,เมืองนครศรีธรรมราช,อำเภอ เคียนซา,ตำบลบ้านเสด็จ,บ้านเสด็จ,บ้านเสด็จ อำเภอ เคียนซา สุราษฎร์ธานี ประเทศไทย
821,Tapi 5,HII,8.571061,99.25393,นครศรีธรรมราช,สุราษฎร์ธานี,เมืองนครศรีธรรมราช,อำเภอ พระแสง,ตำบลอิปัน,อิปัน,อิปัน อำเภอ พระแสง สุราษฎร์ธานี 84210 ประเทศไทย
822,Tha Kham,HII,9.106087,99.2328,นครศรีธรรมราช,สุราษฎร์ธานี,เมืองนครศรีธรรมราช,อำเภอพุนพิน,ตำบลท่าข้าม,ท่าข้าม,ท่าข้าม อำเภอพุนพิน สุราษฎร์ธานี 84130 ประเทศไทย
823,Tapi 1,HII,9.131316,99.25879,นครศรีธรรมราช,สุราษฎร์ธานี,เมืองนครศรีธรรมราช,อำเภอพุนพิน,ตำบลท่าข้าม,ท่าข้าม,ท่าข้าม อำเภอพุนพิน สุราษฎร์ธานี 84130 ประเทศไทย
824,Tapi 3,HII,8.986866,99.21123,นครศรีธรรมราช,สุราษฎร์ธานี,เมืองนครศรีธรรมราช,อำเภอพุนพิน,ตำบลท่าสะท้อน,ท่าสะท้อน,ท่าสะท้อน อำเภอพุนพิน สุราษฎร์ธานี ประเทศไทย
825,Lilet Communuty,HII,9.191665,99.253815,นครศรีธรรมราช,สุราษฎร์ธานี,เมืองนครศรีธรรมราช,อำเภอพุนพิน,ตำบลลีเล็ด,ลีเล็ด,ลีเล็ด อำเภอพุนพิน สุราษฎร์ธานี ประเทศไทย
826,Tapi 2,HII,9.085804,99.170044,นครศรีธรรมราช,สุราษฎร์ธานี,เมืองนครศรีธรรมราช,อำเภอพุนพิน,ตำบลท่าโรงช้าง,ท่าโรงช้าง,ท่าโรงช้าง อำเภอพุนพิน สุราษฎร์ธานี 84130 ประเทศไทย
827,Chai Buri,HII,8.450631,99.08303,นครศรีธรรมราช,สุราษฎร์ธานี,เมืองนครศรีธรรมราช,อำเภอ ชัยบุรี,ตำบลชัยบุรี,ชัยบุรี,ชัยบุรี อำเภอ ชัยบุรี สุราษฎร์ธานี ประเทศไทย
828,Tapi 7,HII,9.206436,98.952484,สุราษฎร์ธานี,สุราษฎร์ธานี,วิภาวดี,อำเภอ วิภาวดี,ตำบลตะกุกเหนือ,ตะกุกเหนือ,ตะกุกเหนือ ตำบล ตะกุกเหนือ อำเภอ วิภาวดี สุราษฎร์ธานี ประเทศไทย
829,Mueang Ranong,HII,9.961628,98.64459,ระนอง,ระนอง,เมืองระนอง,อำเภอเมืองระนอง,ตำบลบางริ้น,บางริ้น,บางริ้น อำเภอเมืองระนอง ระนอง 85000 ประเทศไทย
830,Ranong,HII,9.960368,98.63784,ระนอง,ระนอง,เมืองระนอง,อำเภอเมืองระนอง,ตำบลเขานิเวศน์,เขานิเวศน์,เขานิเวศน์ อำเภอเมืองระนอง ระนอง 85000 ประเทศไทย
831,Pak Nam,HII,9.946504,98.59523,ระนอง,ระนอง,เมืองระนอง,อำเภอเมืองระนอง,ตำบลปากน้ำ,ปากน้ำ,ปากน้ำ อำเภอเมืองระนอง ระนอง ประเทศไทย
832,Bang Hin,HII,9.536913,98.57949,ระนอง,ระนอง,กะเปอร์,อำเภอ กะเปอร์,ตำบลบางหิน,บางหิน,บางหิน อำเภอ กะเปอร์ ระนอง ประเทศไทย
833,Bang Yai,HII,10.306609,98.77082,ระนอง,ระนอง,กระบุรี,อำเภอ กระบุรี,ตำบลบางใหญ่,บางใหญ่,บางใหญ่ ตำบล บางใหญ่ อำเภอ กระบุรี ระนอง 85110 ประเทศไทย
834,,HII,10.26858,98.75568,ระนอง,ระนอง,กระบุรี,อำเภอ กระบุรี,ตำบลบางใหญ่,บางใหญ่,บางใหญ่ ตำบล บางใหญ่ อำเภอ กระบุรี ระนอง 85110 ประเทศไทย
835,Chumphon 1,HII,10.57441,99.145744,ชุมพร,ชุมพร,เมืองชุมพร,อำเภอเมืองชุมพร,ตำบลหาดพันไกร,หาดพันไกร,หาดพันไกร อำเภอเมืองชุมพร ชุมพร ประเทศไทย
836,Wang Mai,HII,10.503839,98.985825,ชุมพร,ชุมพร,เมืองชุมพร,อำเภอเมืองชุมพร,ตำบลวังใหม่,วังใหม่,วังใหม่ ตำบล วังใหม่ อำเภอเมืองชุมพร ชุมพร ประเทศไทย
837,Tha Kham,HII,10.620328,99.12831,ชุมพร,ชุมพร,เมืองชุมพร,อำเภอท่าแซะ,ตำบลท่าข้าม,ท่าข้าม,ท่าข้าม อำเภอท่าแซะ ชุมพร ประเทศไทย
838,Hong Charoen,HII,10.779731,99.19109,ชุมพร,ชุมพร,เมืองชุมพร,อำเภอท่าแซะ,ตำบลหงษ์เจริญ,หงษ์เจริญ,หงษ์เจริญ อำเภอท่าแซะ ชุมพร ประเทศไทย
839,Pathiuwittaya School Communuty,HII,10.708008,99.32275,ชุมพร,ชุมพร,เมืองชุมพร,อำเภอปะทิว,ตำบลบางสน,บางสน,บางสน อำเภอปะทิว ชุมพร ประเทศไทย
840,Khao Chai Rat,HII,10.94428,99.29769,ชุมพร,ชุมพร,เมืองชุมพร,อำเภอปะทิว,ตำบลเขาไชยราช,เขาไชยราช,เขาไชยราช อำเภอปะทิว ชุมพร ประเทศไทย
841,Luang Suan,HII,9.953396,99.06441,สุราษฎร์ธานี,ชุมพร,เมืองสุราษฎร์ธานี,อำเภอหลังสวน,ตำบลขันเงิน,ขันเงิน,ขันเงิน อำเภอหลังสวน ชุมพร 86110 ประเทศไทย
842,Thung Kha Wat,HII,9.740884,99.02647,สุราษฎร์ธานี,ชุมพร,เมืองสุราษฎร์ธานี,อำเภอละแม,ตำบลทุ่งคาวัด,ทุ่งคาวัด,ทุ่งคาวัด อำเภอละแม ชุมพร 86170 ประเทศไทย
843,,HII,9.86537,98.844899,ชุมพร,ชุมพร,พะโต๊ะ,อำเภอ พะโต๊ะ,ตำบลพะโต๊ะ,พะโต๊ะ,พะโต๊ะ อำเภอ พะโต๊ะ ชุมพร 86180 ประเทศไทย
844,Prarak,HII,9.896209,98.88709,ชุมพร,ชุมพร,พะโต๊ะ,อำเภอ พะโต๊ะ,ตำบลพระรักษ์,พระรักษ์,พระรักษ์ อำเภอ พะโต๊ะ ชุมพร 86180 ประเทศไทย
845,Sawi 1,HII,10.231191,99.098465,สุราษฎร์ธานี,ชุมพร,เมืองสุราษฎร์ธานี,อำเภอสวี,ตำบลสวี,สวี,สวี อำเภอสวี ชุมพร 86130 ประเทศไทย
846,Sawi 2,HII,10.203307,99.04359,สุราษฎร์ธานี,ชุมพร,เมืองสุราษฎร์ธานี,อำเภอสวี,ตำบลทุ่งระยะ,ทุ่งระยะ,ทุ่งระยะ อำเภอสวี ชุมพร 86130 ประเทศไทย
847,Khao Khai,HII,10.121988,98.89596,ชุมพร,ชุมพร,สวี,อำเภอสวี,ตำบลเขาค่าย,เขาค่าย,เขาค่าย อำเภอสวี ชุมพร ประเทศไทย
848,Pak Tako,HII,10.100547,99.13784,สุราษฎร์ธานี,ชุมพร,เมืองสุราษฎร์ธานี,อำเภอทุ่งตะโก,ตำบลปากตะโก,ปากตะโก,ปากตะโก ตำบล ปากตะโก อำเภอทุ่งตะโก ชุมพร ประเทศไทย
849,Chana 1,HII,6.916774,100.72958,สงขลา,สงขลา,เมืองสงขลา,อำเภอจะนะ,ตำบลบ้านนา,บ้านนา,บ้านนา อำเภอจะนะ สงขลา 90130 ประเทศไทย
850,Na Tawi,HII,6.738061,100.69319,สงขลา,สงขลา,เมืองสงขลา,อำเภอ นาทวี,ตำบลนาทวี,นาทวี,นาทวี อำเภอ นาทวี สงขลา 90160 ประเทศไทย
851,Choeng Sae Tai Temple,HII,7.631115,100.333626,สงขลา,สงขลา,เมืองสงขลา,อำเภอ กระแสสินธุ์,ตำบลเชิงแส,เชิงแส,เชิงแส อำเภอ กระแสสินธุ์ สงขลา ประเทศไทย
852,Ban Khao Phra Community,HII,7.02788,100.162,สงขลา,สงขลา,เมืองสงขลา,อำเภอรัตภูมิ,ตำบลเขาพระ,เขาพระ,เขาพระ อำเภอรัตภูมิ สงขลา 90180 ประเทศไทย
853,Khao Phra,HII,7.080181,100.18832,สงขลา,สงขลา,เมืองสงขลา,อำเภอรัตภูมิ,ตำบลเขาพระ,เขาพระ,เขาพระ อำเภอรัตภูมิ สงขลา 90180 ประเทศไทย
854,Sa Dao,HII,6.638339,100.42474,สงขลา,สงขลา,เมืองสงขลา,อำเภอสะเดา,ตำบลสะเดา,สะเดา,สะเดา อำเภอสะเดา สงขลา 90120 ประเทศไทย
855,Songkhla Lake 3,HII,6.796655,100.442406,สงขลา,สงขลา,เมืองสงขลา,อำเภอสะเดา,ตำบลพังลา,พังลา,พังลา ตำบล พังลา อำเภอสะเดา สงขลา 90170 ประเทศไทย
856,Songkhla Lake 1,HII,6.980142,100.46324,สงขลา,สงขลา,เมืองสงขลา,อำเภอหาดใหญ่,ตำบลควนลัง,ควนลัง,ควนลัง อำเภอหาดใหญ่ สงขลา ประเทศไทย
857,Phi Chit,HII,6.988308,100.571526,สงขลา,สงขลา,เมืองสงขลา,อำเภอ นาหม่อม,ตำบลพิจิตร,พิจิตร,พิจิตร อำเภอ นาหม่อม สงขลา ประเทศไทย
858,Songkhla 7,HII,7.079437,100.42788,สงขลา,สงขลา,เมืองสงขลา,อำเภอบางกล่ำ,ตำบลท่าช้าง,ท่าช้าง,ท่าช้าง อำเภอบางกล่ำ สงขลา ประเทศไทย
859,Songkhla Lake 5,HII,7.26143,100.42435,สงขลา,สงขลา,เมืองสงขลา,อำเภอ สิงหนคร,ตำบลปากรอ,ปากรอ,ปากรอ อำเภอ สิงหนคร สงขลา ประเทศไทย
860,Song Khla Lake 2,HII,6.931235,100.43985,สงขลา,สงขลา,เมืองสงขลา,อำเภอ คลองหอยโข่ง,ตำบลทุ่งลาน,ทุ่งลาน,ทุ่งลาน อำเภอ คลองหอยโข่ง สงขลา 90230 ประเทศไทย
861,Satun 1,HII,6.726643,100.06259,สงขลา,สตูล,เมืองสงขลา,อำเภอเมืองสตูล,ตำบลฉลุง,ฉลุง,ฉลุง อำเภอเมืองสตูล สตูล ประเทศไทย
862,Che Bilang,HII,6.657272,99.970314,สงขลา,สตูล,เมืองสงขลา,อำเภอเมืองสตูล,ตำบลเจ๊ะบิลัง,เจ๊ะบิลัง,เจ๊ะบิลัง อำเภอเมืองสตูล สตูล 91000 ประเทศไทย
863,Khok Phayom Communuty,HII,6.818722,99.80933,สงขลา,สตูล,เมืองสงขลา,อำเภอละงู,ตำบลละงู,ละงู,ละงู อำเภอละงู สตูล ประเทศไทย
864,Pakae Bohin,HII,7.056433,99.80188,สงขลา,สตูล,เมืองสงขลา,อำเภอ ทุ่งหว้า,ตำบลป่าแก่บ่อหิน,ป่าแก่บ่อหิน,ป่าแก่บ่อหิน อำเภอ ทุ่งหว้า สตูล ประเทศไทย
865,Trang 2,HII,7.5559,99.57821,สงขลา,ตรัง,เมืองสงขลา,อำเภอเมืองตรัง,ตำบลบางรัก,บางรัก,บางรัก อำเภอเมืองตรัง ตรัง 92000 ประเทศไทย
866,khuanpo,HII,7.415494,99.666435,สงขลา,ตรัง,เมืองสงขลา,อำเภอ ย่านตาขาว,ตำบลย่านตาขาว,ย่านตาขาว,ย่านตาขาว อำเภอ ย่านตาขาว ตรัง 92140 ประเทศไทย
867,Kalase,HII,7.703879,99.318085,สงขลา,ตรัง,เมืองสงขลา,อำเภอ สิเกา,ตำบลกะลาเส,กะลาเส,กะลาเส อำเภอ สิเกา ตรัง ประเทศไทย
868,Huai Yod,HII,7.789249,99.633545,สงขลา,ตรัง,เมืองสงขลา,อำเภอ ห้วยยอด,ตำบลห้วยยอด,ห้วยยอด,ห้วยยอด อำเภอ ห้วยยอด ตรัง 92130 ประเทศไทย
869,Trang 1,HII,7.729382,99.55148,สงขลา,ตรัง,เมืองสงขลา,อำเภอ ห้วยยอด,ตำบลปากคม,ปากคม,ปากคม อำเภอ ห้วยยอด ตรัง ประเทศไทย
870,Khlong Na Thom,HII,7.558882,99.98751,สงขลา,พัทลุง,เมืองสงขลา,อำเภอ ศรีนครินทร์,ตำบลร่มเมือง,อ่างทอง,อ่างทอง อำเภอ ศรีนครินทร์ พัทลุง 93000 ประเทศไทย
871,Khlong Chaloem,HII,7.382422,99.98023,สงขลา,พัทลุง,เมืองสงขลา,อำเภอ กงหรา,ตำบลคลองเฉลิม,คลองเฉลิม,คลองเฉลิม อำเภอ กงหรา พัทลุง ประเทศไทย
872,Khlong Nang Riam,HII,7.760618,100.178528,สงขลา,พัทลุง,เมืองสงขลา,อำเภอ ควนขนุน,ตำบลพนางตุง,พนางตุง,พนางตุง อำเภอ ควนขนุน พัทลุง 93150 ประเทศไทย
873,,HII,7.84,99.94,สงขลา,พัทลุง,เมืองสงขลา,อำเภอ ป่าพะยอม,ตำบลป่าพะยอม,ป่าพะยอม,ป่าพะยอม อำเภอ ป่าพะยอม พัทลุง ประเทศไทย
874,,HII,7.83998,99.9186,สงขลา,พัทลุง,เมืองสงขลา,อำเภอ ป่าพะยอม,ตำบลป่าพะยอม,ป่าพะยอม,ป่าพะยอม อำเภอ ป่าพะยอม พัทลุง ประเทศไทย
875,Pa Phayom,HII,7.807019,99.84858,สงขลา,พัทลุง,เมืองสงขลา,อำเภอ ป่าพะยอม,ตำบลเกาะเต่า,เกาะเต่า,เกาะเต่า อำเภอ ป่าพะยอม พัทลุง ประเทศไทย
876,Pa Phayom,HII,7.835719,99.93296,สงขลา,พัทลุง,เมืองสงขลา,อำเภอ ป่าพะยอม,ตำบลป่าพะยอม,ป่าพะยอม,ป่าพะยอม อำเภอ ป่าพะยอม พัทลุง ประเทศไทย
877,"Prince of Songkla U., Pattani Campus",HII,6.891315,101.264725,สงขลา,ปัตตานี,เมืองสงขลา,อำเภอเมืองปัตตานี,ตำบลบานา,บานา,บานา อำเภอเมืองปัตตานี ปัตตานี ประเทศไทย
878,,HII,6.8807,101.238,สงขลา,ปัตตานี,เมืองสงขลา,อำเภอเมืองปัตตานี,ตำบลรูสะมิแล,รูสะมิแล,รูสะมิแล อำเภอเมืองปัตตานี ปัตตานี ประเทศไทย
879,Chok Pho,HII,6.72936,101.09681,สงขลา,ปัตตานี,เมืองสงขลา,อำเภอ โคกโพธิ์,ตำบลโคกโพธิ์,โคกโพธิ์,โคกโพธิ์ อำเภอ โคกโพธิ์ ปัตตานี ประเทศไทย
880,Pattani Rice Research Center,HII,6.754159,101.133354,สงขลา,ปัตตานี,เมืองสงขลา,อำเภอ โคกโพธิ์,ตำบลนาเกตุ,นาเกตุ,นาเกตุ อำเภอ โคกโพธิ์ ปัตตานี ประเทศไทย
881,Demonstration Farm Mae Lan,HII,6.657902,101.24637,สงขลา,ปัตตานี,เมืองสงขลา,อำเภอ แม่ลาน,ตำบลแม่ลาน,แม่ลาน,แม่ลาน อำเภอ แม่ลาน ปัตตานี 94180 ประเทศไทย
882,,HII,6.63707,101.186,สงขลา,ปัตตานี,เมืองสงขลา,อำเภอ โคกโพธิ์,ตำบลปากล่อ,ปากล่อ,ปากล่อ อำเภอ โคกโพธิ์ ปัตตานี 94180 ประเทศไทย
883,Ban Tha Dan Communuty,HII,6.834735,101.20047,สงขลา,ปัตตานี,เมืองสงขลา,อำเภอ หนองจิก,ตำบลดอนรัก,ดอนรัก,ดอนรัก อำเภอ หนองจิก ปัตตานี ประเทศไทย
884,Tuyong Gate,HII,6.836011,101.172,สงขลา,ปัตตานี,เมืองสงขลา,อำเภอ หนองจิก,ตำบลตุยง,ตุยง,ตุยง อำเภอ หนองจิก ปัตตานี 94170 ประเทศไทย
885,,HII,6.83587,101.172,สงขลา,ปัตตานี,เมืองสงขลา,อำเภอ หนองจิก,ตำบลตุยง,ตุยง,ตุยง อำเภอ หนองจิก ปัตตานี 94170 ประเทศไทย
886,Demonstration Farm Panare,HII,6.843022,101.49456,สงขลา,ปัตตานี,เมืองสงขลา,อำเภอ ปะนาเระ,ตำบลท่าข้าม,ท่าข้าม,ท่าข้าม อำเภอ ปะนาเระ ปัตตานี 94130 ประเทศไทย
887,,HII,6.71809,101.414,สงขลา,ปัตตานี,เมืองสงขลา,อำเภอ มายอ,ตำบลมายอ,มายอ,มายอ อำเภอ มายอ ปัตตานี 94140 ประเทศไทย
888,Mayo,HII,6.718163,101.41407,สงขลา,ปัตตานี,เมืองสงขลา,อำเภอ มายอ,ตำบลมายอ,มายอ,มายอ อำเภอ มายอ ปัตตานี 94140 ประเทศไทย
889,Thung Yang Daeng Agri. Office,HII,6.617048,101.42665,สงขลา,ปัตตานี,เมืองสงขลา,อำเภอ ทุ่งยางแดง,ตำบลตะโละแมะนา,ตะโละแมะนา,ตะโละแมะนา อำเภอ ทุ่งยางแดง ปัตตานี ประเทศไทย
890,Sai Buri Disctrict Office,HII,6.764132,101.3006,สงขลา,ปัตตานี,เมืองสงขลา,อำเภอ ยะรัง,ตำบลยะรัง,ยะรัง,ยะรัง อำเภอ ยะรัง ปัตตานี 94160 ประเทศไทย
891,Manang Dalam,HII,6.673368,101.60927,สงขลา,ปัตตานี,เมืองสงขลา,อำเภอ สายบุรี,ตำบลละหาร,ละหาร,ละหาร อำเภอ สายบุรี ปัตตานี ประเทศไทย
892,Mai Kaen District Office,HII,6.610475,101.66755,สงขลา,ปัตตานี,เมืองสงขลา,อำเภอ ไม้แก่น,ตำบลไทรทอง,ไทรทอง,ไทรทอง อำเภอ ไม้แก่น ปัตตานี 94220 ประเทศไทย
893,,HII,6.86287,101.377,สงขลา,ปัตตานี,เมืองสงขลา,อำเภอ ยะหริ่ง,ตำบลยามู,ยามู,ยามู อำเภอ ยะหริ่ง ปัตตานี 94150 ประเทศไทย
894,Phru Sanor,HII,6.86291,101.37757,สงขลา,ปัตตานี,เมืองสงขลา,อำเภอ ยะหริ่ง,ตำบลยามู,ยามู,ยามู อำเภอ ยะหริ่ง ปัตตานี 94150 ประเทศไทย
895,Khao Tum,HII,6.619177,101.30675,สงขลา,ปัตตานี,เมืองสงขลา,อำเภอ ยะรัง,ตำบลเขาตูม,เขาตูม,เขาตูม ตำบล เขาตูม อำเภอ ยะรัง ปัตตานี ประเทศไทย
896,Kapho Police Station,HII,6.560148,101.53407,สงขลา,ปัตตานี,เมืองสงขลา,อำเภอ กะพ้อ,ตำบลกะรุบี,กะรุบี,กะรุบี อำเภอ กะพ้อ ปัตตานี 94230 ประเทศไทย
897,Yala Irragation,HII,6.537415,101.259384,สงขลา,ยะลา,เมืองสงขลา,อำเภอเมืองยะลา,ตำบลสะเตง,สะเตง,สะเตง อำเภอเมืองยะลา ยะลา ประเทศไทย
898,Ban Khuan 2 Communuty,HII,6.576337,101.199104,สงขลา,ยะลา,เมืองสงขลา,อำเภอเมืองยะลา,ตำบลลำใหม่,ลำใหม่,ลำใหม่ อำเภอเมืองยะลา ยะลา ประเทศไทย
899,Ban Khuan 1 Communuty,HII,6.576907,101.169525,สงขลา,ยะลา,เมืองสงขลา,อำเภอเมืองยะลา,ตำบลลำพะยา,ลำพะยา,ลำพะยา อำเภอเมืองยะลา ยะลา 95160 ประเทศไทย
900,Maintenance Pattani,HII,6.675874,101.28733,สงขลา,ยะลา,เมืองสงขลา,อำเภอเมืองยะลา,ตำบลตาเซะ,ตาเซะ,ตาเซะ อำเภอเมืองยะลา ยะลา ประเทศไทย
901,Patthani 2,HII,6.675252,101.28636,สงขลา,ยะลา,เมืองสงขลา,อำเภอเมืองยะลา,ตำบลตาเซะ,ตาเซะ,ตาเซะ อำเภอเมืองยะลา ยะลา ประเทศไทย
902,Border patrols 445,HII,6.009283,101.268036,สงขลา,ยะลา,เมืองสงขลา,อำเภอ ธารโต,ตำบลแม่หวาด,แม่หวาด,แม่หวาด อำเภอ ธารโต ยะลา ประเทศไทย
903,Yarom,HII,5.775882,101.092445,ยะลา,ยะลา,เบตง,อำเภอเบตง,ตำบลยะรม,ยะรม,ยะรม อำเภอเบตง ยะลา 95110 ประเทศไทย
904,Ban Mueang Communuty,HII,5.923804,101.12602,ยะลา,ยะลา,เบตง,อำเภอเบตง,ตำบลอัยเยอร์เวง,อัยเยอร์เวง,อัยเยอร์เวง ตำบล อัยเยอร์เวง อำเภอเบตง ยะลา 95110 ประเทศไทย
905,Patthani 1,HII,6.261644,101.26789,สงขลา,ยะลา,เมืองสงขลา,อำเภอ บันนังสตา,ตำบลบาเจาะ,บาเจาะ,บาเจาะ อำเภอ บันนังสตา ยะลา 95130 ประเทศไทย
906,,HII,6.26622,101.265,สงขลา,ยะลา,เมืองสงขลา,อำเภอ บันนังสตา,ตำบลบันนังสตา,บันนังสตา,บันนังสตา อำเภอ บันนังสตา ยะลา 95130 ประเทศไทย
907,Khuean Bang Lang,HII,6.160882,101.27524,สงขลา,ยะลา,เมืองสงขลา,อำเภอ ธารโต,ตำบลเขื่อนบางลาง,ธารโต,ธารโต อำเภอ ธารโต ยะลา ประเทศไทย
908,Yala Land Office,HII,6.170364,101.18084,สงขลา,ยะลา,เมืองสงขลา,อำเภอ ธารโต,ตำบลธารโต,ธารโต,ธารโต อำเภอ ธารโต ยะลา ประเทศไทย
909,,HII,6.47269,101.171,สงขลา,ยะลา,เมืองสงขลา,อำเภอ ยะหา,ตำบลละแอ,ละแอ,ละแอ อำเภอ ยะหา ยะลา 95120 ประเทศไทย
910,,HII,6.47543,101.427,สงขลา,ยะลา,เมืองสงขลา,อำเภอ รามัน,ตำบลกายูบอเกาะ,กายูบอเกาะ,กายูบอเกาะ อำเภอ รามัน ยะลา 95140 ประเทศไทย
911,Raman Disctrict Office,HII,6.479003,101.4241,สงขลา,ยะลา,เมืองสงขลา,อำเภอ รามัน,ตำบลกายูบอเกาะ,กายูบอเกาะ,กายูบอเกาะ อำเภอ รามัน ยะลา 95140 ประเทศไทย
912,,HII,6.47962,101.445,สงขลา,ยะลา,เมืองสงขลา,อำเภอ รามัน,ตำบลตะโล๊ะหะลอ,ตะโล๊ะหะลอ,ตะโล๊ะหะลอ อำเภอ รามัน ยะลา 95140 ประเทศไทย
913,Ka Bang,HII,6.480401,100.98257,สงขลา,ยะลา,เมืองสงขลา,อำเภอ กาบัง,ตำบลกาบัง,กาบัง,กาบัง อำเภอ กาบัง ยะลา 95120 ประเทศไทย
914,Kabang Disctrict Office,HII,6.427075,101.0192,สงขลา,ยะลา,เมืองสงขลา,อำเภอ กาบัง,ตำบลกาบัง,กาบัง,กาบัง อำเภอ กาบัง ยะลา 95120 ประเทศไทย
915,Krong Pinang Disctrict Office,HII,6.410918,101.27359,สงขลา,ยะลา,เมืองสงขลา,อำเภอ กรงปินัง,ตำบลสะเอะ,สะเอะ,สะเอะ อำเภอ กรงปินัง ยะลา 95000 ประเทศไทย
916,Narathiwat Road Office,HII,6.048807,101.56979,สงขลา,นราธิวาส,เมืองสงขลา,อำเภอ จะแนะ,ตำบลช้างเผือก,ช้างเผือก,ช้างเผือก อำเภอ จะแนะ นราธิวาส 96220 ประเทศไทย
917,Tak Bai,HII,6.239135,102.08371,สงขลา,นราธิวาส,เมืองสงขลา,อำเภอ ตากใบ,ตำบลเจ๊ะเห,เจ๊ะเห,เจ๊ะเห อำเภอ ตากใบ นราธิวาส ประเทศไทย
918,Ba Jor Hospital,HII,6.51914,101.65872,สงขลา,นราธิวาส,เมืองสงขลา,อำเภอ บาเจาะ,ตำบลบาเจาะ,บาเจาะ,บาเจาะ อำเภอ บาเจาะ นราธิวาส 96170 ประเทศไทย
919,Yi-ngo,HII,6.40344,101.70683,สงขลา,นราธิวาส,เมืองสงขลา,อำเภอ ยี่งอ,ตำบลยี่งอ,ยี่งอ,ยี่งอ อำเภอ ยี่งอ นราธิวาส ประเทศไทย
920,Ra  Ngae,HII,6.294604,101.72371,สงขลา,นราธิวาส,เมืองสงขลา,อำเภอ ระแงะ,ตำบลตันหยงมัส,ตันหยงมัส,ตันหยงมัส อำเภอ ระแงะ นราธิวาส ประเทศไทย
921,Rue Scho Park,HII,6.387944,101.51716,สงขลา,นราธิวาส,เมืองสงขลา,อำเภอ รือเสาะ,ตำบลรือเสาะ,รือเสาะ,รือเสาะ อำเภอ รือเสาะ นราธิวาส 96150 ประเทศไทย
922,Sai Buri 2,HII,6.227293,101.49695,สงขลา,นราธิวาส,เมืองสงขลา,อำเภอ ศรีสาคร,ตำบลซากอ,ซากอ,ซากอ อำเภอ ศรีสาคร นราธิวาส 96210 ประเทศไทย
923,Si Sakhon Waterwork,HII,6.222666,101.502304,สงขลา,นราธิวาส,เมืองสงขลา,อำเภอ ศรีสาคร,ตำบลซากอ,ซากอ,ซากอ อำเภอ ศรีสาคร นราธิวาส 96210 ประเทศไทย
924,Waeng,HII,5.93331,101.882065,นราธิวาส,นราธิวาส,แว้ง,อำเภอ แว้ง,ตำบลแว้ง,แว้ง,แว้ง อำเภอ แว้ง นราธิวาส 96160 ประเทศไทย
925,Bu Ke Ta,HII,5.848724,101.88031,นราธิวาส,นราธิวาส,แว้ง,อำเภอ แว้ง,ตำบลโละจูด,โละจูด,โละจูด อำเภอ แว้ง นราธิวาส 96160 ประเทศไทย
926,,HII,5.86058,101.886,นราธิวาส,นราธิวาส,แว้ง,อำเภอ แว้ง,ตำบลโละจูด,โละจูด,โละจูด อำเภอ แว้ง นราธิวาส 96160 ประเทศไทย
927,Sukirin,HII,5.940175,101.77141,นราธิวาส,นราธิวาส,สุคิริน,อำเภอ สุคิริน,ตำบลสุคิริน,สุคิริน,สุคิริน อำเภอ สุคิริน นราธิวาส 96190 ประเทศไทย
928,Sai Buri 1,HII,5.939266,101.77475,นราธิวาส,นราธิวาส,สุคิริน,อำเภอ สุคิริน,ตำบลมาโมง,มาโมง,มาโมง อำเภอ สุคิริน นราธิวาส 96190 ประเทศไทย
929,SIRINDHORN Swamp Forest Research Center,HII,6.005104,101.958084,สงขลา,นราธิวาส,เมืองสงขลา,อำเภอ สุไหงโก-ลก,ตำบลสุไหงโก-ลก,สุไหงโก-ลก,สุไหงโก-ลก อำเภอ สุไหงโก-ลก นราธิวาส ประเทศไทย
930,Pa Lu Ru,HII,6.088407,101.872925,สงขลา,นราธิวาส,เมืองสงขลา,อำเภอ สุไหงปาดี,ตำบลปะลุรู,ปะลุรู,ปะลุรู อำเภอ สุไหงปาดี นราธิวาส 96140 ประเทศไทย
931,,HII,6.04875,101.829,สงขลา,นราธิวาส,เมืองสงขลา,อำเภอ สุไหงปาดี,ตำบลสากอ,สากอ,สากอ อำเภอ สุไหงปาดี นราธิวาส 96140 ประเทศไทย
932,Chanae,HII,6.098406,101.69395,สงขลา,นราธิวาส,เมืองสงขลา,อำเภอ จะแนะ,ตำบลจะแนะ,จะแนะ,จะแนะ อำเภอ จะแนะ นราธิวาส 96220 ประเทศไทย
933,Cho-airong Agriculture Office,HII,6.224212,101.81097,สงขลา,นราธิวาส,เมืองสงขลา,อำเภอ เจาะไอร้อง,ตำบลจวบ,จวบ,จวบ อำเภอ เจาะไอร้อง นราธิวาส ประเทศไทย
934,Bukit,HII,6.199262,101.82708,สงขลา,นราธิวาส,เมืองสงขลา,อำเภอ เจาะไอร้อง,ตำบลบูกิต,บูกิต,บูกิต อำเภอ เจาะไอร้อง นราธิวาส ประเทศไทย
935,Nong Loeng,HII,18.339111,103.39763,บึงกาฬ,บึงกาฬ,เมืองบึงกาฬ,อำเภอเมืองบึงกาฬ,ตำบลหนองเลิง,หนองเลิง,หนองเลิง อำเภอเมืองบึงกาฬ บึงกาฬ ประเทศไทย
936,Bueng Kan,HII,18.364815,103.65407,บึงกาฬ,บึงกาฬ,เมืองบึงกาฬ,อำเภอเมืองบึงกาฬ,ตำบลบึงกาฬ,บึงกาฬ,บึงกาฬ อำเภอเมืองบึงกาฬ บึงกาฬ 38000 ประเทศไทย
937,Pa Faek,HII,18.063122,103.73638,บึงกาฬ,บึงกาฬ,พรเจริญ,อำเภอ พรเจริญ,ตำบลป่าแฝก,ป่าแฝก,ป่าแฝก อำเภอ พรเจริญ บึงกาฬ 38220 ประเทศไทย
938,Nong Phan Tha,HII,18.10733,103.41312,บึงกาฬ,บึงกาฬ,โซ่พิสัย,อำเภอ โซ่พิสัย,ตำบลหนองพันทา,หนองพันทา,หนองพันทา ตำบล หนองพันทา อำเภอ โซ่พิสัย บึงกาฬ 38220 ประเทศไทย
939,Bueng Khong Long,HII,17.968061,104.04947,บึงกาฬ,บึงกาฬ,บึงโขงหลง,อำเภอ บึงโขงหลง,ตำบลบึงโขงหลง,บึงโขงหลง,บึงโขงหลง อำเภอ บึงโขงหลง บึงกาฬ 38220 ประเทศไทย
940,Bung Khla Communuty,HII,18.294792,103.99484,บึงกาฬ,บึงกาฬ,บุ่งคล้า,อำเภอ บุ่งคล้า,ตำบลบุ่งคล้า,บุ่งคล้า,บุ่งคล้า อำเภอ บุ่งคล้า บึงกาฬ ประเทศไทย
941,Mae La-up Communuty,HII,19.001232,98.271126,เชียงใหม่,เชียงใหม่,กัลยาณิวัฒนา,อำเภอ กัลยาณิวัฒนา,ตำบลแจ่มหลวง,แจ่มหลวง,แจ่มหลวง อำเภอ กัลยาณิวัฒนา เชียงใหม่ ประเทศไทย
1001,Sample Station 1,HII,13.7563,100.5018,กรุงเทพมหานคร,กรุงเทพมหานคร,พระนคร,,พระบรมมหาราชวัง,บวรนิเวศ,บวรนิเวศ แขวงวัดบวรนิเวศ เขตพระนคร กรุงเทพมหานคร 10200 ประเทศไทย
1002,Sample Station 2,HII,13.756301,100.501801,กรุงเทพมหานคร,กรุงเทพมหานคร,พระนคร,,พระบรมมหาราชวัง,บวรนิเวศ,บวรนิเวศ แขวงวัดบวรนิเวศ เขตพระนคร กรุงเทพมหานคร 10200 ประเทศไทย
1003,Sample Station 3,HII,13.756302,100.501802,กรุงเทพมหานคร,กรุงเทพมหานคร,พระนคร,,พระบรมมหาราชวัง,บวรนิเวศ,บวรนิเวศ แขวงวัดบวรนิเวศ เขตพระนคร กรุงเทพมหานคร 10200 ประเทศไทย
1004,Sample Station 4,HII,13.756303,100.501803,กรุงเทพมหานคร,กรุงเทพมหานคร,พระนคร,,พระบรมมหาราชวัง,บวรนิเวศ,บวรนิเวศ แขวงวัดบวรนิเวศ เขตพระนคร กรุงเทพมหานคร 10200 ประเทศไทย
1005,Sample Station 5,HII,13.756304,100.501804,เชียงใหม่,กรุงเทพมหานคร,เมืองเชียงใหม่,,ศรีภูมิ,บวรนิเวศ,บวรนิเวศ แขวงวัดบวรนิเวศ เขตพระนคร กรุงเทพมหานคร 10200 ประเทศไทย
1006,Sample Station 6,HII,13.756305,100.501805,เชียงใหม่,กรุงเทพมหานคร,เมืองเชียงใหม่,,ศรีภูมิ,บวรนิเวศ,บวรนิเวศ แขวงวัดบวรนิเวศ เขตพระนคร กรุงเทพมหานคร 10200 ประเทศไทย
1007,Sample Station 7,HII,13.756306,100.501806,เชียงใหม่,กรุงเทพมหานคร,เมืองเชียงใหม่,,ศรีภูมิ,บวรนิเวศ,บวรนิเวศ แขวงวัดบวรนิเวศ เขตพระนคร กรุงเทพมหานคร 10200 ประเทศไทย
1008,Sample Station 8,HII,13.756307,100.501807,ขอนแก่น,กรุงเทพมหานคร,เมืองขอนแก่น,,ในเมือง,บวรนิเวศ,บวรนิเวศ แขวงวัดบวรนิเวศ เขตพระนคร กรุงเทพมหานคร 10200 ประเทศไทย
1009,Sample Station 9,HII,13.756308,100.501808,ขอนแก่น,กรุงเทพมหานคร,เมืองขอนแก่น,,ในเมือง,บวรนิเวศ,บวรนิเวศ แขวงวัดบวรนิเวศ เขตพระนคร กรุงเทพมหานคร 10200 ประเทศไทย
1010,Sample Station 10,HII,13.756309,100.501809,ขอนแก่น,กรุงเทพมหานคร,เมืองขอนแก่น,,ในเมือง,บวรนิเวศ,บวรนิเวศ แขวงวัดบวรนิเวศ เขตพระนคร กรุงเทพมหานคร 10200 ประเทศไทย
12349,Khuan Kalong,HII,6.928384,99.936,สงขลา,สตูล,เมืองสงขลา,อำเภอ มะนัง,ตำบลนิคมพัฒนา,นิคมพัฒนา,นิคมพัฒนา อำเภอ มะนัง สตูล 91130 ประเทศไทย
12350,Trang 6,HII,7.964069,99.59781,สงขลา,ตรัง,เมืองสงขลา,อำเภอ รัษฎา,ตำบลวังหิน,ควนเมา,ควนเมา อำเภอ รัษฎา ตรัง 92160 ประเทศไทย
12351,Wang Dong,HII,14.13691,99.38306,กาญจนบุรี,กาญจนบุรี,เมืองกาญจนบุรี,อำเภอเมืองกาญจนบุรี,ตำบลวังด้ง,วังด้ง,วังด้ง อำเภอเมืองกาญจนบุรี กาญจนบุรี ประเทศไทย
12474,Manang,HII,6.940753,99.87286,สงขลา,สตูล,เมืองสงขลา,อำเภอละงู,ตำบลน้ำผุด,น้ำผุด,น้ำผุด อำเภอละงู สตูล ประเทศไทย
12475,Trang 4,HII,7.372003,99.677246,สงขลา,ตรัง,เมืองสงขลา,อำเภอ ปะเหลียน,ตำบลท่าพญา,ท่าพญา,ท่าพญา ตำบล ท่าพญา อำเภอ ปะเหลียน ตรัง 92140 ประเทศไทย
12476,Lin Thin,HII,14.53552,98.78765,กาญจนบุรี,กาญจนบุรี,ทองผาภูมิ,อำเภอทองผาภูมิ,ตำบลลิ่นถิ่น,ลิ่นถิ่น,ลิ่นถิ่น อำเภอทองผาภูมิ กาญจนบุรี ประเทศไทย
12477,Pran Buri 2,HII,12.50847,99.842,ชลบุรี,ประจวบคีรีขันธ์,เมืองชลบุรี,อำเภอหัวหิน,ตำบลทับใต้,ทับใต้,ทับใต้ อำเภอหัวหิน ประจวบคีรีขันธ์ 77110 ประเทศไทย
12478,Tha Yang,HII,12.81334,99.79429,ชลบุรี,เพชรบุรี,เมืองชลบุรี,อำเภอท่ายาง,ตำบลท่าไม้รวก,ท่าไม้รวก,ท่าไม้รวก อำเภอท่ายาง เพชรบุรี 76130 ประเทศไทย
12479,Khlong Khanan,HII,11.24043,99.43525,ชุมพร,ประจวบคีรีขันธ์,เมืองชุมพร,อำเภอบางสะพาน,ตำบลร่อนทอง,ทองมงคล,ทองมงคล อำเภอบางสะพาน ประจวบคีรีขันธ์ ประเทศไทย
12480,Trang 3,HII,7.568062,99.65104,สงขลา,ตรัง,เมืองสงขลา,อำเภอเมืองตรัง,ตำบลบ้านโพธิ์,บ้านโพธิ์,บ้านโพธิ์ อำเภอเมืองตรัง ตรัง ประเทศไทย
12481,La-ngu,HII,6.885762,99.80429,สงขลา,สตูล,เมืองสงขลา,อำเภอละงู,ตำบลกำแพง,กำแพง,กำแพง อำเภอละงู สตูล 91110 ประเทศไทย
12482,,HII,18.8031,99.5837,ลำปาง,ลำปาง,แจ้ห่ม,อำเภอแจ้ห่ม,ตำบลแม่สุก,แม่สุก,แม่สุก ตำบล แม่สุก อำเภอแจ้ห่ม ลำปาง ประเทศไทย
12483,Nakhon Si Thammarat 3,HII,8.391203,99.3952,นครศรีธรรมราช,นครศรีธรรมราช,เมืองนครศรีธรรมราช,อำเภอ ทุ่งใหญ่,ตำบลทุ่งใหญ่,ทุ่งใหญ่,ทุ่งใหญ่ อำเภอ ทุ่งใหญ่ นครศรีธรรมราช 80240 ประเทศไทย
12484,Tapi 6,HII,8.537437,99.18096,นครศรีธรรมราช,สุราษฎร์ธานี,เมืองนครศรีธรรมราช,อำเภอ พระแสง,ตำบลไทรขึง,ไทรขึง,ไทรขึง อำเภอ พระแสง สุราษฎร์ธานี ประเทศไทย
12485,Nakhon Si Thammarat 4,HII,8.414556,99.24981,นครศรีธรรมราช,นครศรีธรรมราช,เมืองนครศรีธรรมราช,อำเภอ ทุ่งใหญ่,ตำบลสินเจริญ,บางรูป,บางรูป อำเภอ ทุ่งใหญ่ นครศรีธรรมราช 80240 ประเทศไทย
13829,Wat Sepala,HII,15.814918,98.878845,ตาก,ตาก,อุ้มผาง,อำเภออุ้มผาง,ตำบลแม่ละมุ้ง,แม่ละมุ้ง,แม่ละมุ้ง อำเภออุ้มผาง ตาก 63170 ประเทศไทย
13869,Kaen Makrut,HII,15.16183,99.28902,อุทัยธานี,อุทัยธานี,บ้านไร่,อำเภอบ้านไร่,ตำบลแก่นมะกรูด,แก่นมะกรูด,แก่นมะกรูด อำเภอบ้านไร่ อุทัยธานี 61140 ประเทศไทย
13870,Wang Yao,HII,14.89017,99.37753,สุพรรณบุรี,สุพรรณบุรี,ด่านช้าง,อำเภอด่านช้าง,ตำบลวังยาว,วังยาว,วังยาว อำเภอด่านช้าง สุพรรณบุรี ประเทศไทย
13871,Thungsueathon,HII,14.9588,98.9089,กาญจนบุรี,กาญจนบุรี,ทองผาภูมิ,อำเภอทองผาภูมิ,ตำบลชะแล,ชะแล,ชะแล อำเภอทองผาภูมิ กาญจนบุรี 71180 ประเทศไทย
13872,National Park Protection Kaeng Krachan,HII,12.97823,99.37312,ชลบุรี,เพชรบุรี,เมืองชลบุรี,อำเภอแก่งกระจาน,ตำบลห้วยแม่เพรียง,ห้วยแม่เพรียง,ห้วยแม่เพรียง อำเภอแก่งกระจาน เพชรบุรี ประเทศไทย
13873,Ka Moei Temple,HII,13.00169,99.58633,เพชรบุรี,เพชรบุรี,แก่งกระจาน,อำเภอแก่งกระจาน,ตำบลแก่งกระจาน,แก่งกระจาน,แก่งกระจาน อำเภอแก่งกระจาน เพชรบุรี ประเทศไทย
13874,Pu Sawan,HII,13.00645,99.73976,เพชรบุรี,เพชรบุรี,แก่งกระจาน,อำเภอแก่งกระจาน,ตำบลพุสวรรค์,พุสวรรค์,พุสวรรค์ อำเภอแก่งกระจาน เพชรบุรี ประเทศไทย
13875,Naresuan Ban Huai Sok Border Patrol Police School,HII,12.66014,99.5387,ชลบุรี,เพชรบุรี,เมืองชลบุรี,อำเภอแก่งกระจาน,ตำบลป่าเด็ง,ป่าเด็ง,ป่าเด็ง อำเภอแก่งกระจาน เพชรบุรี ประเทศไทย
13876,Nong Phlap School,HII,12.593676,99.72895,ชลบุรี,ประจวบคีรีขันธ์,เมืองชลบุรี,อำเภอหัวหิน,ตำบลหนองพลับ,หนองพลับ,หนองพลับ อำเภอหัวหิน ประจวบคีรีขันธ์ ประเทศไทย
13877,Hua Hin,HII,12.52974,99.88111,ชลบุรี,ประจวบคีรีขันธ์,เมืองชลบุรี,อำเภอหัวหิน,ตำบลทับใต้,ทับใต้,ทับใต้ อำเภอหัวหิน ประจวบคีรีขันธ์ 77110 ประเทศไทย
13878,Phraek Talui,HII,12.32247,99.62341,ประจวบคีรีขันธ์,ประจวบคีรีขันธ์,เมืองประจวบคีรีขันธ์,อำเภอสามร้อยยอด,ตำบลศิลาลอย,ศิลาลอย,ศิลาลอย อำเภอสามร้อยยอด ประจวบคีรีขันธ์ ประเทศไทย
13879,Ban Khlong Phloen,HII,11.32009,99.3944,ชุมพร,ประจวบคีรีขันธ์,เมืองชุมพร,อำเภอบางสะพาน,ตำบลร่อนทอง,ร่อนทอง,ร่อนทอง อำเภอบางสะพาน ประจวบคีรีขันธ์ ประเทศไทย
13880,Dong Mai Ngam,HII,11.3159,99.4664,ชุมพร,ประจวบคีรีขันธ์,เมืองชุมพร,อำเภอบางสะพาน,ตำบลร่อนทอง,ร่อนทอง,ร่อนทอง อำเภอบางสะพาน ประจวบคีรีขันธ์ ประเทศไทย
13881,Sai Khu Waterfall,HII,11.24851,99.33681,ชุมพร,ประจวบคีรีขันธ์,เมืองชุมพร,อำเภอบางสะพาน,ตำบลร่อนทอง,ร่อนทอง,ร่อนทอง อำเภอบางสะพาน ประจวบคีรีขันธ์ ประเทศไทย
13882,Bang Saphan Agriculture Office,HII,11.24182,99.48107,ชุมพร,ประจวบคีรีขันธ์,เมืองชุมพร,อำเภอบางสะพาน,ตำบลกำเนิดนพคุณ,กำเนิดนพคุณ,กำเนิดนพคุณ อำเภอบางสะพาน ประจวบคีรีขันธ์ ประเทศไทย
13883,Ban Nai Lok,HII,11.18112,99.35562,ชุมพร,ประจวบคีรีขันธ์,เมืองชุมพร,อำเภอบางสะพาน,ตำบลทองมงคล,ทองมงคล,ทองมงคล อำเภอบางสะพาน ประจวบคีรีขันธ์ ประเทศไทย
13884,Bandokdang School,HII,8.775754,98.329155,พังงา,พังงา,ตะกั่วป่า,อำเภอตะกั่วป่า,ตำบลบางไทร,บางไทร,บางไทร อำเภอตะกั่วป่า พังงา ประเทศไทย
13885,Tha  Han School,HII,8.829147,98.49196,พังงา,พังงา,กะปง,อำเภอ กะปง,ตำบลรมณีย์,รมณีย์,รมณีย์ ตำบล รมณีย์ อำเภอ กะปง พังงา 82170 ประเทศไทย
13886,Ban Chang Chuea School,HII,8.744358,98.4895,พังงา,พังงา,กะปง,อำเภอ กะปง,ตำบลเหล,เหล,เหล อำเภอ กะปง พังงา 82170 ประเทศไทย
13887,Tha Na,HII,8.678493,98.416565,พังงา,พังงา,กะปง,อำเภอ กะปง,ตำบลท่านา,ท่านา,ท่านา อำเภอ กะปง พังงา 82170 ประเทศไทย
13888,Tapan,HII,8.866609,99.14682,นครศรีธรรมราช,สุราษฎร์ธานี,เมืองนครศรีธรรมราช,อำเภอพุนพิน,ตำบลตะปาน,ตะปาน,ตะปาน อำเภอพุนพิน สุราษฎร์ธานี ประเทศไทย
13889,Wiang Sa,HII,8.655911,99.29936,นครศรีธรรมราช,สุราษฎร์ธานี,เมืองนครศรีธรรมราช,อำเภอเวียงสระ,ตำบลเวียงสระ,เวียงสระ,เวียงสระ ตำบล เวียงสระ อำเภอเวียงสระ สุราษฎร์ธานี ประเทศไทย
13890,Plai Phraya,HII,8.532769,98.86407,กระบี่,กระบี่,ปลายพระยา,อำเภอ ปลายพระยา,ตำบลปลายพระยา,ปลายพระยา,ปลายพระยา อำเภอ ปลายพระยา กระบี่ ประเทศไทย
13891,Chandi,HII,8.388226,99.54068,นครศรีธรรมราช,นครศรีธรรมราช,เมืองนครศรีธรรมราช,อำเภอ ฉวาง,ตำบลจันดี,จันดี,จันดี อำเภอ ฉวาง นครศรีธรรมราช ประเทศไทย
13892,Na Luang Sen,HII,8.232547,99.70778,นครศรีธรรมราช,นครศรีธรรมราช,เมืองนครศรีธรรมราช,อำเภอทุ่งสง,ตำบลนาหลวงเสน,นาหลวงเสน,นาหลวงเสน อำเภอทุ่งสง นครศรีธรรมราช 80110 ประเทศไทย
13893,Ban Phun School,HII,8.038287,99.64313,นครศรีธรรมราช,นครศรีธรรมราช,เมืองนครศรีธรรมราช,อำเภอทุ่งสง,ตำบลกะปาง,กะปาง,กะปาง อำเภอทุ่งสง นครศรีธรรมราช ประเทศไทย
13894,Ao Tong,HII,7.855774,99.38447,สงขลา,ตรัง,เมืองสงขลา,อำเภอ วังวิเศษ,ตำบลอ่าวตง,อ่าวตง,อ่าวตง อำเภอ วังวิเศษ ตรัง ประเทศไทย
13895,Ban Nong Khla School,HII,7.618547,99.44909,สงขลา,ตรัง,เมืองสงขลา,อำเภอ วังวิเศษ,ตำบลเขาวิเศษ,เขาวิเศษ,เขาวิเศษ อำเภอ วังวิเศษ ตรัง ประเทศไทย
13896,Wat Khuan Sinuan School,HII,7.527118,99.737564,สงขลา,ตรัง,เมืองสงขลา,อำเภอ นาโยง,ตำบลนาข้าวเสีย,นาข้าวเสีย,นาข้าวเสีย อำเภอ นาโยง ตรัง 92170 ประเทศไทย
13897,Ban Lam Plok Nuea School,HII,7.354904,99.814804,สงขลา,ตรัง,เมืองสงขลา,อำเภอ ปะเหลียน,ตำบลปะเหลียน,ปะเหลียน,ปะเหลียน อำเภอ ปะเหลียน ตรัง ประเทศไทย
13898,Ban Khao Pu,HII,7.709537,99.838036,สงขลา,พัทลุง,เมืองสงขลา,อำเภอ ศรีบรรพต,ตำบลเขาปู่,เขาปู่,เขาปู่ อำเภอ ศรีบรรพต พัทลุง ประเทศไทย
13899,Ban Lam Ka,HII,7.583813,99.97161,สงขลา,พัทลุง,เมืองสงขลา,อำเภอ ศรีนครินทร์,ตำบลชุมพล,ชุมพล,ชุมพล อำเภอ ศรีนครินทร์ พัทลุง 93000 ประเทศไทย
13900,Muang Phatthalung,HII,7.618283,100.07376,สงขลา,พัทลุง,เมืองสงขลา,อำเภอเมืองพัทลุง,ตำบลคูหาสวรรค์,คูหาสวรรค์,คูหาสวรรค์ อำเภอเมืองพัทลุง พัทลุง 93000 ประเทศไทย
13901,Ban Muang Ta Kua School,HII,7.213275,100.079414,สงขลา,พัทลุง,เมืองสงขลา,อำเภอ ป่าบอน,ตำบลหนองธง,หนองธง,หนองธง อำเภอ ป่าบอน พัทลุง ประเทศไทย
13902,Wang Na,HII,7.135647,99.93741,สงขลา,สตูล,เมืองสงขลา,อำเภอ ทุ่งหว้า,ตำบลทุ่งหว้า,ทุ่งหว้า,ทุ่งหว้า อำเภอ ทุ่งหว้า สตูล ประเทศไทย
13903,Masjid Muhajireen,HII,7.088325,100.00196,สงขลา,สตูล,เมืองสงขลา,อำเภอ ทุ่งหว้า,ตำบลทุ่งหว้า,ทุ่งหว้า,ทุ่งหว้า อำเภอ ทุ่งหว้า สตูล ประเทศไทย
13904,Phang Palm 4 School,HII,7.022366,99.930885,สงขลา,สตูล,เมืองสงขลา,อำเภอ มะนัง,ตำบลปาล์มพัฒนา,ปาล์มพัฒนา,ปาล์มพัฒนา อำเภอ มะนัง สตูล ประเทศไทย
13905,Masjid Shuhada,HII,6.964226,100.02684,สงขลา,สตูล,เมืองสงขลา,อำเภอ ควนกาหลง,ตำบลควนกาหลง,ควนกาหลง,ควนกาหลง อำเภอ ควนกาหลง สตูล 91130 ประเทศไทย
13906,Trang 5,HII,7.668927,99.45944,สงขลา,ตรัง,เมืองสงขลา,อำเภอ วังวิเศษ,ตำบลเขาวิเศษ,เขาวิเศษ,เขาวิเศษ อำเภอ วังวิเศษ ตรัง ประเทศไทย
385578,Pethlanna Farm,HII,18.803125,99.58374,ลำปาง,ลำปาง,แจ้ห่ม,อำเภอแจ้ห่ม,ตำบลแม่สุก,แม่สุก,แม่สุก ตำบล แม่สุก อำเภอแจ้ห่ม ลำปาง ประเทศไทย
385579,Water Transmission and Maintenance 2,HII,18.884916,99.081436,เชียงใหม่,เชียงใหม่,สันทราย,อำเภอสันทราย,ตำบลเมืองเล็น,เมืองเล็น,เมืองเล็น อำเภอสันทราย เชียงใหม่ 50210 ประเทศไทย
385580,Huai Mae Kiang,HII,18.43276,99.498314,ลำปาง,ลำปาง,เมืองลำปาง,อำเภอเมืองลำปาง,ตำบลต้นธงชัย,ต้นธงชัย,ต้นธงชัย อำเภอเมืองลำปาง ลำปาง ประเทศไทย
385581,Khlong Kriang Krai Bridge,HII,15.843141,100.21147,นครสวรรค์,นครสวรรค์,ชุมแสง,อำเภอ ชุมแสง,ตำบลบางเคียน,บางเคียน,บางเคียน อำเภอ ชุมแสง นครสวรรค์ ประเทศไทย
385582,Lam Pathia Bridge,HII,14.617069,102.90032,บุรีรัมย์,บุรีรัมย์,เฉลิมพระเกียรติ,อำเภอ เฉลิมพระเกียรติ,ตำบลอีสานเขต,อีสานเขต,อีสานเขต อำเภอ เฉลิมพระเกียรติ บุรีรัมย์ ประเทศไทย
385583,Khu Khad,HII,14.559918,102.95148,บุรีรัมย์,บุรีรัมย์,ประโคนชัย,อำเภอประโคนชัย,ตำบลประทัดบุ,ประทัดบุ,ประทัดบุ อำเภอประโคนชัย บุรีรัมย์ 31140 ประเทศไทย
385584,Huai Din Sai,HII,14.271639,102.98231,บุรีรัมย์,บุรีรัมย์,ละหานทราย,อำเภอ ละหานทราย,ตำบลหนองแวง,หนองแวง,หนองแวง อำเภอ ละหานทราย บุรีรัมย์ ประเทศไทย
385585,Khot Sok,HII,10.755658,99.17954,ชุมพร,ชุมพร,เมืองชุมพร,อำเภอท่าแซะ,ตำบลหงษ์เจริญ,หงษ์เจริญ,หงษ์เจริญ อำเภอท่าแซะ ชุมพร ประเทศไทย
385586,Rap Ro - Hin Kaeo Bridge,HII,10.607461,99.095345,ชุมพร,ชุมพร,เมืองชุมพร,อำเภอท่าแซะ,ตำบลหินแก้ว,หินแก้ว,หินแก้ว อำเภอท่าแซะ ชุมพร ประเทศไทย
434760,,HII,13.758965,100.540658,กรุงเทพมหานคร,กรุงเทพมหานคร,ราชเทวี,,แขวงถนนพญาไท,ถนนพญาไท,ถนนพญาไท เขตราชเทวี กรุงเทพมหานคร 10400 ประเทศไทย
435217,Khlong Luang Phang,HII,13.785768,100.93847,ฉะเชิงเทรา,ฉะเชิงเทรา,เมืองฉะเชิงเทรา,อำเภอเมืองฉะเชิงเทรา,ตำบลคลองหลวงแพ่ง,คลองหลวงแพ่ง,คลองหลวงแพ่ง ตำบล คลองหลวงแพ่ง อำเภอเมืองฉะเชิงเทรา ฉะเชิงเทรา 24000 ประเทศไทย
435367,Wiang Tan,HII,18.311407,99.32523,ลำปาง,ลำปาง,ห้างฉัตร,อำเภอห้างฉัตร,ตำบลเวียงตาล,เวียงตาล,เวียงตาล อำเภอห้างฉัตร ลำปาง 52190 ประเทศไทย
435368,Nong Ta Ngu,HII,16.12492,100.05774,นครสวรรค์,นครสวรรค์,บรรพตพิสัย,อำเภอบรรพตพิสัย,ตำบลหนองตางู,หนองตางู,หนองตางู อำเภอบรรพตพิสัย นครสวรรค์ 60180 ประเทศไทย
435369,Tha Sao,HII,15.99001,100.22164,พิจิตร,พิจิตร,โพทะเล,อำเภอ โพทะเล,ตำบลท่าเสา,ท่าเสา,ท่าเสา อำเภอ โพทะเล พิจิตร ประเทศไทย
435370,Na Pong,HII,17.644295,99.16273,ลำปาง,ลำปาง,เถิน,อำเภอเถิน,ตำบลนาโป่ง,นาโป่ง,นาโป่ง อำเภอเถิน ลำปาง 52160 ประเทศไทย
435372,Ban Mai Samakkhi,HII,15.097126,102.866806,บุรีรัมย์,บุรีรัมย์,ลำปลายมาศ,อำเภอ ลำปลายมาศ,ตำบลโคกล่าม,โคกล่าม,โคกล่าม อำเภอ ลำปลายมาศ บุรีรัมย์ ประเทศไทย
435373,Ban Nam Yen,HII,10.588756,99.031204,ชุมพร,ชุมพร,เมืองชุมพร,อำเภอท่าแซะ,ตำบลหินแก้ว,หินแก้ว,หินแก้ว อำเภอท่าแซะ ชุมพร ประเทศไทย
435436,Karung Temple,HII,15.210386,99.692808,อุทัยธานี,อุทัยธานี,บ้านไร่,อำเภอบ้านไร่,ตำบลเมืองการุ้ง,เมืองการุ้ง,เมืองการุ้ง อำเภอบ้านไร่ อุทัยธานี 61180 ประเทศไทย
435493,Pa phu tham Communuty,HII,15.839306,102.41476,ขอนแก่น,ขอนแก่น,แวงน้อย,อำเภอ แวงน้อย,ตำบลแวงน้อย,แวงน้อย,แวงน้อย อำเภอ แวงน้อย ขอนแก่น 40230 ประเทศไทย
435494,Bang Taen Temple Communuty,HII,13.902389,101.16802,ปราจีนบุรี,ปราจีนบุรี,บ้านสร้าง,อำเภอ บ้านสร้าง,ตำบลบางแตน,บางแตน,บางแตน อำเภอ บ้านสร้าง ปราจีนบุรี ประเทศไทย
435495,Dong Pha Pun Communuty,HII,19.071646,101.19702,น่าน,น่าน,บ่อเกลือ,อำเภอ บ่อเกลือ,ตำบลบ่อเกลือใต้,บ่อเกลือใต้,บ่อเกลือใต้ อำเภอ บ่อเกลือ น่าน ประเทศไทย
455472,Kong,HII,19.39286,98.722477,เชียงใหม่,เชียงใหม่,เชียงดาว,อำเภอเชียงดาว,ตำบลเมืองคอง,เมืองคอง,เมืองคอง อำเภอเชียงดาว เชียงใหม่ 50170 ประเทศไทย
455700,Krok I Dok,HII,14.4416,101.1728,สระบุรี,สระบุรี,แก่งคอย,อำเภอแก่งคอย,ตำบลชะอม,ชะอม,ชะอม อำเภอแก่งคอย สระบุรี ประเทศไทย
455701,Khlong Maduea,HII,14.3693,101.2712,นครนายก,นครนายก,เมืองนครนายก,อำเภอเมืองนครนายก,ตำบลสาริกา,สาริกา,สาริกา อำเภอเมืองนครนายก นครนายก 26000 ประเทศไทย
455780,Pangnamthu School,HII,19.042866,99.336048,เชียงใหม่,เชียงใหม่,ดอยสะเก็ด,อำเภอดอยสะเก็ด,ตำบลป่าเมี่ยง,ป่าเมี่ยง,ป่าเมี่ยง อำเภอดอยสะเก็ด เชียงใหม่ 50220 ประเทศไทย
455781,Mueang Na child development centers,HII,19.734375,98.896662,เชียงใหม่,เชียงใหม่,เชียงดาว,อำเภอเชียงดาว,ตำบลเมืองนะ,เมืองนะ,เมืองนะ อำเภอเชียงดาว เชียงใหม่ ประเทศไทย
455782,Mueang Na,HII,19.593387,98.961168,เชียงใหม่,เชียงใหม่,เชียงดาว,อำเภอเชียงดาว,ตำบลเมืองนะ,เมืองนะ,เมืองนะ อำเภอเชียงดาว เชียงใหม่ ประเทศไทย
455783,Wang Kaeo,HII,19.27484,99.63742,ลำปาง,ลำปาง,วังเหนือ,อำเภอ วังเหนือ,ตำบลวังแก้ว,วังแก้ว,วังแก้ว ตำบล วังแก้ว อำเภอ วังเหนือ ลำปาง 52140 ประเทศไทย
455784,Pa Dang,HII,18.883915,99.945117,ลำปาง,ลำปาง,งาว,อำเภองาว,ตำบลบ้านร้อง,บ้านร้อง,บ้านร้อง อำเภองาว ลำปาง 52110 ประเทศไทย
457561,Ban Dong,HII,17.3768,100.484,พิษณุโลก,พิษณุโลก,ชาติตระการ,อำเภอชาติตระการ,ตำบลบ้านดง,บ้านดง,บ้านดง อำเภอชาติตระการ พิษณุโลก 65170 ประเทศไทย
457562,Wat Suk Samran,HII,16.3371,100.05,พิจิตร,พิจิตร,สามง่าม,อำเภอสามง่าม,ตำบลไผ่รอบ,หนองโสน,หนองโสน อำเภอสามง่าม พิจิตร ประเทศไทย
457563,Wat Nong Pling,HII,16.0047,99.7353,กำแพงเพชร,กำแพงเพชร,ขาณุวรลักษบุรี,อำเภอขาณุวรลักษบุรี,ตำบลวังชะพลู,วังชะพลู,วังชะพลู อำเภอขาณุวรลักษบุรี กำแพงเพชร 62140 ประเทศไทย
457564,The Forest Industry Organization School,HII,16.8482,100.745,พิษณุโลก,พิษณุโลก,วังทอง,อำเภอวังทอง,ตำบลแก่งโสภา,แก่งโสภา,แก่งโสภา อำเภอวังทอง พิษณุโลก ประเทศไทย
457565,Chiang Tong,HII,16.6461,99.2309,ตาก,ตาก,วังเจ้า,อำเภอวังเจ้า,ตำบลเชียงทอง,เชียงทอง,เชียงทอง อำเภอวังเจ้า ตาก ประเทศไทย
457566,Kaeng Luang,HII,17.4369,99.7885,สุโขทัย,สุโขทัย,ศรีสัชนาลัย,อำเภอศรีสัชนาลัย,ตำบลท่าชัย,ท่าชัย,ท่าชัย อำเภอศรีสัชนาลัย สุโขทัย ประเทศไทย
457567,Mae Tha Phae Temple,HII,17.5164,99.5527,สุโขทัย,สุโขทัย,ศรีสัชนาลัย,อำเภอศรีสัชนาลัย,ตำบลบ้านแก่ง,บ้านแก่ง,บ้านแก่ง อำเภอศรีสัชนาลัย สุโขทัย 64130 ประเทศไทย
457568,Bo Pho School,HII,17.2326,101.051,พิษณุโลก,พิษณุโลก,นครไทย,อำเภอนครไทย,ตำบลบ่อโพธิ์,บ่อโพธิ์,บ่อโพธิ์ อำเภอนครไทย พิษณุโลก 65120 ประเทศไทย
457569,Phu Hin Rong Kla,HII,17.0066,100.992,พิษณุโลก,พิษณุโลก,นครไทย,อำเภอนครไทย,ตำบลเนินเพิ่ม,เนินเพิ่ม,เนินเพิ่ม อำเภอนครไทย พิษณุโลก 65120 ประเทศไทย
457570,Wat Khao Chai po,HII,16.6336,99.2925,กำแพงเพชร,กำแพงเพชร,โกสัมพีนคร,อำเภอโกสัมพีนคร,ตำบลโกสัมพี,โกสัมพี,โกสัมพี อำเภอโกสัมพีนคร กำแพงเพชร ประเทศไทย
457571,Nong Luang,HII,16.2938,99.5194,กำแพงเพชร,กำแพงเพชร,เมืองกำแพงเพชร,อำเภอเมืองกำแพงเพชร,ตำบลไตรตรึงษ์,ไตรตรึงษ์,ไตรตรึงษ์ อำเภอเมืองกำแพงเพชร กำแพงเพชร ประเทศไทย
457572,Ban Na Faek School,HII,17.3696,100.875,พิษณุโลก,พิษณุโลก,นครไทย,อำเภอนครไทย,ตำบลน้ำกุ่ม,น้ำกุ่ม,น้ำกุ่ม อำเภอนครไทย พิษณุโลก 65120 ประเทศไทย
457573,Wat Khao Noi Charoentham,HII,16.0627,99.3895,กำแพงเพชร,กำแพงเพชร,ปางศิลาทอง,อำเภอ ปางศิลาทอง,ตำบลปางตาไว,ปางตาไว,ปางตาไว ตำบล ปางตาไว อำเภอ ปางศิลาทอง กำแพงเพชร ประเทศไทย
457574,Nong Phra,HII,16.6817,100.435,พิษณุโลก,พิษณุโลก,วังทอง,อำเภอวังทอง,ตำบลหนองพระ,หนองพระ,หนองพระ อำเภอวังทอง พิษณุโลก 65130 ประเทศไทย
457841,Sap Sombun Communuty,HII,15.616015,101.023544,เพชรบูรณ์,เพชรบูรณ์,วิเชียรบุรี,อำเภอวิเชียรบุรี,ตำบลซับสมบูรณ์,ซับสมบูรณ์,ซับสมบูรณ์ อำเภอวิเชียรบุรี เพชรบูรณ์ ประเทศไทย
458737,Na Khaem Communuty,HII,14.042573,101.72052,ปราจีนบุรี,ปราจีนบุรี,กบินทร์บุรี,อำเภอกบินทร์บุรี,ตำบลนาแขม,นาแขม,นาแขม อำเภอกบินทร์บุรี ปราจีนบุรี ประเทศไทย
471583,Chong Sa Dao,HII,14.344717,100.670105,พระนครศรีอยุธยา,จังหวัดพระนครศรีอยุธยา,อุทัย,อำเภออุทัย,ตำบลอุทัย,อุทัย,อุทัย อำเภออุทัย จังหวัดพระนครศรีอยุธยา 13210 ประเทศไทย
471584,Khanon Ti Temple,HII,14.288258,100.61133,พระนครศรีอยุธยา,จังหวัดพระนครศรีอยุธยา,บางปะอิน,อำเภอบางปะอิน,ตำบลบ้านหว้า,บ้านหว้า,บ้านหว้า อำเภอบางปะอิน จังหวัดพระนครศรีอยุธยา 13160 ประเทศไทย
479216,Mueang Yasothon,HII,15.795404,104.14032,ยโสธร,ยโสธร,เมืองยโสธร,อำเภอเมืองยโสธร,ตำบลในเมือง,ในเมือง,ในเมือง อำเภอเมืองยโสธร ยโสธร 35000 ประเทศไทย
479217,Na So,HII,15.983045,104.31135,ยโสธร,ยโสธร,กุดชุม,อำเภอ กุดชุม,ตำบลนาโส่,นาโส่,นาโส่ อำเภอ กุดชุม ยโสธร ประเทศไทย
479218,Som Pho,HII,16.14868,104.3944,ยโสธร,ยโสธร,ไทยเจริญ,อำเภอ ไทยเจริญ,ตำบลส้มผ่อ,ส้มผ่อ,ส้มผ่อ อำเภอ ไทยเจริญ ยโสธร 35120 ประเทศไทย
479219,Hong Saeng,HII,16.268076,104.40586,ยโสธร,ยโสธร,เลิงนกทา,อำเภอ เลิงนกทา,ตำบลห้องแซง,ห้องแซง,ห้องแซง อำเภอ เลิงนกทา ยโสธร ประเทศไทย
479220,Bung Kha,HII,16.167002,104.64116,ยโสธร,ยโสธร,เลิงนกทา,อำเภอ เลิงนกทา,ตำบลบุ่งค้า,บุ่งค้า,บุ่งค้า อำเภอ เลิงนกทา ยโสธร 35120 ประเทศไทย
479230,Kok1,HII,19.921936,99.818275,เชียงราย,เชียงราย,เมืองเชียงราย,อำเภอเมืองเชียงราย,ตำบลริมกก,ริมกก,ริมกก อำเภอเมืองเชียงราย เชียงราย ประเทศไทย
479231,Ing 3,HII,19.566578,99.98419,เชียงราย,เชียงราย,ป่าแดด,อำเภอ ป่าแดด,ตำบลป่าแงะ,ป่าแงะ,ป่าแงะ ตำบล ป่าแงะ อำเภอ ป่าแดด เชียงราย ประเทศไทย
479232,Ing 1,HII,20.196428,100.44184,เชียงราย,เชียงราย,เชียงของ,อำเภอ เชียงของ,ตำบลศรีดอนชัย,ศรีดอนชัย,ศรีดอนชัย อำเภอ เชียงของ เชียงราย 57140 ประเทศไทย
479233,Chi 1-1,HII,16.2593,103.69052,กาฬสินธุ์,กาฬสินธุ์,ร่องคำ,อำเภอ ร่องคำ,ตำบลเหล่าอ้อย,เหล่าอ้อย,เหล่าอ้อย ตำบล เหล่าอ้อย อำเภอ ร่องคำ กาฬสินธุ์ 46210 ประเทศไทย
479234,Chi 11-1,HII,16.60361,103.96229,กาฬสินธุ์,กาฬสินธุ์,ห้วยผึ้ง,อำเภอ ห้วยผึ้ง,ตำบลไค้นุ่น,ไค้นุ่น,ไค้นุ่น อำเภอ ห้วยผึ้ง กาฬสินธุ์ ประเทศไทย
479235,Songkhram 2,HII,17.322672,103.97925,สกลนคร,สกลนคร,พรรณานิคม,อำเภอ พรรณานิคม,ตำบลพอกน้อย,พอกน้อย,พอกน้อย อำเภอ พรรณานิคม สกลนคร ประเทศไทย
479236,Songkhram 3,HII,17.59971,103.98092,สกลนคร,สกลนคร,อากาศอำนวย,อำเภอ อากาศอำนวย,ตำบลอากาศ,อากาศ,อากาศ อำเภอ อากาศอำนวย สกลนคร ประเทศไทย
479237,Chi 10-1,HII,16.320581,104.02246,ร้อยเอ็ด,ร้อยเอ็ด,เมยวดี,อำเภอ เมยวดี,ตำบลชุมพร,ชุมพร,ชุมพร อำเภอ เมยวดี ร้อยเอ็ด ประเทศไทย
479238,Num Pung,HII,16.996626,104.17369,สกลนคร,สกลนคร,เต่างอย,อำเภอ เต่างอย,ตำบลเต่างอย,เต่างอย,เต่างอย อำเภอ เต่างอย สกลนคร 47260 ประเทศไทย
479239,Yasothon 2,HII,15.806231,104.328125,ยโสธร,ยโสธร,ป่าติ้ว,อำเภอ ป่าติ้ว,ตำบลศรีฐาน,ศรีฐาน,ศรีฐาน อำเภอ ป่าติ้ว ยโสธร 35150 ประเทศไทย
479240,Num Kum 1,HII,17.029024,104.41203,นครพนม,นครพนม,นาแก,อำเภอ นาแก,ตำบลหนองบ่อ,หนองบ่อ,หนองบ่อ อำเภอ นาแก นครพนม ประเทศไทย
479241,Yasothon 1,HII,16.195423,104.52569,ยโสธร,ยโสธร,เลิงนกทา,อำเภอ เลิงนกทา,ตำบลสวาท,สวาท,สวาท อำเภอ เลิงนกทา ยโสธร 35120 ประเทศไทย
479242,Sub Lek,HII,14.814826,100.77581,ลพบุรี,ลพบุรี,เมืองลพบุรี,อำเภอเมืองลพบุรี,ตำบลนิคมสร้างตนเอง,นิคมสร้างตนเอง,นิคมสร้างตนเอง อำเภอเมืองลพบุรี ลพบุรี ประเทศไทย
479243,Som,HII,14.865252,100.86129,ลพบุรี,ลพบุรี,เมืองลพบุรี,อำเภอเมืองลพบุรี,ตำบลโคกตูม,โคกตูม,โคกตูม อำเภอเมืองลพบุรี ลพบุรี ประเทศไทย
485148,,HII,18.527924,99.2316,ลำพูน,ลำพูน,แม่ทา,อำเภอแม่ทา,ตำบลทาปลาดุก,ทาปลาดุก,ทาปลาดุก อำเภอแม่ทา ลำพูน 51140 ประเทศไทย
485150,,HII,18.746851,101.011331,น่าน,น่าน,แม่จริม,อำเภอแม่จริม,ตำบลหนองแดง,หนองแดง,หนองแดง อำเภอแม่จริม น่าน 55170 ประเทศไทย
485151,,HII,20.01002,99.263008,เชียงใหม่,เชียงใหม่,แม่อาย,อำเภอ แม่อาย,ตำบลแม่สาว,แม่สาว,แม่สาว อำเภอ แม่อาย เชียงใหม่ ประเทศไทย
488828,,HII,18.274296,98.3872,เชียงใหม่,เชียงใหม่,แม่แจ่ม,อำเภอแม่แจ่ม,ตำบลกองแขก,กองแขก,กองแขก ตำบล กองแขก อำเภอแม่แจ่ม เชียงใหม่ 50270 ประเทศไทย
492316,Pholthep Gate,HII,15.21593,100.07282,ชัยนาท,ชัยนาท,เมืองชัยนาท,อำเภอเมืองชัยนาท,ตำบลหาดท่าเสา,หาดท่าเสา,หาดท่าเสา อำเภอเมืองชัยนาท ชัยนาท ประเทศไทย
492317,Manorom Gate,HII,15.330455,100.103325,ชัยนาท,ชัยนาท,มโนรมย์,อำเภอมโนรมย์,ตำบลวัดโคก,วัดโคก,วัดโคก อำเภอมโนรมย์ ชัยนาท ประเทศไทย
492318,Baromthat Gate,HII,15.158136,100.15353,ชัยนาท,ชัยนาท,เมืองชัยนาท,อำเภอเมืองชัยนาท,ตำบลชัยนาท,ชัยนาท,ชัยนาท อำเภอเมืองชัยนาท ชัยนาท ประเทศไทย
492319,Makhamtoa-Uthong Gate,HII,15.222973,100.062805,ชัยนาท,ชัยนาท,วัดสิงห์,อำเภอ วัดสิงห์,ตำบลมะขามเฒ่า,มะขามเฒ่า,มะขามเฒ่า อำเภอ วัดสิงห์ ชัยนาท 17120 ประเทศไทย
492320,Phra Narai Gate,HII,14.558294,100.76207,พระนครศรีอยุธยา,จังหวัดพระนครศรีอยุธยา,ท่าเรือ,อำเภอ ท่าเรือ,ตำบลท่าหลวง,ท่าหลวง,ท่าหลวง อำเภอ ท่าเรือ จังหวัดพระนครศรีอยุธยา ประเทศไทย
492321,Phrasrisilp Gate,HII,14.331148,100.87292,สระบุรี,สระบุรี,หนองแค,อำเภอหนองแค,ตำบลหนองแค,หนองแค,หนองแค อำเภอหนองแค สระบุรี 18140 ประเทศไทย
492322,Dhammaraja Gate,HII,14.077689,100.89208,ปทุมธานี,ปทุมธานี,ธัญบุรี,อำเภอธัญบุรี,ตำบลบึงน้ำรักษ์,บึงน้ำรักษ์,บึงน้ำรักษ์ ตำบล บึงน้ำรักษ์ อำเภอธัญบุรี ปทุมธานี ประเทศไทย
492323,Intararaja Gate,HII,14.144052,100.62136,พระนครศรีอยุธยา,จังหวัดพระนครศรีอยุธยา,วังน้อย,อำเภอวังน้อย,ตำบลพยอม,พยอม,พยอม ตำบล พยอม อำเภอวังน้อย จังหวัดพระนครศรีอยุธยา ประเทศไทย
492324,Chulalongkorn Gate,HII,13.981354,100.60567,ปทุมธานี,ปทุมธานี,ธัญบุรี,อำเภอธัญบุรี,ตำบลประชาธิปัตย์,ประชาธิปัตย์,ประชาธิปัตย์ ตำบล ประชาธิปัตย์ อำเภอธัญบุรี ปทุมธานี ประเทศไทย
492325,Maharaj Gate,HII,15.15893,100.17328,ชัยนาท,ชัยนาท,เมืองชัยนาท,อำเภอเมืองชัยนาท,ตำบลบ้านกล้วย,บ้านกล้วย,บ้านกล้วย อำเภอเมืองชัยนาท ชัยนาท ประเทศไทย
492326,Ta Boad Gate,HII,15.054189,100.01159,ชัยนาท,ชัยนาท,หันคา,อำเภอ หันคา,ตำบลสามง่ามท่าโบสถ์,สามง่ามท่าโบสถ์,สามง่ามท่าโบสถ์ อำเภอ หันคา ชัยนาท ประเทศไทย
492327,Cholmakpijarn Gate,HII,14.77117,100.08841,สุพรรณบุรี,สุพรรณบุรี,สามชุก,อำเภอสามชุก,ตำบลสามชุก,สามชุก,สามชุก อำเภอสามชุก สุพรรณบุรี 72130 ประเทศไทย
492328,Pho Phraya Gate,HII,14.532452,100.122246,สุพรรณบุรี,สุพรรณบุรี,เมืองสุพรรณบุรี,อำเภอเมืองสุพรรณบุรี,ตำบลโพธิ์พระยา,โพธิ์พระยา,โพธิ์พระยา อำเภอเมืองสุพรรณบุรี สุพรรณบุรี ประเทศไทย
492329,Bang Rachan Gate,HII,14.925949,100.275826,สิงห์บุรี,สิงห์บุรี,บางระจัน,อำเภอ บางระจัน,ตำบลเชิงกลัด,เชิงกลัด,เชิงกลัด อำเภอ บางระจัน สิงห์บุรี 16130 ประเทศไทย
492330,Yang Manee Gate,HII,14.75102,100.41464,สิงห์บุรี,สิงห์บุรี,ท่าช้าง,อำเภอ ท่าช้าง,ตำบลพิกุลทอง,พิกุลทอง,พิกุลทอง อำเภอ ท่าช้าง สิงห์บุรี ประเทศไทย
492331,Phak Hai Gate,HII,14.436465,100.375626,พระนครศรีอยุธยา,จังหวัดพระนครศรีอยุธยา,ผักไห่,อำเภอ ผักไห่,ตำบลบ้านใหญ่,บ้านใหญ่,บ้านใหญ่ อำเภอ ผักไห่ จังหวัดพระนครศรีอยุธยา 13120 ประเทศไทย
492332,Chong Khae Gate,HII,15.14621,100.413,นครสวรรค์,นครสวรรค์,ตาคลี,อำเภอตาคลี,ตำบลพรหมนิมิต,พรหมนิมิต,พรหมนิมิต อำเภอตาคลี นครสวรรค์ ประเทศไทย
492333,HanTra Gate,HII,14.374596,100.58438,พระนครศรีอยุธยา,จังหวัดพระนครศรีอยุธยา,พระนครศรีอยุธยา,อำเภอ พระนครศรีอยุธยา,ตำบลหัวรอ,หัวรอ,หัวรอ อำเภอ พระนครศรีอยุธยา จังหวัดพระนครศรีอยุธยา 13000 ประเทศไทย
492334,Kamang Gate,HII,14.355101,100.58359,พระนครศรีอยุธยา,จังหวัดพระนครศรีอยุธยา,พระนครศรีอยุธยา,อำเภอ พระนครศรีอยุธยา,ตำบลไผ่ลิง,ไผ่ลิง,ไผ่ลิง อำเภอ พระนครศรีอยุธยา จังหวัดพระนครศรีอยุธยา ประเทศไทย
492335,Khlong Khao Mao,HII,14.357299,100.60567,พระนครศรีอยุธยา,จังหวัดพระนครศรีอยุธยา,พระนครศรีอยุธยา,อำเภอ พระนครศรีอยุธยา,ตำบลหันตรา,หันตรา,หันตรา อำเภอ พระนครศรีอยุธยา จังหวัดพระนครศรีอยุธยา ประเทศไทย
492340,Manorom Gate,HII,15.33047,100.103325,ชัยนาท,ชัยนาท,มโนรมย์,อำเภอมโนรมย์,ตำบลวัดโคก,วัดโคก,วัดโคก อำเภอมโนรมย์ ชัยนาท ประเทศไทย
492341,Manorom Gate,HII,15.32767,100.10909,ชัยนาท,ชัยนาท,มโนรมย์,อำเภอมโนรมย์,ตำบลวัดโคก,วัดโคก,วัดโคก อำเภอมโนรมย์ ชัยนาท ประเทศไทย
492342,Upper Baromthat Gate,HII,15.158136,100.15353,ชัยนาท,ชัยนาท,เมืองชัยนาท,อำเภอเมืองชัยนาท,ตำบลชัยนาท,ชัยนาท,ชัยนาท อำเภอเมืองชัยนาท ชัยนาท ประเทศไทย
492343,Baromthat Gate,HII,15.157781,100.152824,ชัยนาท,ชัยนาท,เมืองชัยนาท,อำเภอเมืองชัยนาท,ตำบลชัยนาท,ชัยนาท,ชัยนาท อำเภอเมืองชัยนาท ชัยนาท ประเทศไทย
492344,Upper Makhamtoa-Uthong Gate,HII,15.222973,100.062803,ชัยนาท,ชัยนาท,วัดสิงห์,อำเภอ วัดสิงห์,ตำบลมะขามเฒ่า,มะขามเฒ่า,มะขามเฒ่า อำเภอ วัดสิงห์ ชัยนาท 17120 ประเทศไทย
492345,Makhamtoa-Uthong Gate,HII,15.222314,100.06234,ชัยนาท,ชัยนาท,วัดสิงห์,อำเภอ วัดสิงห์,ตำบลมะขามเฒ่า,มะขามเฒ่า,มะขามเฒ่า อำเภอ วัดสิงห์ ชัยนาท 17120 ประเทศไทย
492346,Upper Phra Narai Gate,HII,14.558294,100.76207,พระนครศรีอยุธยา,จังหวัดพระนครศรีอยุธยา,ท่าเรือ,อำเภอ ท่าเรือ,ตำบลท่าหลวง,ท่าหลวง,ท่าหลวง อำเภอ ท่าเรือ จังหวัดพระนครศรีอยุธยา ประเทศไทย
492347,Phra Narai gate,HII,14.55667,100.76207,พระนครศรีอยุธยา,จังหวัดพระนครศรีอยุธยา,ท่าเรือ,อำเภอ ท่าเรือ,ตำบลท่าหลวง,ท่าหลวง,ท่าหลวง อำเภอ ท่าเรือ จังหวัดพระนครศรีอยุธยา ประเทศไทย
492348,Upper Phrasrisilp Gate,HII,14.331148,100.872918,สระบุรี,สระบุรี,หนองแค,อำเภอหนองแค,ตำบลหนองแค,หนองแค,หนองแค อำเภอหนองแค สระบุรี 18140 ประเทศไทย
492349,Phrasrisilp Gate,HII,14.327294,100.87114,สระบุรี,สระบุรี,หนองแค,อำเภอหนองแค,ตำบลหนองแค,หนองแค,หนองแค อำเภอหนองแค สระบุรี 18140 ประเทศไทย
492350,Upper Dhammaraja Gate,HII,14.077733,100.89208,ปทุมธานี,ปทุมธานี,ธัญบุรี,อำเภอธัญบุรี,ตำบลบึงน้ำรักษ์,บึงน้ำรักษ์,บึงน้ำรักษ์ ตำบล บึงน้ำรักษ์ อำเภอธัญบุรี ปทุมธานี ประเทศไทย
492351,Dhammaraja Gate,HII,14.076388,100.893906,ปทุมธานี,ปทุมธานี,ธัญบุรี,อำเภอธัญบุรี,ตำบลบึงน้ำรักษ์,บึงน้ำรักษ์,บึงน้ำรักษ์ ตำบล บึงน้ำรักษ์ อำเภอธัญบุรี ปทุมธานี ประเทศไทย
492352,Upper Intararaja Gate,HII,14.144052,100.62136,พระนครศรีอยุธยา,จังหวัดพระนครศรีอยุธยา,วังน้อย,อำเภอวังน้อย,ตำบลพยอม,พยอม,พยอม ตำบล พยอม อำเภอวังน้อย จังหวัดพระนครศรีอยุธยา ประเทศไทย
492353,Intararaja Gate,HII,14.143729,100.620766,จังหวัดพระนครศรีอยุธยา,จังหวัดพระนครศรีอยุธยา,อำเภอวังน้อย,อำเภอวังน้อย,ตำบลพยอม,พยอม,พยอม ตำบล พยอม อำเภอวังน้อย จังหวัดพระนครศรีอยุธยา ประเทศไทย
492355,Upper Maharaj Gate,HII,15.15893,100.17328,ชัยนาท,ชัยนาท,เมืองชัยนาท,อำเภอเมืองชัยนาท,ตำบลบ้านกล้วย,บ้านกล้วย,บ้านกล้วย อำเภอเมืองชัยนาท ชัยนาท ประเทศไทย
492356,Maharaj Gate,HII,15.161468,100.17264,ชัยนาท,ชัยนาท,เมืองชัยนาท,อำเภอเมืองชัยนาท,ตำบลบ้านกล้วย,บ้านกล้วย,บ้านกล้วย อำเภอเมืองชัยนาท ชัยนาท ประเทศไทย
492357,Upper Ta Boad Gate,HII,15.054189,100.01159,ชัยนาท,ชัยนาท,หันคา,อำเภอ หันคา,ตำบลสามง่ามท่าโบสถ์,สามง่ามท่าโบสถ์,สามง่ามท่าโบสถ์ อำเภอ หันคา ชัยนาท ประเทศไทย
492358,Ta Bot Gate,HII,15.053487,100.011795,ชัยนาท,ชัยนาท,หันคา,อำเภอ หันคา,ตำบลสามง่ามท่าโบสถ์,สามง่ามท่าโบสถ์,สามง่ามท่าโบสถ์ อำเภอ หันคา ชัยนาท ประเทศไทย
492359,Upper Cholmakpijarn Gate,HII,14.77117,100.08841,สุพรรณบุรี,สุพรรณบุรี,สามชุก,อำเภอสามชุก,ตำบลสามชุก,สามชุก,สามชุก อำเภอสามชุก สุพรรณบุรี 72130 ประเทศไทย
492360,Cholmakpijarn Gate,HII,14.770598,100.08824,สุพรรณบุรี,สุพรรณบุรี,สามชุก,อำเภอสามชุก,ตำบลสามชุก,สามชุก,สามชุก อำเภอสามชุก สุพรรณบุรี 72130 ประเทศไทย
492361,Upper Pho Phraya Gate,HII,14.532452,100.122246,สุพรรณบุรี,สุพรรณบุรี,เมืองสุพรรณบุรี,อำเภอเมืองสุพรรณบุรี,ตำบลโพธิ์พระยา,โพธิ์พระยา,โพธิ์พระยา อำเภอเมืองสุพรรณบุรี สุพรรณบุรี ประเทศไทย
492362,Pho Phraya Gate,HII,14.531798,100.12244,สุพรรณบุรี,สุพรรณบุรี,เมืองสุพรรณบุรี,อำเภอเมืองสุพรรณบุรี,ตำบลโพธิ์พระยา,โพธิ์พระยา,โพธิ์พระยา อำเภอเมืองสุพรรณบุรี สุพรรณบุรี ประเทศไทย
492363,Upper Bang Rachan Gate,HII,14.925949,100.275826,สิงห์บุรี,สิงห์บุรี,บางระจัน,อำเภอ บางระจัน,ตำบลเชิงกลัด,เชิงกลัด,เชิงกลัด อำเภอ บางระจัน สิงห์บุรี 16130 ประเทศไทย
492364,Bang Rachan Gate,HII,14.925411,100.279076,สิงห์บุรี,สิงห์บุรี,บางระจัน,อำเภอ บางระจัน,ตำบลเชิงกลัด,เชิงกลัด,เชิงกลัด อำเภอ บางระจัน สิงห์บุรี 16130 ประเทศไทย
492365,Upper Yang Manee Gate,HII,14.750994,100.41464,สิงห์บุรี,สิงห์บุรี,ท่าช้าง,อำเภอ ท่าช้าง,ตำบลพิกุลทอง,พิกุลทอง,พิกุลทอง อำเภอ ท่าช้าง สิงห์บุรี ประเทศไทย
492366,Yang Manee Gate,HII,14.75034,100.41495,สิงห์บุรี,สิงห์บุรี,ท่าช้าง,อำเภอ ท่าช้าง,ตำบลพิกุลทอง,พิกุลทอง,พิกุลทอง อำเภอ ท่าช้าง สิงห์บุรี ประเทศไทย
492367,Upper Phak Hai Gate,HII,14.436469,100.375626,พระนครศรีอยุธยา,จังหวัดพระนครศรีอยุธยา,ผักไห่,อำเภอ ผักไห่,ตำบลบ้านใหญ่,บ้านใหญ่,บ้านใหญ่ อำเภอ ผักไห่ จังหวัดพระนครศรีอยุธยา 13120 ประเทศไทย
492368,Phak Hai Gate,HII,14.434272,100.376388,พระนครศรีอยุธยา,จังหวัดพระนครศรีอยุธยา,ผักไห่,อำเภอ ผักไห่,ตำบลบ้านใหญ่,บ้านใหญ่,บ้านใหญ่ อำเภอ ผักไห่ จังหวัดพระนครศรีอยุธยา 13120 ประเทศไทย
492369,Upper Chong Khae Gate,HII,15.14621,100.413,นครสวรรค์,นครสวรรค์,ตาคลี,อำเภอตาคลี,ตำบลพรหมนิมิต,พรหมนิมิต,พรหมนิมิต อำเภอตาคลี นครสวรรค์ ประเทศไทย
492370,Chong Khae Gate,HII,15.145541,100.41324,นครสวรรค์,นครสวรรค์,ตาคลี,อำเภอตาคลี,ตำบลพรหมนิมิต,พรหมนิมิต,พรหมนิมิต อำเภอตาคลี นครสวรรค์ ประเทศไทย
493833,,HII,19.083893,100.85,น่าน,น่าน,ท่าวังผา,อำเภอ ท่าวังผา,ตำบลจอมพระ,จอมพระ,จอมพระ อำเภอ ท่าวังผา น่าน 55140 ประเทศไทย
494431,,HII,18.584014,100.51,น่าน,น่าน,เวียงสา,อำเภอเวียงสา,ตำบลยาบหัวนา,ยาบหัวนา,ยาบหัวนา อำเภอเวียงสา น่าน 55110 ประเทศไทย
494765,,HII,18.925569,100.765,น่าน,น่าน,เมืองน่าน,อำเภอเมืองน่าน,ตำบลบ่อ,บ่อ,บ่อ อำเภอเมืองน่าน น่าน 55000 ประเทศไทย
494767,,HII,19.36769,100.701,น่าน,น่าน,สองแคว,อำเภอ สองแคว,ตำบลนาไร่หลวง,นาไร่หลวง,นาไร่หลวง อำเภอ สองแคว น่าน 55160 ประเทศไทย
494769,,HII,18.331194,100.741,น่าน,น่าน,นาน้อย,อำเภอนาน้อย,ตำบลศรีษะเกษ,ศรีษะเกษ,ศรีษะเกษ อำเภอนาน้อย น่าน 55150 ประเทศไทย
507020,,HII,15.342966,99.515367,อุทัยธานี,อุทัยธานี,ห้วยคต,อำเภอ ห้วยคต,ตำบลทองหลาง,ทองหลาง,ทองหลาง อำเภอ ห้วยคต อุทัยธานี ประเทศไทย
507021,,HII,15.068101,99.565092,อุทัยธานี,อุทัยธานี,บ้านไร่,อำเภอบ้านไร่,ตำบลบ้านบึง,บ้านบึง,บ้านบึง อำเภอบ้านไร่ อุทัยธานี 61140 ประเทศไทย
507022,,HII,15.559741,99.458115,อุทัยธานี,อุทัยธานี,ลานสัก,อำเภอลานสัก,ตำบลลานสัก,ลานสัก,ลานสัก อำเภอลานสัก อุทัยธานี 61160 ประเทศไทย
507023,,HII,15.083975,99.720634,อุทัยธานี,อุทัยธานี,บ้านไร่,อำเภอบ้านไร่,ตำบลหนองจอก,หนองจอก,หนองจอก อำเภอบ้านไร่ อุทัยธานี ประเทศไทย
507024,,HII,15.154486,100.177253,ชัยนาท,ชัยนาท,สรรพยา,อำเภอสรรพยา,ตำบลบางหลวง,บางหลวง,บางหลวง อำเภอสรรพยา ชัยนาท 17150 ประเทศไทย
507025,,HII,14.938022,101.481393,นครราชสีมา,นครราชสีมา,สีคิ้ว,อำเภอสีคิ้ว,ตำบลหนองน้ำใส,หนองน้ำใส,หนองน้ำใส อำเภอสีคิ้ว นครราชสีมา ประเทศไทย
507026,,HII,14.646412,99.737162,กาญจนบุรี,กาญจนบุรี,เลาขวัญ,อำเภอ เลาขวัญ,ตำบลหนองโสน,หนองโสน,หนองโสน อำเภอ เลาขวัญ กาญจนบุรี 71210 ประเทศไทย
507027,,HII,14.984579,101.503141,นครราชสีมา,นครราชสีมา,สีคิ้ว,อำเภอสีคิ้ว,ตำบลดอนเมือง,ดอนเมือง,ดอนเมือง อำเภอสีคิ้ว นครราชสีมา ประเทศไทย
507028,,HII,13.786691,100.512044,กรุงเทพมหานคร,กรุงเทพมหานคร,ดุสิต,,แขวงถนนนครไชยศรี,ถนนนครไชยศรี,ถนนนครไชยศรี กรุงเทพมหานคร ประเทศไทย
507054,,HII,15.28086,100.344971,นครสวรรค์,นครสวรรค์,ตาคลี,อำเภอตาคลี,ตำบลตาคลี,ตาคลี,ตาคลี อำเภอตาคลี นครสวรรค์ ประเทศไทย
507055,,HII,15.693076,100.817837,นครสวรรค์,นครสวรรค์,ไพศาลี,อำเภอ ไพศาลี,ตำบลนาขอม,นาขอม,นาขอม อำเภอ ไพศาลี นครสวรรค์ ประเทศไทย
507056,,HII,15.483738,100.425925,นครสวรรค์,นครสวรรค์,ตากฟ้า,อำเภอ ตากฟ้า,ตำบลอุดมธัญญา,อุดมธัญญา,อุดมธัญญา อำเภอ ตากฟ้า นครสวรรค์ ประเทศไทย
507057,,HII,13.739114,100.495022,กรุงเทพมหานคร,กรุงเทพมหานคร,ธนบุรี,,แขวงวัดกัลยาณ์,วัดกัลยาณ์,วัดกัลยาณ์ แขวงวัดกัลยา เขตธนบุรี กรุงเทพมหานคร 10600 ประเทศไทย
507058,,HII,15.641737,99.508398,นครสวรรค์,นครสวรรค์,ชุมตาบง,อำเภอ ชุมตาบง,ตำบลปางสวรรค์,ปางสวรรค์,ปางสวรรค์ อำเภอ ชุมตาบง นครสวรรค์ 60150 ประเทศไทย
513369,Ko Samui,HII,9.515951,99.943886,สุราษฎร์ธานี,สุราษฎร์ธานี,เมืองสุราษฎร์ธานี,อำเภอเกาะสมุย,ตำบลอ่างทอง,อ่างทอง,อ่างทอง อำเภอเกาะสมุย สุราษฎร์ธานี ประเทศไทย
513370,Ran Phu Soi Fa,HII,9.50088,100.00567,สุราษฎร์ธานี,สุราษฎร์ธานี,เมืองสุราษฎร์ธานี,อำเภอเกาะสมุย,ตำบลหน้าเมือง,หน้าเมือง,หน้าเมือง อำเภอเกาะสมุย สุราษฎร์ธานี ประเทศไทย
513371,Phru Na Mueang,HII,9.43633,100.00969,นครศรีธรรมราช,สุราษฎร์ธานี,เมืองนครศรีธรรมราช,อำเภอเกาะสมุย,ตำบลมะเร็ต,มะเร็ต,มะเร็ต อำเภอเกาะสมุย สุราษฎร์ธานี ประเทศไทย
513372,Phru Krachood,HII,9.490204,99.93229,นครศรีธรรมราช,สุราษฎร์ธานี,เมืองนครศรีธรรมราช,อำเภอเกาะสมุย,ตำบลลิปะน้อย,ลิปะน้อย,ลิปะน้อย อำเภอเกาะสมุย สุราษฎร์ธานี ประเทศไทย
513373,Phru Cha-weng,HII,9.531831,100.059555,สุราษฎร์ธานี,สุราษฎร์ธานี,เมืองสุราษฎร์ธานี,อำเภอเกาะสมุย,ตำบลบ่อผุด,บ่อผุด,บ่อผุด อำเภอเกาะสมุย สุราษฎร์ธานี ประเทศไทย
515577,,HII,15.693076,100.817837,นครสวรรค์,นครสวรรค์,ไพศาลี,อำเภอ ไพศาลี,ตำบลนาขอม,นาขอม,นาขอม อำเภอ ไพศาลี นครสวรรค์ ประเทศไทย
515581,,HII,15.785917,99.678453,นครสวรรค์,นครสวรรค์,ลาดยาว,อำเภอลาดยาว,ตำบลศาลเจ้าไก่ต่อ,ศาลเจ้าไก่ต่อ,ศาลเจ้าไก่ต่อ อำเภอลาดยาว นครสวรรค์ 60150 ประเทศไทย
515582,,HII,15.28086,100.344971,นครสวรรค์,นครสวรรค์,ตาคลี,อำเภอตาคลี,ตำบลตาคลี,ตาคลี,ตาคลี อำเภอตาคลี นครสวรรค์ ประเทศไทย
515583,,HII,15.483738,100.425925,นครสวรรค์,นครสวรรค์,ตากฟ้า,อำเภอ ตากฟ้า,ตำบลอุดมธัญญา,อุดมธัญญา,อุดมธัญญา อำเภอ ตากฟ้า นครสวรรค์ ประเทศไทย
515584,Chao Phraya Dam,HII,15.157708,100.180028,ชัยนาท,ชัยนาท,สรรพยา,อำเภอสรรพยา,ตำบลบางหลวง,บางหลวง,บางหลวง อำเภอสรรพยา ชัยนาท 17150 ประเทศไทย
515592,,HII,15.641737,99.508398,นครสวรรค์,นครสวรรค์,ชุมตาบง,อำเภอ ชุมตาบง,ตำบลปางสวรรค์,ปางสวรรค์,ปางสวรรค์ อำเภอ ชุมตาบง นครสวรรค์ 60150 ประเทศไทย
515594,,HII,15.342966,99.515367,อุทัยธานี,อุทัยธานี,ห้วยคต,อำเภอ ห้วยคต,ตำบลทองหลาง,ทองหลาง,ทองหลาง อำเภอ ห้วยคต อุทัยธานี ประเทศไทย
515596,,HII,15.068101,99.565092,อุทัยธานี,อุทัยธานี,บ้านไร่,อำเภอบ้านไร่,ตำบลบ้านบึง,บ้านบึง,บ้านบึง อำเภอบ้านไร่ อุทัยธานี 61140 ประเทศไทย
515599,,HII,15.559741,99.458115,อุทัยธานี,อุทัยธานี,ลานสัก,อำเภอลานสัก,ตำบลลานสัก,ลานสัก,ลานสัก อำเภอลานสัก อุทัยธานี 61160 ประเทศไทย
515600,,HII,15.083975,99.720634,อุทัยธานี,อุทัยธานี,บ้านไร่,อำเภอบ้านไร่,ตำบลหนองจอก,หนองจอก,หนองจอก อำเภอบ้านไร่ อุทัยธานี ประเทศไทย
515602,,HII,14.938022,101.481393,นครราชสีมา,นครราชสีมา,สีคิ้ว,อำเภอสีคิ้ว,ตำบลหนองน้ำใส,หนองน้ำใส,หนองน้ำใส อำเภอสีคิ้ว นครราชสีมา ประเทศไทย
515604,,HII,14.646412,99.737162,กาญจนบุรี,กาญจนบุรี,เลาขวัญ,อำเภอ เลาขวัญ,ตำบลหนองโสน,หนองโสน,หนองโสน อำเภอ เลาขวัญ กาญจนบุรี 71210 ประเทศไทย
515605,,HII,14.984579,101.503141,นครราชสีมา,นครราชสีมา,สีคิ้ว,อำเภอสีคิ้ว,ตำบลดอนเมือง,ดอนเมือง,ดอนเมือง อำเภอสีคิ้ว นครราชสีมา ประเทศไทย
515607,,HII,13.786691,100.512044,กรุงเทพมหานคร,กรุงเทพมหานคร,ดุสิต,,แขวงถนนนครไชยศรี,ถนนนครไชยศรี,ถนนนครไชยศรี กรุงเทพมหานคร ประเทศไทย
518416,,HII,13.581714,100.856986,สมุทรปราการ,สมุทรปราการ,บางบ่อ,อำเภอบางบ่อ,ตำบลบางบ่อ,บางบ่อ,บางบ่อ อำเภอบางบ่อ สมุทรปราการ ประเทศไทย
519377,,HII,18.335223,100.317,แพร่,แพร่,ร้องกวาง,อำเภอ ร้องกวาง,ตำบลร้องกวาง,ร้องกวาง,ร้องกวาง อำเภอ ร้องกวาง แพร่ 54140 ประเทศไทย
519399,,HII,18.558571,100.754,น่าน,น่าน,เวียงสา,อำเภอเวียงสา,ตำบลกลางเวียง,กลางเวียง,กลางเวียง อำเภอเวียงสา น่าน 55110 ประเทศไทย
519405,,HII,18.389315,100.192,แพร่,แพร่,สอง,อำเภอสอง,ตำบลทุ่งน้าว,ทุ่งน้าว,ทุ่งน้าว อำเภอสอง แพร่ 54120 ประเทศไทย
519417,,HII,18.22777,100.328,แพร่,แพร่,ร้องกวาง,อำเภอ ร้องกวาง,ตำบลบ้านเวียง,บ้านเวียง,บ้านเวียง อำเภอ ร้องกวาง แพร่ 54140 ประเทศไทย
519419,,HII,18.98915,98.5725,เชียงใหม่,เชียงใหม่,สะเมิง,อำเภอสะเมิง,ตำบลยั้งเมิน,ยั้งเมิน,ยั้งเมิน อำเภอสะเมิง เชียงใหม่ ประเทศไทย
529737,,HII,18.889435,100.238,พะเยา,พะเยา,เชียงม่วน,อำเภอ เชียงม่วน,ตำบลบ้านมาง,บ้านมาง,บ้านมาง อำเภอ เชียงม่วน พะเยา ประเทศไทย
562259,Water Level Station,HII,13.855611,100.57559,กรุงเทพมหานคร,กรุงเทพมหานคร,จตุจักร,,แขวงลาดยาว,ลาดยาว,ลาดยาว แขวงลาดยาว เขตจตุจักร กรุงเทพมหานคร 10900 ประเทศไทย
562260,,HII,13.855445,100.575283,กรุงเทพมหานคร,กรุงเทพมหานคร,จตุจักร,,แขวงลาดยาว,ลาดยาว,ลาดยาว แขวงลาดยาว เขตจตุจักร กรุงเทพมหานคร 10900 ประเทศไทย
575565,Srinakorn Khuaenkhan Park,HII,13.69554,100.56311,สมุทรปราการ,สมุทรปราการ,พระประแดง,อำเภอพระประแดง,ตำบลบางกะเจ้า,บางกะเจ้า,บางกะเจ้า อำเภอพระประแดง สมุทรปราการ 10130 ประเทศไทย
575566,Wat Bangkachao Nok Gate,HII,13.689589,100.55495,สมุทรปราการ,สมุทรปราการ,พระประแดง,อำเภอพระประแดง,ตำบลบางยอ,บางยอ,บางยอ อำเภอพระประแดง สมุทรปราการ 10130 ประเทศไทย
575567,Khlong Lat Bang Yo 1 Gate,HII,13.676186,100.553116,สมุทรปราการ,สมุทรปราการ,พระประแดง,อำเภอพระประแดง,ตำบลบางยอ,บางยอ,บางยอ อำเภอพระประแดง สมุทรปราการ 10130 ประเทศไทย
575568,Khlong Lat Bang Yo 2 Gate,HII,13.661021,100.56727,สมุทรปราการ,สมุทรปราการ,พระประแดง,อำเภอพระประแดง,ตำบลบางกระสอบ,บางกระสอบ,บางกระสอบ อำเภอพระประแดง สมุทรปราการ 10130 ประเทศไทย
575569,Khlong Ta Sot Gate,HII,13.664818,100.571236,สมุทรปราการ,สมุทรปราการ,พระประแดง,อำเภอพระประแดง,ตำบลบางกระสอบ,บางกระสอบ,บางกระสอบ อำเภอพระประแดง สมุทรปราการ 10130 ประเทศไทย
575570,Khlong Bang Namphueng Gate,HII,13.676611,100.58207,สมุทรปราการ,สมุทรปราการ,พระประแดง,อำเภอพระประแดง,ตำบลบางน้ำผึ้ง,บางน้ำผึ้ง,บางน้ำผึ้ง อำเภอพระประแดง สมุทรปราการ ประเทศไทย
575571,Khlong Phae Gate,HII,13.69498,100.58224,สมุทรปราการ,สมุทรปราการ,พระประแดง,อำเภอพระประแดง,ตำบลบางกอบัว,บางกอบัว,บางกอบัว อำเภอพระประแดง สมุทรปราการ 10130 ประเทศไทย
575572,Bang Namphueng Market,HII,13.678698,100.5736,สมุทรปราการ,สมุทรปราการ,พระประแดง,อำเภอพระประแดง,ตำบลบางน้ำผึ้ง,บางน้ำผึ้ง,บางน้ำผึ้ง อำเภอพระประแดง สมุทรปราการ ประเทศไทย
602809,Yang  Kahad Weir,HII,15.639149,102.039345,ชัยภูมิ,ชัยภูมิ,เนินสง่า,อำเภอ เนินสง่า,ตำบลกะฮาด,กะฮาด,กะฮาด ตำบล กะฮาด อำเภอ เนินสง่า ชัยภูมิ 36130 ประเทศไทย
602810,Yang Kaeng Sanam Nang Weir,HII,15.790654,102.30441,นครราชสีมา,นครราชสีมา,แก้งสนามนาง,อำเภอ แก้งสนามนาง,ตำบลโนนสำราญ,โนนสำราญ,โนนสำราญ อำเภอ แก้งสนามนาง นครราชสีมา ประเทศไทย
602811,Chonnabot Weir,HII,16.073935,102.49413,ขอนแก่น,ขอนแก่น,ชนบท,อำเภอ ชนบท,ตำบลโนนพะยอม,โนนพะยอม,โนนพะยอม อำเภอ ชนบท ขอนแก่น 40180 ประเทศไทย
602812,Nong Wai Weir,HII,16.724548,102.80351,ขอนแก่น,ขอนแก่น,น้ำพอง,อำเภอน้ำพอง,ตำบลน้ำพอง,น้ำพอง,น้ำพอง อำเภอน้ำพอง ขอนแก่น ประเทศไทย
602813,Maha Sarakham Weir,HII,16.369139,102.947624,มหาสารคาม,มหาสารคาม,โกสุมพิสัย,อำเภอ โกสุมพิสัย,ตำบลหนองบัว,หนองบัว,หนองบัว อำเภอ โกสุมพิสัย มหาสารคาม ประเทศไทย
602814,Wang Yang Weir,HII,16.1994,103.472946,กาฬสินธุ์,กาฬสินธุ์,ฆ้องชัย,อำเภอ ฆ้องชัย,ตำบลลำชี,ลำชี,ลำชี อำเภอ ฆ้องชัย กาฬสินธุ์ ประเทศไทย
602815,Roi Et Weir,HII,16.172606,103.78899,ร้อยเอ็ด,ร้อยเอ็ด,โพธิ์ชัย,อำเภอ โพธิ์ชัย,ตำบลสะอาด,สะอาด,สะอาด อำเภอ โพธิ์ชัย ร้อยเอ็ด 45230 ประเทศไทย
602816,Yasotorn Weir,HII,15.732544,104.1318,ร้อยเอ็ด,ร้อยเอ็ด,พนมไพร,อำเภอ พนมไพร,ตำบลแสนสุข,แสนสุข,แสนสุข อำเภอ พนมไพร ร้อยเอ็ด 45140 ประเทศไทย
602817,Tat Noi Weir,HII,15.31053,104.45604,อุบลราชธานี,อุบลราชธานี,เขื่องใน,อำเภอ เขื่องใน,ตำบลสหธาตุ,สหธาตุ,สหธาตุ อำเภอ เขื่องใน อุบลราชธานี 34150 ประเทศไทย
602818,Hua Na Weir,HII,15.13496,104.70208,ศรีสะเกษ,ศรีสะเกษ,กันทรารมย์,อำเภอ กันทรารมย์,ตำบลหนองแก้ว,หนองแก้ว,หนองแก้ว อำเภอ กันทรารมย์ ศรีสะเกษ 33130 ประเทศไทย
602819,Rasi Salai Weir,HII,15.344394,104.09881,ศรีสะเกษ,ศรีสะเกษ,ราษีไศล,อำเภอ ราษีไศล,ตำบลหนองแค,หนองแค,หนองแค อำเภอ ราษีไศล ศรีสะเกษ 33160 ประเทศไทย
602820,Ban Ta Lung Weir,HII,15.293477,103.540474,สุรินทร์,สุรินทร์,ชุมพลบุรี,อำเภอ ชุมพลบุรี,ตำบลหนองเรือ,หนองเรือ,หนองเรือ อำเภอ ชุมพลบุรี สุรินทร์ ประเทศไทย
602821,Ban Kawao Weir,HII,15.412002,103.10234,บุรีรัมย์,บุรีรัมย์,คูเมือง,อำเภอ คูเมือง,ตำบลปะเคียบ,ปะเคียบ,ปะเคียบ อำเภอ คูเมือง บุรีรัมย์ ประเทศไทย
602822,Chum Phuang Weir,HII,15.386625,102.71879,นครราชสีมา,นครราชสีมา,ชุมพวง,อำเภอชุมพวง,ตำบลชุมพวง,ชุมพวง,ชุมพวง อำเภอชุมพวง นครราชสีมา 30270 ประเทศไทย
602823,Phimai Weir,HII,15.227765,102.50157,นครราชสีมา,นครราชสีมา,พิมาย,อำเภอพิมาย,ตำบลในเมือง,ในเมือง,ในเมือง อำเภอพิมาย นครราชสีมา 30110 ประเทศไทย
684532,Tao Pun - Tan Diao Bridge,HII,14.58018,100.96614,สระบุรี,สระบุรี,แก่งคอย,อำเภอแก่งคอย,ตำบลตาลเดี่ยว,ตาลเดี่ยว,ตาลเดี่ยว อำเภอแก่งคอย สระบุรี ประเทศไทย
685250,,HII,13.488677,100.85369,สมุทรปราการ,สมุทรปราการ,บางบ่อ,อำเภอบางบ่อ,ตำบลคลองด่าน,คลองด่าน,คลองด่าน อำเภอบางบ่อ สมุทรปราการ ประเทศไทย
740532,Nam Loei Bridge,HII,17.860956,101.61144,เลย,เลย,เชียงคาน,อำเภอ เชียงคาน,ตำบลเชียงคาน,เชียงคาน,เชียงคาน อำเภอ เชียงคาน เลย 42110 ประเทศไทย
740533,Huay Nam Huay Bridge,HII,18.151169,102.17911,หนองคาย,หนองคาย,สังคม,อำเภอ สังคม,ตำบลบ้านม่วง,บ้านม่วง,บ้านม่วง ตำบล บ้านม่วง อำเภอ สังคม หนองคาย 43160 ประเทศไทย
740534,Huay Luang Bridge,HII,18.016796,103.0809,หนองคาย,หนองคาย,โพนพิสัย,อำเภอ โพนพิสัย,ตำบลวัดหลวง,วัดหลวง,วัดหลวง อำเภอ โพนพิสัย หนองคาย 43120 ประเทศไทย
740535,Had Guan - Um Phai Phatthana Bridge,HII,17.61093,104.396034,นครพนม,นครพนม,ท่าอุเทน,อำเภอ ท่าอุเทน,ตำบลไชยบุรี,ไชยบุรี,ไชยบุรี อำเภอ ท่าอุเทน นครพนม 48120 ประเทศไทย
740536,Huay Bang Huak Bridge,HII,17.09678,104.76291,นครพนม,นครพนม,ธาตุพนม,อำเภอ ธาตุพนม,ตำบลดอนนางหงส์,ดอนนางหงส์,ดอนนางหงส์ อำเภอ ธาตุพนม นครพนม 48110 ประเทศไทย
740537,Huay Muk Bridge,HII,16.546862,104.730385,มุกดาหาร,มุกดาหาร,เมืองมุกดาหาร,อำเภอเมืองมุกดาหาร,ตำบลมุกดาหาร,มุกดาหาร,มุกดาหาร อำเภอเมืองมุกดาหาร มุกดาหาร 49000 ประเทศไทย
740538,Bang Ee Bridge,HII,16.345835,104.889885,มุกดาหาร,มุกดาหาร,ดอนตาล,อำเภอ ดอนตาล,ตำบลดอนตาล,ดอนตาล,ดอนตาล อำเภอ ดอนตาล มุกดาหาร ประเทศไทย
740539,Huay Khan Tung Bridge,HII,15.931226,105.33725,อุบลราชธานี,อุบลราชธานี,นาตาล,อำเภอ นาตาล,ตำบลพะลาน,พะลาน,พะลาน อำเภอ นาตาล อุบลราชธานี 34170 ประเทศไทย
740540,Nam Mun Bridge,HII,15.310499,105.49311,อุบลราชธานี,อุบลราชธานี,โขงเจียม,อำเภอ โขงเจียม,ตำบลโขงเจียม,โขงเจียม,โขงเจียม อำเภอ โขงเจียม อุบลราชธานี ประเทศไทย
740812,Khwae Noi,HII,17.182186,100.41388,พิษณุโลก,พิษณุโลก,วัดโบสถ์,อำเภอวัดโบสถ์,ตำบลคันโช้ง,คันโช้ง,คันโช้ง อำเภอวัดโบสถ์ พิษณุโลก ประเทศไทย
745748,Huay Bang Bat Bridge,HII,18.282616,103.88075,บึงกาฬ,บึงกาฬ,เมืองบึงกาฬ,อำเภอเมืองบึงกาฬ,ตำบลชัยพร,ชัยพร,ชัยพร อำเภอเมืองบึงกาฬ บึงกาฬ ประเทศไทย
852087,Asok,HII,13.743286,100.56218,กรุงเทพมหานคร,กรุงเทพมหานคร,วัฒนา,,แขวงคลองเตยเหนือ,คลองเตยเหนือ,คลองเตยเหนือ กรุงเทพมหานคร 10110 ประเทศไทย
893445,,HII,13.855483,100.575411,กรุงเทพมหานคร,กรุงเทพมหานคร,จตุจักร,,แขวงลาดยาว,ลาดยาว,ลาดยาว แขวงลาดยาว เขตจตุจักร กรุงเทพมหานคร 10900 ประเทศไทย
1033654,Ram 2,HII,14.041999,100.711685,ปทุมธานี,ปทุมธานี,คลองหลวง,อำเภอคลองหลวง,ตำบลคลองห้า,คลองห้า,คลองห้า ตำบล คลองห้า อำเภอคลองหลวง ปทุมธานี 12120 ประเทศไทย
1082073,Wildlife Sanctuary of Khao Soidao,HII,13.103555,102.19196,จันทบุรี,จันทบุรี,สอยดาว,อำเภอ สอยดาว,ตำบลทรายขาว,ทรายขาว,ทรายขาว อำเภอ สอยดาว จันทบุรี ประเทศไทย
1082074,Chit Ma Ni Weir,HII,13.115526,102.203094,จันทบุรี,จันทบุรี,สอยดาว,อำเภอ สอยดาว,ตำบลทรายขาว,ทรายขาว,ทรายขาว อำเภอ สอยดาว จันทบุรี ประเทศไทย
1082075,Khlong Pa Tong Weir,HII,13.12075,102.21829,จันทบุรี,จันทบุรี,สอยดาว,อำเภอ สอยดาว,ตำบลทรายขาว,ทรายขาว,ทรายขาว อำเภอ สอยดาว จันทบุรี ประเทศไทย
1082427,Bo Din Khao,HII,15.169025,100.41475,นครสวรรค์,นครสวรรค์,ตาคลี,อำเภอตาคลี,ตำบลพรหมนิมิต,พรหมนิมิต,พรหมนิมิต อำเภอตาคลี นครสวรรค์ ประเทศไทย
1085209,Ai Pa Cho Bridge,HII,5.835676,101.73485,นราธิวาส,นราธิวาส,สุคิริน,อำเภอ สุคิริน,ตำบลภูเขาทอง,ภูเขาทอง,ภูเขาทอง อำเภอ สุคิริน นราธิวาส 96190 ประเทศไทย
1085210,Bua Ban Ya De Bridge,HII,5.827553,101.75235,นราธิวาส,นราธิวาส,สุคิริน,อำเภอ สุคิริน,ตำบลภูเขาทอง,ภูเขาทอง,ภูเขาทอง อำเภอ สุคิริน นราธิวาส 96190 ประเทศไทย
1085211,Ka Lu Bi Ban Sai Pa Ri Bridge,HII,5.895709,101.76639,นราธิวาส,นราธิวาส,สุคิริน,อำเภอ สุคิริน,ตำบลมาโมง,มาโมง,มาโมง อำเภอ สุคิริน นราธิวาส 96190 ประเทศไทย
1091066,,HII,14.369174,100.528602,พระนครศรีอยุธยา,จังหวัดพระนครศรีอยุธยา,พระนครศรีอยุธยา,อำเภอ พระนครศรีอยุธยา,ตำบลบ้านป้อม,บ้านป้อม,บ้านป้อม อำเภอ พระนครศรีอยุธยา จังหวัดพระนครศรีอยุธยา ประเทศไทย
1091067,,HII,14.30453,100.566432,พระนครศรีอยุธยา,จังหวัดพระนครศรีอยุธยา,บางปะอิน,อำเภอบางปะอิน,ตำบลขนอนหลวง,ขนอนหลวง,ขนอนหลวง อำเภอบางปะอิน จังหวัดพระนครศรีอยุธยา ประเทศไทย
1091551,Khao Wong,HII,15.181726,100.41456,นครสวรรค์,นครสวรรค์,ตาคลี,อำเภอตาคลี,ตำบลช่องแค,ช่องแค,ช่องแค อำเภอตาคลี นครสวรรค์ ประเทศไทย
1093079,Khlong Cha Uat,HII,7.96633,99.99435,สงขลา,นครศรีธรรมราช,เมืองสงขลา,อำเภอ ชะอวด,ตำบลท่าเสม็ด,ท่าเสม็ด,ท่าเสม็ด อำเภอ ชะอวด นครศรีธรรมราช 80180 ประเทศไทย
1094448,Wat Khok Pho Sathit School,HII,8.40118,99.80203,นครศรีธรรมราช,นครศรีธรรมราช,เมืองนครศรีธรรมราช,อำเภอ ลานสกา,ตำบลกำโลน,กำโลน,กำโลน อำเภอ ลานสกา นครศรีธรรมราช 80230 ประเทศไทย
1095455,Trang Phatthana Bridge,HII,9.85489,98.84009,ชุมพร,ชุมพร,พะโต๊ะ,อำเภอ พะโต๊ะ,ตำบลพะโต๊ะ,พะโต๊ะ,พะโต๊ะ อำเภอ พะโต๊ะ ชุมพร 86180 ประเทศไทย
1104015,Pak Khlong Song Nam Sai,HII,14.315779,100.38976,พระนครศรีอยุธยา,จังหวัดพระนครศรีอยุธยา,เสนา,อำเภอเสนา,ตำบลเจ้าเจ็ด,เจ้าเจ็ด,เจ้าเจ็ด อำเภอเสนา จังหวัดพระนครศรีอยุธยา 13110 ประเทศไทย
1105332,Ku Ti,HII,14.412396,100.40112,พระนครศรีอยุธยา,จังหวัดพระนครศรีอยุธยา,ผักไห่,อำเภอ ผักไห่,ตำบลกุฎี,กุฎี,กุฎี อำเภอ ผักไห่ จังหวัดพระนครศรีอยุธยา ประเทศไทย
1106448,Khlong Bang So,HII,14.19488,100.13264,สุพรรณบุรี,สุพรรณบุรี,สองพี่น้อง,อำเภอสองพี่น้อง,ตำบลบางตาเถร,บางตาเถร,บางตาเถร อำเภอสองพี่น้อง สุพรรณบุรี ประเทศไทย
1106449,Lat Chado,HII,14.464443,100.36593,พระนครศรีอยุธยา,จังหวัดพระนครศรีอยุธยา,ผักไห่,อำเภอ ผักไห่,ตำบลอมฤต,อมฤต,อมฤต อำเภอ ผักไห่ จังหวัดพระนครศรีอยุธยา 13120 ประเทศไทย
1106450,Lat Chit,HII,14.440596,100.35741,พระนครศรีอยุธยา,จังหวัดพระนครศรีอยุธยา,ผักไห่,อำเภอ ผักไห่,ตำบลตาลาน,ตาลาน,ตาลาน อำเภอ ผักไห่ จังหวัดพระนครศรีอยุธยา 13120 ประเทศไทย
1106451,BangKaeo,HII,14.436562,100.371475,พระนครศรีอยุธยา,จังหวัดพระนครศรีอยุธยา,ผักไห่,อำเภอ ผักไห่,ตำบลบ้านใหญ่,บ้านใหญ่,บ้านใหญ่ อำเภอ ผักไห่ จังหวัดพระนครศรีอยุธยา 13120 ประเทศไทย
1106453,Thung PaMok,HII,14.320795,100.017395,สุพรรณบุรี,สุพรรณบุรี,บางปลาม้า,อำเภอบางปลาม้า,ตำบลวัดโบสถ์,วัดโบสถ์,วัดโบสถ์ อำเภอบางปลาม้า สุพรรณบุรี 72150 ประเทศไทย
1106454,Khlong Sai Huai Kaeo Pumping Station,HII,15.082753,100.55447,ลพบุรี,ลพบุรี,บ้านหมี่,อำเภอ บ้านหมี่,ตำบลหนองเมือง,หนองเมือง,หนองเมือง อำเภอ บ้านหมี่ ลพบุรี 15110 ประเทศไทย
1106455,Khlong Sa Ta Waeo Pumping Station,HII,14.940769,100.5929,ลพบุรี,ลพบุรี,บ้านหมี่,อำเภอ บ้านหมี่,ตำบลพุคา,พุคา,พุคา อำเภอ บ้านหมี่ ลพบุรี ประเทศไทย
1106456,Pak Khlong Ha Wa,HII,14.818604,100.57653,ลพบุรี,ลพบุรี,เมืองลพบุรี,อำเภอเมืองลพบุรี,ตำบลบางขันหมาก,บางขันหมาก,บางขันหมาก อำเภอเมืองลพบุรี ลพบุรี ประเทศไทย
1106457,Khlong Rabai Chai Nat Pa Sak Pumping Station,HII,15.055074,100.32082,สิงห์บุรี,สิงห์บุรี,อินทร์บุรี,อำเภออินทร์บุรี,ตำบลท่างาม,ท่างาม,ท่างาม อำเภออินทร์บุรี สิงห์บุรี 16110 ประเทศไทย
1107582,Sena,HII,14.327776,100.405464,พระนครศรีอยุธยา,จังหวัดพระนครศรีอยุธยา,เสนา,อำเภอเสนา,ตำบลเสนา,เสนา,เสนา อำเภอเสนา จังหวัดพระนครศรีอยุธยา 13110 ประเทศไทย
1108707,Mae Nam Noi,HII,14.498449,100.368286,พระนครศรีอยุธยา,จังหวัดพระนครศรีอยุธยา,ผักไห่,อำเภอ ผักไห่,ตำบลหน้าโคก,หน้าโคก,หน้าโคก อำเภอ ผักไห่ จังหวัดพระนครศรีอยุธยา 13120 ประเทศไทย
1109490,Tha Nam Bridge,HII,8.109218,98.90551,กระบี่,กระบี่,เมืองกระบี่,อำเภอเมืองกระบี่,ตำบลทับปริก,ทับปริก,ทับปริก อำเภอเมืองกระบี่ กระบี่ 81000 ประเทศไทย
1109491,Krabi Yai 1 Bridge,HII,8.187534,98.87913,กระบี่,กระบี่,เมืองกระบี่,อำเภอเมืองกระบี่,ตำบลทับปริก,ทับปริก,ทับปริก อำเภอเมืองกระบี่ กระบี่ 81000 ประเทศไทย
1109492,I Pan Bridge,HII,8.525788,98.881874,กระบี่,กระบี่,ปลายพระยา,อำเภอ ปลายพระยา,ตำบลปลายพระยา,ปลายพระยา,ปลายพระยา อำเภอ ปลายพระยา กระบี่ ประเทศไทย
1109493,Khlong Tako Bridge,HII,10.077671,98.98699,ชุมพร,ชุมพร,ทุ่งตะโก,อำเภอทุ่งตะโก,ตำบลตะโก,ตะโก,ตะโก อำเภอทุ่งตะโก ชุมพร ประเทศไทย
1109494,Nong Chik - Wang Pla Bridge,HII,10.112908,99.07552,สุราษฎร์ธานี,ชุมพร,เมืองสุราษฎร์ธานี,อำเภอทุ่งตะโก,ตำบลทุ่งตะไคร,ทุ่งตะไคร,ทุ่งตะไคร อำเภอทุ่งตะโก ชุมพร ประเทศไทย
1109495,Upper Ni Naruemit Gate ,HII,16.92319,104.7161,นครพนม,นครพนม,ธาตุพนม,อำเภอ ธาตุพนม,ตำบลธาตุพนม,ธาตุพนม,ธาตุพนม อำเภอ ธาตุพนม นครพนม 48110 ประเทศไทย
1109496,Ni Naruemit Gate,HII,16.922228,104.71621,นครพนม,นครพนม,ธาตุพนม,อำเภอ ธาตุพนม,ตำบลน้ำก่ำ,น้ำก่ำ,น้ำก่ำ อำเภอ ธาตุพนม นครพนม 48110 ประเทศไทย
1109497,Upper Huai Kean Upper Gate,HII,16.928389,104.720314,นครพนม,นครพนม,ธาตุพนม,อำเภอ ธาตุพนม,ตำบลธาตุพนม,ธาตุพนม,ธาตุพนม อำเภอ ธาตุพนม นครพนม 48110 ประเทศไทย
1109498,Huai Kean Gate,HII,16.927946,104.72031,นครพนม,นครพนม,ธาตุพนม,อำเภอ ธาตุพนม,ตำบลธาตุพนม,ธาตุพนม,ธาตุพนม อำเภอ ธาตุพนม นครพนม 48110 ประเทศไทย
1109499,Kaeng Pho Bridge,HII,16.929127,104.70069,นครพนม,นครพนม,ธาตุพนม,อำเภอ ธาตุพนม,ตำบลธาตุพนม,ธาตุพนม,ธาตุพนม อำเภอ ธาตุพนม นครพนม 48110 ประเทศไทย
1109500,Upper Ban Na Khu Gate,HII,16.96218,104.52514,นครพนม,นครพนม,นาแก,อำเภอ นาแก,ตำบลนาคู่,นาคู่,นาคู่ อำเภอ นาแก นครพนม 48130 ประเทศไทย
1109501,Ban Na Khu Gate,HII,16.96175,104.52583,นครพนม,นครพนม,นาแก,อำเภอ นาแก,ตำบลนาแก,นาแก,นาแก อำเภอ นาแก นครพนม ประเทศไทย
1109502,Mittraphap Tha Lat Pak Bang,HII,16.993048,104.59141,นครพนม,นครพนม,นาแก,อำเภอ นาแก,ตำบลพิมาน,พิมาน,พิมาน อำเภอ นาแก นครพนม 48130 ประเทศไทย
1109503,Upper BanNa Kham Gate,HII,17.001423,104.42569,นครพนม,นครพนม,นาแก,อำเภอ นาแก,ตำบลหนองสังข์,หนองสังข์,หนองสังข์ อำเภอ นาแก นครพนม 48130 ประเทศไทย
1109504,BanNa Kham Gate,HII,17.00039,104.42528,นครพนม,นครพนม,นาแก,อำเภอ นาแก,ตำบลหนองสังข์,หนองสังข์,หนองสังข์ อำเภอ นาแก นครพนม 48130 ประเทศไทย
1109505,Nam Kam Ban Nong Khaen,HII,17.057098,104.363556,สกลนคร,สกลนคร,โคกศรีสุพรรณ,อำเภอ โคกศรีสุพรรณ,ตำบลแมดนาท่ม,แมดนาท่ม,แมดนาท่ม อำเภอ โคกศรีสุพรรณ สกลนคร 47280 ประเทศไทย
1109506,Upper Na Bua Gate,HII,17.065418,104.579025,นครพนม,นครพนม,เรณูนคร,อำเภอ เรณูนคร,ตำบลโคกหินแฮ่,โคกหินแฮ่,โคกหินแฮ่ อำเภอ เรณูนคร นครพนม 48170 ประเทศไทย
1109507,Na Bua Gate,HII,17.064844,104.57885,นครพนม,นครพนม,เรณูนคร,อำเภอ เรณูนคร,ตำบลโคกหินแฮ่,โคกหินแฮ่,โคกหินแฮ่ อำเภอ เรณูนคร นครพนม 48170 ประเทศไทย
1109508,Upper Ban Tap Tao Gate,HII,17.115343,104.53788,นครพนม,นครพนม,ปลาปาก,อำเภอ ปลาปาก,ตำบลหนองเทาใหญ่,หนองเทาใหญ่,หนองเทาใหญ่ อำเภอ ปลาปาก นครพนม ประเทศไทย
1109509,Ban Tap Tao Gate,HII,17.114717,104.53841,นครพนม,นครพนม,ปลาปาก,อำเภอ ปลาปาก,ตำบลหนองเทาใหญ่,หนองเทาใหญ่,หนองเทาใหญ่ อำเภอ ปลาปาก นครพนม ประเทศไทย
1109510,Khlong Chiang Krai Ban Don,HII,15.240674,101.786194,นครราชสีมา,นครราชสีมา,ด่านขุนทด,อำเภอด่านขุนทด,ตำบลด่านขุนทด,ด่านขุนทด,ด่านขุนทด อำเภอด่านขุนทด นครราชสีมา 30210 ประเทศไทย
1109511,Khlong Sam Bat Ban Kut Phiman,HII,15.310615,101.743996,นครราชสีมา,นครราชสีมา,ด่านขุนทด,อำเภอด่านขุนทด,ตำบลกุดพิมาน,กุดพิมาน,กุดพิมาน อำเภอด่านขุนทด นครราชสีมา ประเทศไทย
1109512,Khlong ThaPhae Bridge,HII,8.166443,99.70425,นครศรีธรรมราช,นครศรีธรรมราช,เมืองนครศรีธรรมราช,อำเภอทุ่งสง,ตำบลถ้ำใหญ่,ถ้ำใหญ่,ถ้ำใหญ่ อำเภอทุ่งสง นครศรีธรรมราช 80110 ประเทศไทย
1109513,Khlong Bang Muang Bridge,HII,7.365281,100.27959,สงขลา,พัทลุง,เมืองสงขลา,อำเภอ ปากพะยูน,ตำบลฝาละมี,ฝาละมี,ฝาละมี อำเภอ ปากพะยูน พัทลุง ประเทศไทย
1109514,Khlong Lampam Bridge,HII,7.622818,100.14691,สงขลา,พัทลุง,เมืองสงขลา,อำเภอเมืองพัทลุง,ตำบลลำปำ,ลำปำ,ลำปำ อำเภอเมืองพัทลุง พัทลุง 93000 ประเทศไทย
1109515,Nam Yom Sai Kao - Ban Wang Nam Bo Bridge,HII,17.012897,100.06047,สุโขทัย,สุโขทัย,กงไกรลาศ,อำเภอ กงไกรลาศ,ตำบลกกแรต,กกแรต,กกแรต อำเภอ กงไกรลาศ สุโขทัย 64170 ประเทศไทย
1109516,Khlong Ka Poe Bridge,HII,9.590069,98.63293,ระนอง,ระนอง,กะเปอร์,อำเภอ กะเปอร์,ตำบลเชี่ยวเหลียง,เชี่ยวเหลียง,เชี่ยวเหลียง อำเภอ กะเปอร์ ระนอง 85120 ประเทศไทย
1109517,Upper Ban Nong Bueng Gate,HII,17.081032,104.36085,สกลนคร,สกลนคร,โคกศรีสุพรรณ,อำเภอ โคกศรีสุพรรณ,ตำบลด่านม่วงคำ,ด่านม่วงคำ,ด่านม่วงคำ อำเภอ โคกศรีสุพรรณ สกลนคร ประเทศไทย
1109518,Ban Nong Bueng Gate,HII,17.080105,104.36071,สกลนคร,สกลนคร,โคกศรีสุพรรณ,อำเภอ โคกศรีสุพรรณ,ตำบลด่านม่วงคำ,ด่านม่วงคำ,ด่านม่วงคำ อำเภอ โคกศรีสุพรรณ สกลนคร ประเทศไทย
1109519,Khlong Teark Bridge,HII,17.126007,104.14093,สกลนคร,สกลนคร,เมืองสกลนคร,อำเภอเมืองสกลนคร,ตำบลงิ้วด่อน,งิ้วด่อน,งิ้วด่อน อำเภอเมืองสกลนคร สกลนคร ประเทศไทย
1109520,Upper Suratsawadi Gate,HII,17.15318,104.2829,สกลนคร,สกลนคร,เมืองสกลนคร,อำเภอเมืองสกลนคร,ตำบลโคกก่อง,โคกก่อง,โคกก่อง อำเภอเมืองสกลนคร สกลนคร ประเทศไทย
1109521,Suratsawadi Gate,HII,17.15333,104.28338,สกลนคร,สกลนคร,โพนนาแก้ว,อำเภอ โพนนาแก้ว,ตำบลนาตงวัฒนา,นาตงวัฒนา,นาตงวัฒนา อำเภอ โพนนาแก้ว สกลนคร 47230 ประเทศไทย
1109522,Khlong Mong Bridge,HII,17.166748,104.11901,สกลนคร,สกลนคร,เมืองสกลนคร,อำเภอเมืองสกลนคร,ตำบลธาตุเชิงชุม,ธาตุเชิงชุม,ธาตุเชิงชุม อำเภอเมืองสกลนคร สกลนคร 47000 ประเทศไทย
1109523,Huai Samo Bridge,HII,17.208946,104.101845,สกลนคร,สกลนคร,เมืองสกลนคร,อำเภอเมืองสกลนคร,ตำบลธาตุนาเวง,ฮางโฮง,ฮางโฮง อำเภอเมืองสกลนคร สกลนคร 47000 ประเทศไทย
1109524,Khlong Thepha Bridge,HII,6.534079,100.96343,สงขลา,สงขลา,เมืองสงขลา,อำเภอ สะบ้าย้อย,ตำบลจะแหน,จะแหน,จะแหน อำเภอ สะบ้าย้อย สงขลา ประเทศไทย
1109525,Thepha Santi Suk Bridge,HII,6.825131,100.972626,สงขลา,สงขลา,เมืองสงขลา,อำเภอ เทพา,ตำบลปากบาง,ปากบาง,ปากบาง ตำบล ปากบาง อำเภอ เทพา สงขลา ประเทศไทย
1109526,Khlong U Taphao Bridge,HII,7.134991,100.45319,สงขลา,สงขลา,เมืองสงขลา,อำเภอหาดใหญ่,ตำบลคูเต่า,คูเต่า,คูเต่า อำเภอหาดใหญ่ สงขลา 90110 ประเทศไทย
1109527,Queen Bridge,HII,7.18275,100.594505,สงขลา,สงขลา,เมืองสงขลา,อำเภอเมืองสงขลา,ตำบลเขารูปช้าง,เขารูปช้าง,เขารูปช้าง อำเภอเมืองสงขลา สงขลา 90000 ประเทศไทย
1109528,Khlong Ranot Bridge,HII,7.7699,100.302086,สงขลา,สงขลา,เมืองสงขลา,อำเภอ ระโนด,ตำบลระโนด,ระโนด,ระโนด อำเภอ ระโนด สงขลา 90140 ประเทศไทย
1109529,Yom Sai Kao - Tambon Krai Nai Bridge,HII,17.074213,100.00565,พิษณุโลก,พิษณุโลก,พรหมพิราม,อำเภอพรหมพิราม,ตำบลศรีภิรมย์,ศรีภิรมย์,ศรีภิรมย์ อำเภอพรหมพิราม พิษณุโลก ประเทศไทย
1109530,Yom Sai Kao - Wat Paknam Bridge,HII,17.219513,99.889565,สุโขทัย,สุโขทัย,สวรรคโลก,อำเภอ สวรรคโลก,ตำบลเมืองบางยม,เมืองบางยม,เมืองบางยม อำเภอ สวรรคโลก สุโขทัย ประเทศไทย
1109531,Khlong Nam Kao Bridge,HII,17.341509,99.85574,สุโขทัย,สุโขทัย,สวรรคโลก,อำเภอ สวรรคโลก,ตำบลในเมือง,ในเมือง,ในเมือง อำเภอ สวรรคโลก สุโขทัย ประเทศไทย
1109532,Nam Yom Nan 1 Bridge,HII,17.367386,99.87584,สุโขทัย,สุโขทัย,สวรรคโลก,อำเภอ สวรรคโลก,ตำบลในเมือง,ในเมือง,ในเมือง อำเภอ สวรรคโลก สุโขทัย ประเทศไทย
1109533,Khlong Chaiya Bridge,HII,9.398649,99.16831,นครศรีธรรมราช,สุราษฎร์ธานี,เมืองนครศรีธรรมราช,อำเภอไชยา,ตำบลเวียง,เวียง,เวียง อำเภอไชยา สุราษฎร์ธานี ประเทศไทย
1109534,Khlong Pak Mak Bridge,HII,9.492355,98.91993,สุราษฎร์ธานี,สุราษฎร์ธานี,ไชยา,อำเภอไชยา,ตำบลปากหมาก,ปากหมาก,ปากหมาก อำเภอไชยา สุราษฎร์ธานี ประเทศไทย
1109535,Khlong Tha Chana Bridge,HII,9.576608,99.12956,สุราษฎร์ธานี,สุราษฎร์ธานี,เมืองสุราษฎร์ธานี,อำเภอท่าชนะ,ตำบลสมอทอง,คลองพา,คลองพา อำเภอท่าชนะ สุราษฎร์ธานี ประเทศไทย
1109536,Esia 4265 Bridge,HII,9.59868,98.94901,สุราษฎร์ธานี,สุราษฎร์ธานี,ท่าชนะ,อำเภอท่าชนะ,ตำบลประสงค์,ประสงค์,ประสงค์ อำเภอท่าชนะ สุราษฎร์ธานี ประเทศไทย
1109537,Nam Yom Nan 2 Bridge,HII,17.321053,100.01187,อุตรดิตถ์,อุตรดิตถ์,พิชัย,อำเภอพิชัย,ตำบลคอรุม,คอรุม,คอรุม อำเภอพิชัย อุตรดิตถ์ ประเทศไทย
1109538,Bang Kam Prat Reservoir,HII,8.222012,99.197815,นครศรีธรรมราช,กระบี่,เมืองนครศรีธรรมราช,อำเภอ เขาพนม,ตำบลสินปุน,สินปุน,สินปุน อำเภอ เขาพนม กระบี่ 80240 ประเทศไทย
1109539,Ban Huai Daeng School,HII,16.548172,104.20809,กาฬสินธุ์,กาฬสินธุ์,กุฉินารายณ์,อำเภอ กุฉินารายณ์,ตำบลกุดหว้า,กุดหว้า,กุดหว้า อำเภอ กุฉินารายณ์ กาฬสินธุ์ 46110 ประเทศไทย
1109540,Ban Kham Phi Mun Bridge,HII,16.923668,103.59711,กาฬสินธุ์,กาฬสินธุ์,คำม่วง,อำเภอ คำม่วง,ตำบลทุ่งคลอง,ทุ่งคลอง,ทุ่งคลอง อำเภอ คำม่วง กาฬสินธุ์ 46180 ประเทศไทย
1109541,Tambon Health Promoting Hospital of Kham Mueat Kaeo,HII,16.533354,103.205505,กาฬสินธุ์,กาฬสินธุ์,ห้วยเม็ก,อำเภอ ห้วยเม็ก,ตำบลคำเหมือดแก้ว,คำเหมือดแก้ว,คำเหมือดแก้ว อำเภอ ห้วยเม็ก กาฬสินธุ์ ประเทศไทย
1109542,Tambon Health Promoting Hospital of Ban Nong Bot,HII,14.418626,102.22095,นครราชสีมา,นครราชสีมา,ครบุรี,อำเภอครบุรี,ตำบลโคกกระชาย,โคกกระชาย,โคกกระชาย อำเภอครบุรี นครราชสีมา 30250 ประเทศไทย
1109543,Ban Non Teng School,HII,15.486866,102.24146,นครราชสีมา,นครราชสีมา,คง,อำเภอคง,ตำบลโนนเต็ง,โนนเต็ง,โนนเต็ง อำเภอคง นครราชสีมา 30260 ประเทศไทย
1109544,Ban Nong Prue Pong School,HII,15.603773,102.21791,นครราชสีมา,นครราชสีมา,บ้านเหลื่อม,อำเภอ บ้านเหลื่อม,ตำบลโคกกระเบื้อง,โคกกระเบื้อง,โคกกระเบื้อง อำเภอ บ้านเหลื่อม นครราชสีมา ประเทศไทย
1109545,Chin Wong Upatham School,HII,14.772733,101.71567,นครราชสีมา,นครราชสีมา,สูงเนิน,อำเภอสูงเนิน,ตำบลมะเกลือใหม่,มะเกลือใหม่,มะเกลือใหม่ อำเภอสูงเนิน นครราชสีมา ประเทศไทย
1109546,Ta Khop,HII,14.635942,101.844666,นครราชสีมา,นครราชสีมา,ปักธงชัย,อำเภอปักธงชัย,ตำบลตะขบ,ตะขบ,ตะขบ อำเภอปักธงชัย นครราชสีมา ประเทศไทย
1109547,Ban Khlong Khrok School,HII,13.133251,101.816765,จันทบุรี,จันทบุรี,แก่งหางแมว,อำเภอแก่งหางแมว,ตำบลพวา,พวา,พวา อำเภอแก่งหางแมว จันทบุรี 22160 ประเทศไทย
1109548,Khok Ta Phong Temple,HII,12.781715,102.17328,ชลบุรี,จันทบุรี,เมืองชลบุรี,อำเภอ มะขาม,ตำบลวังแซ้ม,วังแซ้ม,วังแซ้ม อำเภอ มะขาม จันทบุรี ประเทศไทย
1109549,Santi Tham Khiri (Khao Hin Khong) Temple,HII,12.971485,101.99657,ชลบุรี,จันทบุรี,เมืองชลบุรี,อำเภอ เขาคิชฌกูฏ,ตำบลคลองพลู,คลองพลู,คลองพลู อำเภอ เขาคิชฌกูฏ จันทบุรี 22210 ประเทศไทย
1109550,Ban Talat Noen Hin School,HII,13.298748,101.36007,ชลบุรี,ชลบุรี,บ่อทอง,อำเภอบ่อทอง,ตำบลธาตุทอง,ธาตุทอง,ธาตุทอง อำเภอบ่อทอง ชลบุรี 20270 ประเทศไทย
1109551,Wat Ban Pong School,HII,12.934864,100.9912,ชลบุรี,ชลบุรี,เมืองชลบุรี,อำเภอบางละมุง,ตำบลโป่ง,โป่ง,โป่ง อำเภอบางละมุง ชลบุรี 20150 ประเทศไทย
1109552,Wat Nong Nam Khiao School,HII,13.234718,101.11683,ชลบุรี,ชลบุรี,บ้านบึง,อำเภอบ้านบึง,ตำบลคลองกิ่ว,คลองกิ่ว,คลองกิ่ว อำเภอบ้านบึง ชลบุรี ประเทศไทย
1109553,Tham Ni Mit Temple Temple,HII,13.168436,101.03034,ชลบุรี,ชลบุรี,ศรีราชา,อำเภอศรีราชา,ตำบลบางพระ,บางพระ,บางพระ ตำบล บางพระ อำเภอศรีราชา ชลบุรี ประเทศไทย
1109554,Ban Chanuan School,HII,16.30008,102.26176,ชัยภูมิ,ชัยภูมิ,ภูเขียว,อำเภอ ภูเขียว,ตำบลบ้านดอน,บ้านดอน,บ้านดอน อำเภอ ภูเขียว ชัยภูมิ ประเทศไทย
1109555,Thung Tong Temple Temple,HII,12.515779,102.59024,ชลบุรี,ตราด,เมืองชลบุรี,อำเภอ บ่อไร่,ตำบลนนทรีย์,นนทรีย์,นนทรีย์ อำเภอ บ่อไร่ ตราด ประเทศไทย
1109556,Tambon Health Promoting Hospital of Ban Khlong Khwang,HII,12.344471,102.641685,ประจวบคีรีขันธ์,ตราด,เมืองประจวบคีรีขันธ์,อำเภอเมืองตราด,ตำบลท่ากุ่ม,ท่ากุ่ม,ท่ากุ่ม อำเภอเมืองตราด ตราด ประเทศไทย
1109557,Khao Chang Temple,HII,16.870367,104.552444,นครพนม,นครพนม,นาแก,อำเภอ นาแก,ตำบลสีชมพู,สีชมพู,สีชมพู อำเภอ นาแก นครพนม 48130 ประเทศไทย
1109558,Ban Na Dokmai School,HII,17.177198,104.608246,นครพนม,นครพนม,ปลาปาก,อำเภอ ปลาปาก,ตำบลกุตาไก้,กุตาไก้,กุตาไก้ อำเภอ ปลาปาก นครพนม 48160 ประเทศไทย
1109559,Tham Ta Chai Temple,HII,16.923141,104.39272,นครพนม,นครพนม,นาแก,อำเภอ นาแก,ตำบลก้านเหลือง,ก้านเหลือง,ก้านเหลือง อำเภอ นาแก นครพนม ประเทศไทย
1109560,Ban Hin Thoen School,HII,14.064862,102.01053,ปราจีนบุรี,ปราจีนบุรี,นาดี,อำเภอนาดี,ตำบลแก่งดินสอ,แก่งดินสอ,แก่งดินสอ อำเภอนาดี ปราจีนบุรี ประเทศไทย
1109561,Tambon Health Promoting Hospital of Rat Rak Daen,HII,14.247004,102.93663,บุรีรัมย์,บุรีรัมย์,ละหานทราย,อำเภอ ละหานทราย,ตำบลหนองแวง,หนองแวง,หนองแวง อำเภอ ละหานทราย บุรีรัมย์ ประเทศไทย
1109562,Ban Sai Tho 4 Tai School,HII,14.370019,103.14557,บุรีรัมย์,บุรีรัมย์,บ้านกรวด,อำเภอ บ้านกรวด,ตำบลจันทบเพชร,จันทบเพชร,จันทบเพชร อำเภอ บ้านกรวด บุรีรัมย์ 31180 ประเทศไทย
1109563,Nikhom Pracha San Temple,HII,11.935995,99.710754,ประจวบคีรีขันธ์,ประจวบคีรีขันธ์,เมืองประจวบคีรีขันธ์,อำเภอเมืองประจวบคีรีขันธ์,ตำบลอ่าวน้อย,อ่าวน้อย,อ่าวน้อย อำเภอเมืองประจวบคีรีขันธ์ ประจวบคีรีขันธ์ ประเทศไทย
1109564,Khlong Chong Lom Reservoir,HII,11.565033,99.52905,ประจวบคีรีขันธ์,ประจวบคีรีขันธ์,เมืองประจวบคีรีขันธ์,อำเภอทับสะแก,ตำบลเขาล้าน,เขาล้าน,เขาล้าน อำเภอทับสะแก ประจวบคีรีขันธ์ 77130 ประเทศไทย
1109565,Huai Kasian Temple,HII,14.181174,101.413635,ปราจีนบุรี,ปราจีนบุรี,เมืองปราจีนบุรี,อำเภอเมืองปราจีนบุรี,ตำบลเนินหอม,เนินหอม,เนินหอม อำเภอเมืองปราจีนบุรี ปราจีนบุรี ประเทศไทย
1109566,Huai Chan Temple,HII,13.98661,102.43689,สระแก้ว,สระแก้ว,วัฒนานคร,อำเภอวัฒนานคร,ตำบลช่องกุ่ม,ช่องกุ่ม,ช่องกุ่ม อำเภอวัฒนานคร สระแก้ว ประเทศไทย
1109567,Wang Plachon Temple,HII,13.241895,99.65333,ราชบุรี,ราชบุรี,ปากท่อ,อำเภอปากท่อ,ตำบลยางหัก,ยางหัก,ยางหัก อำเภอปากท่อ ราชบุรี ประเทศไทย
1109568,Ban Huai Phai School,HII,12.759101,99.61466,ชลบุรี,เพชรบุรี,เมืองชลบุรี,อำเภอแก่งกระจาน,ตำบลห้วยแม่เพรียง,ห้วยแม่เพรียง,ห้วยแม่เพรียง อำเภอแก่งกระจาน เพชรบุรี ประเทศไทย
1109569,Ban Khao AngKaeo School,HII,12.668873,99.65607,ชลบุรี,เพชรบุรี,เมืองชลบุรี,อำเภอท่ายาง,ตำบลเขากระปุก,เขากระปุก,เขากระปุก อำเภอท่ายาง เพชรบุรี ประเทศไทย
1109570,Bang Wat Dam,HII,7.890618,98.33839,ภูเก็ต,ภูเก็ต,กะทู้,อำเภอกะทู้,ตำบลกะทู้,กะทู้,กะทู้ อำเภอกะทู้ ภูเก็ต ประเทศไทย
1109571,Bang Niao Dam Reservoir,HII,7.969089,98.33395,ภูเก็ต,ภูเก็ต,ถลาง,อำเภอถลาง,ตำบลศรีสุนทร,ศรีสุนทร,ศรีสุนทร อำเภอถลาง ภูเก็ต ประเทศไทย
1109572,Bamrung Phong U Patham School,HII,16.341164,104.52088,มุกดาหาร,มุกดาหาร,นิคมคำสร้อย,อำเภอ นิคมคำสร้อย,ตำบลโชคชัย,โชคชัย,โชคชัย อำเภอ นิคมคำสร้อย มุกดาหาร ประเทศไทย
1109573,Ban Nong Mek School,HII,16.226318,104.775986,มุกดาหาร,มุกดาหาร,ดอนตาล,อำเภอ ดอนตาล,ตำบลป่าไร่,ป่าไร่,ป่าไร่ อำเภอ ดอนตาล มุกดาหาร ประเทศไทย
1109574,Ban Wang Nong School,HII,16.461332,104.260345,มุกดาหาร,มุกดาหาร,หนองสูง,อำเภอ หนองสูง,ตำบลโนนยาง,โนนยาง,โนนยาง อำเภอ หนองสูง มุกดาหาร ประเทศไทย
1109575,Ban Sok School,HII,16.798046,104.51644,มุกดาหาร,มุกดาหาร,ดงหลวง,อำเภอ ดงหลวง,ตำบลดงหลวง,ดงหลวง,ดงหลวง อำเภอ ดงหลวง มุกดาหาร 49140 ประเทศไทย
1109576,Dan Hin Taek Temple,HII,16.12564,104.750725,ยโสธร,ยโสธร,เลิงนกทา,อำเภอ เลิงนกทา,ตำบลบุ่งค้า,บุ่งค้า,บุ่งค้า อำเภอ เลิงนกทา ยโสธร 35120 ประเทศไทย
1109577,Ban Mueangrae School,HII,12.880674,101.78457,ชลบุรี,ระยอง,เมืองชลบุรี,อำเภอ เขาชะเมา,ตำบลน้ำเป็น,น้ำเป็น,น้ำเป็น อำเภอ เขาชะเมา ระยอง ประเทศไทย
1109578,Ban Si Ra Man School,HII,13.038723,101.66168,ระยอง,ระยอง,เขาชะเมา,อำเภอ เขาชะเมา,ตำบลห้วยทับมอญ,ห้วยทับมอญ,ห้วยทับมอญ อำเภอ เขาชะเมา ระยอง ประเทศไทย
1109579,Tambon Health Promoting Hospital of Ban Chak Mak,HII,12.796791,101.02768,ชลบุรี,ระยอง,เมืองชลบุรี,อำเภอบ้านฉาง,ตำบลสำนักท้อน,สำนักท้อน,สำนักท้อน อำเภอบ้านฉาง ระยอง 21130 ประเทศไทย
1109580,PluakDaeng,HII,12.970118,101.20457,ชลบุรี,ระยอง,เมืองชลบุรี,อำเภอปลวกแดง,ตำบลปลวกแดง,ปลวกแดง,ปลวกแดง อำเภอปลวกแดง ระยอง ประเทศไทย
1109581,Tham Bang Bot Temple,HII,16.683016,104.15919,กาฬสินธุ์,กาฬสินธุ์,เขาวง,อำเภอ เขาวง,ตำบลคุ้มเก่า,คุ้มเก่า,คุ้มเก่า อำเภอ เขาวง กาฬสินธุ์ 46160 ประเทศไทย
1109582,Tambon Health Promoting Hospital of Thapthim Siam 07,HII,14.486936,104.45376,ศรีสะเกษ,ศรีสะเกษ,ขุนหาญ,อำเภอ ขุนหาญ,ตำบลบักดอง,บักดอง,บักดอง อำเภอ ขุนหาญ ศรีสะเกษ ประเทศไทย
1109583,Ban Lup Lao School,HII,16.871344,103.992195,สกลนคร,สกลนคร,ภูพาน,อำเภอ ภูพาน,ตำบลหลุบเลา,หลุบเลา,หลุบเลา อำเภอ ภูพาน สกลนคร ประเทศไทย
1109584,Ban Kuan Bun School,HII,16.90026,104.18291,สกลนคร,สกลนคร,เต่างอย,อำเภอ เต่างอย,ตำบลจันทร์เพ็ญ,จันทร์เพ็ญ,จันทร์เพ็ญ ตำบล จันทร์เพ็ญ อำเภอ เต่างอย สกลนคร ประเทศไทย
1109585,Ban Na Kham Witthayakhan School,HII,17.120447,104.05049,สกลนคร,สกลนคร,เมืองสกลนคร,อำเภอเมืองสกลนคร,ตำบลห้วยยาง,ห้วยยาง,ห้วยยาง อำเภอเมืองสกลนคร สกลนคร 47000 ประเทศไทย
1109586,Ban Phu Phek School,HII,17.214973,103.95327,สกลนคร,สกลนคร,พรรณานิคม,อำเภอ พรรณานิคม,ตำบลนาหัวบ่อ,นาหัวบ่อ,นาหัวบ่อ อำเภอ พรรณานิคม สกลนคร ประเทศไทย
1109587,Tha Phraya,HII,6.62463,100.94688,สงขลา,สงขลา,เมืองสงขลา,อำเภอ สะบ้าย้อย,ตำบลสะบ้าย้อย,สะบ้าย้อย,สะบ้าย้อย อำเภอ สะบ้าย้อย สงขลา ประเทศไทย
1109588,Ban Khlong Yai In School,HII,13.383333,102.12729,สระแก้ว,สระแก้ว,วังสมบูรณ์,อำเภอ วังสมบูรณ์,ตำบลวังทอง,วังทอง,วังทอง อำเภอ วังสมบูรณ์ สระแก้ว 27250 ประเทศไทย
1109589,Khlong Khan Tho Temple,HII,13.94595,102.28505,สระแก้ว,สระแก้ว,วัฒนานคร,อำเภอวัฒนานคร,ตำบลหนองหมากฝ้าย,หนองหมากฝ้าย,หนองหมากฝ้าย อำเภอวัฒนานคร สระแก้ว 27160 ประเทศไทย
1109590,Tambon Health Promoting Hospital of Charat,HII,14.431426,103.96209,สุรินทร์,สุรินทร์,บัวเชด,อำเภอ บัวเชด,ตำบลจรัส,จรัส,จรัส อำเภอ บัวเชด สุรินทร์ 32230 ประเทศไทย
1109591,Khuean Kaeo Temple,HII,14.467237,103.61535,สุรินทร์,สุรินทร์,กาบเชิง,อำเภอ กาบเชิง,ตำบลกาบเชิง,กาบเชิง,กาบเชิง อำเภอ กาบเชิง สุรินทร์ ประเทศไทย
1109592,Non Nam Thaeng School,HII,15.927208,104.62791,อำนาจเจริญ,อำนาจเจริญ,เมืองอำนาจเจริญ,อำเภอเมืองอำนาจเจริญ,ตำบลโนนหนามแท่ง,โนนหนามแท่ง,โนนหนามแท่ง อำเภอเมืองอำนาจเจริญ อำนาจเจริญ 37000 ประเทศไทย
1109593,Phu khao Kham School,HII,15.939874,104.78428,อำนาจเจริญ,อำนาจเจริญ,เมืองอำนาจเจริญ,อำเภอเมืองอำนาจเจริญ,ตำบลคึมใหญ่,คึมใหญ่,คึมใหญ่ อำเภอเมืองอำนาจเจริญ อำนาจเจริญ ประเทศไทย
1109594,Ban Nong O Noi School,HII,17.356894,102.60081,อุดรธานี,อุดรธานี,หนองวัวซอ,อำเภอ หนองวัวซอ,ตำบลหนองบัวบาน,หนองบัวบาน,หนองบัวบาน อำเภอ หนองวัวซอ อุดรธานี ประเทศไทย
1109595,Nong Waeng Chumphon School,HII,17.041063,102.62487,อุดรธานี,อุดรธานี,หนองวัวซอ,อำเภอ หนองวัวซอ,ตำบลกุดหมากไฟ,กุดหมากไฟ,กุดหมากไฟ อำเภอ หนองวัวซอ อุดรธานี ประเทศไทย
1109596,Dom Pradit,HII,14.420161,105.179794,อุบลราชธานี,อุบลราชธานี,น้ำยืน,อำเภอน้ำยืน,ตำบลโดมประดิษฐ์,โดมประดิษฐ์,โดมประดิษฐ์ อำเภอน้ำยืน อุบลราชธานี ประเทศไทย
1117429,Nong Leng Sai Weir,HII,19.350998,99.82497,พะเยา,พะเยา,แม่ใจ,อำเภอ แม่ใจ,ตำบลบ้านเหล่า,บ้านเหล่า,บ้านเหล่า อำเภอ แม่ใจ พะเยา 56130 ประเทศไทย
1117430,Ban Tam Bridge,HII,19.2182,99.86272,พะเยา,พะเยา,เมืองพะเยา,อำเภอเมืองพะเยา,ตำบลบ้านต๊ำ,บ้านต๊ำ,บ้านต๊ำ อำเภอเมืองพะเยา พะเยา 56000 ประเทศไทย
1117431,Ban Chedi Ngam Bridge,HII,19.18656,99.9439,พะเยา,พะเยา,ดอกคำใต้,อำเภอ ดอกคำใต้,ตำบลท่าวังทอง,สว่างอารมณ์,สว่างอารมณ์ อำเภอ ดอกคำใต้ พะเยา 56120 ประเทศไทย
1117939,Ni Naruemit Gate ,HII,16.92315,104.71618,นครพนม,นครพนม,ธาตุพนม,อำเภอ ธาตุพนม,ตำบลธาตุพนม,ธาตุพนม,ธาตุพนม อำเภอ ธาตุพนม นครพนม 48110 ประเทศไทย
1117940,Huai Kean Upper Gate,HII,16.92842,104.72051,นครพนม,นครพนม,ธาตุพนม,อำเภอ ธาตุพนม,ตำบลธาตุพนม,ธาตุพนม,ธาตุพนม อำเภอ ธาตุพนม นครพนม 48110 ประเทศไทย
1117941,Ban Na Khu Gate,HII,16.96218,104.52514,นครพนม,นครพนม,นาแก,อำเภอ นาแก,ตำบลนาคู่,นาคู่,นาคู่ อำเภอ นาแก นครพนม 48130 ประเทศไทย
1117942,BanNa Kham Gate,HII,17.00136,104.42568,นครพนม,นครพนม,นาแก,อำเภอ นาแก,ตำบลหนองสังข์,หนองสังข์,หนองสังข์ อำเภอ นาแก นครพนม 48130 ประเทศไทย
1117943,Na Bua Gate,HII,17.06546,104.57902,นครพนม,นครพนม,เรณูนคร,อำเภอ เรณูนคร,ตำบลโคกหินแฮ่,โคกหินแฮ่,โคกหินแฮ่ อำเภอ เรณูนคร นครพนม 48170 ประเทศไทย
1117944,Ban Tap Tao Gate,HII,17.11538,104.53789,นครพนม,นครพนม,ปลาปาก,อำเภอ ปลาปาก,ตำบลหนองเทาใหญ่,หนองเทาใหญ่,หนองเทาใหญ่ อำเภอ ปลาปาก นครพนม ประเทศไทย
1117945,Ban Nong Bueng Gate,HII,17.081032,104.36085,สกลนคร,สกลนคร,โคกศรีสุพรรณ,อำเภอ โคกศรีสุพรรณ,ตำบลด่านม่วงคำ,ด่านม่วงคำ,ด่านม่วงคำ อำเภอ โคกศรีสุพรรณ สกลนคร ประเทศไทย
1117946,Suratsawadi Gate,HII,17.15318,104.2829,สกลนคร,สกลนคร,เมืองสกลนคร,อำเภอเมืองสกลนคร,ตำบลโคกก่อง,โคกก่อง,โคกก่อง อำเภอเมืองสกลนคร สกลนคร ประเทศไทย
1124861,Si Mak Ya Temple,HII,17.250784,102.60559,อุดรธานี,อุดรธานี,หนองวัวซอ,อำเภอ หนองวัวซอ,ตำบลหมากหญ้า,หมากหญ้า,หมากหญ้า อำเภอ หนองวัวซอ อุดรธานี ประเทศไทย
1126506,Ban Tha Wang Bridge ,HII,7.37656,100.1004,สงขลา,พัทลุง,เมืองสงขลา,อำเภอ เขาชัยสน,ตำบลเขาชัยสน,เขาชัยสน,เขาชัยสน อำเภอ เขาชัยสน พัทลุง ประเทศไทย
1129393,Hydro-Informatics Institute (Public Organization),HII,13.85604,100.57561,กรุงเทพมหานคร,กรุงเทพมหานคร,จตุจักร,,แขวงลาดยาว,ลาดยาว,ลาดยาว แขวงลาดยาว เขตจตุจักร กรุงเทพมหานคร 10900 ประเทศไทย
1132567,Ban Kanae Chutha Border Patrol Police Learning Center,HII,17.3685,98.2632,ตาก,ตาก,ท่าสองยาง,อำเภอท่าสองยาง,ตำบลแม่อุสุ,แม่อุสุ,แม่อุสุ อำเภอท่าสองยาง ตาก 63150 ประเทศไทย
1132568,Ban Teebokee Community Public Health Service Center,HII,17.5003,98.2624,ตาก,ตาก,ท่าสองยาง,อำเภอท่าสองยาง,ตำบลแม่สอง,แม่สอง,แม่สอง อำเภอท่าสองยาง ตาก 63150 ประเทศไทย
1132569,Ban Mae Wei Subdistrict Health Promoting Hospital,HII,17.695904,97.88761,ตาก,ตาก,ท่าสองยาง,อำเภอท่าสองยาง,ตำบลแม่วะหลวง,แม่วะหลวง,แม่วะหลวง อำเภอท่าสองยาง ตาก 63150 ประเทศไทย
1139393,Kham Lamnam Choen Bridge (MitrPhol NongRuea),HII,16.48885,102.419075,ขอนแก่น,ขอนแก่น,หนองเรือ,อำเภอหนองเรือ,ตำบลหนองเรือ,หนองเรือ,หนองเรือ อำเภอหนองเรือ ขอนแก่น ประเทศไทย
1140845,Chao Pho Phaya On Shrine,HII,18.599714,100.1496,แพร่,แพร่,สอง,อำเภอสอง,ตำบลเตาปูน,เตาปูน,เตาปูน อำเภอสอง แพร่ 54120 ประเทศไทย
1197836,Huai Pha Tang,HII,19.97528,100.48371,เชียงราย,เชียงราย,เวียงแก่น,อำเภอ เวียงแก่น,ตำบลปอ,ปอ,ปอ อำเภอ เวียงแก่น เชียงราย 57310 ประเทศไทย
1197955,Kabinburi Industrial Zone,HII,14.07421,101.8166,ปราจีนบุรี,ปราจีนบุรี,กบินทร์บุรี,อำเภอกบินทร์บุรี,ตำบลหนองกี่,หนองกี่,หนองกี่ อำเภอกบินทร์บุรี ปราจีนบุรี ประเทศไทย
1197956,Khlong Daeng,HII,14.089581,101.85268,ปราจีนบุรี,ปราจีนบุรี,กบินทร์บุรี,อำเภอกบินทร์บุรี,ตำบลหนองกี่,หนองกี่,หนองกี่ อำเภอกบินทร์บุรี ปราจีนบุรี ประเทศไทย
1197957,Huai Yang Canal,HII,14.13648,101.85744,ปราจีนบุรี,ปราจีนบุรี,นาดี,อำเภอนาดี,ตำบลทุ่งโพธิ์,ทุ่งโพธิ์,ทุ่งโพธิ์ อำเภอนาดี ปราจีนบุรี 25220 ประเทศไทย
1198081,Sa River,HII,18.571743,100.74265,น่าน,น่าน,เวียงสา,อำเภอเวียงสา,ตำบลกลางเวียง,กลางเวียง,กลางเวียง อำเภอเวียงสา น่าน 55110 ประเทศไทย
1198082,Sa water,HII,18.58397,100.60019,น่าน,น่าน,เวียงสา,อำเภอเวียงสา,ตำบลปงสนุก,ปงสนุก,ปงสนุก อำเภอเวียงสา น่าน 55110 ประเทศไทย
1198297,Tha River Bridge,HII,18.546898,99.25004,ลำพูน,ลำพูน,แม่ทา,อำเภอแม่ทา,ตำบลทาปลาดุก,ทาปลาดุก,ทาปลาดุก อำเภอแม่ทา ลำพูน 51140 ประเทศไทย
1198298,Tha River,HII,18.471647,98.955154,ลำพูน,ลำพูน,ป่าซาง,อำเภอ ป่าซาง,ตำบลม่วงน้อย,ม่วงน้อย,ม่วงน้อย อำเภอ ป่าซาง ลำพูน 51120 ประเทศไทย
1198299,Li River-Ban Hong,HII,18.310818,98.82351,ลำพูน,ลำพูน,บ้านโฮ่ง,อำเภอ บ้านโฮ่ง,ตำบลบ้านโฮ่ง,บ้านโฮ่ง,บ้านโฮ่ง อำเภอ บ้านโฮ่ง ลำพูน 51130 ประเทศไทย
1198300,Huai Mae Li,HII,17.805313,98.95325,ลำพูน,ลำพูน,ลี้,อำเภอลี้,ตำบลลี้,ลี้,ลี้ อำเภอลี้ ลำพูน 51110 ประเทศไทย
1198301,Namko,HII,17.636444,98.77951,ลำพูน,ลำพูน,ลี้,อำเภอลี้,ตำบลก้อ,ก้อ,ก้อ ตำบล ก้อ อำเภอลี้ ลำพูน 51110 ประเทศไทย
1198626,"Khlong Praneat, Talung Village",HII,12.51133,102.37173,ชลบุรี,ตราด,เมืองชลบุรี,อำเภอ เขาสมิง,ตำบลประณีต,ประณีต,ประณีต ตำบล ประณีต อำเภอ เขาสมิง ตราด ประเทศไทย
1198627,Khlong Sano,HII,12.513485,102.5048,ชลบุรี,ตราด,เมืองชลบุรี,อำเภอ บ่อไร่,ตำบลบ่อพลอย,บ่อพลอย,บ่อพลอย อำเภอ บ่อไร่ ตราด 23140 ประเทศไทย
1198628,Khao Rakam Canal,HII,12.25061,102.47563,ประจวบคีรีขันธ์,ตราด,เมืองประจวบคีรีขันธ์,อำเภอเมืองตราด,ตำบลวังกระแจะ,วังกระแจะ,วังกระแจะ อำเภอเมืองตราด ตราด ประเทศไทย
1198760,Nong Chan Bridge,HII,18.465992,100.15171,แพร่,แพร่,สอง,อำเภอสอง,ตำบลบ้านหนุน,บ้านหนุน,บ้านหนุน อำเภอสอง แพร่ 54120 ประเทศไทย
1198761,Mother Ta,HII,18.243437,99.97737,แพร่,แพร่,ลอง,อำเภอลอง,ตำบลเวียงต้า,เวียงต้า,เวียงต้า อำเภอลอง แพร่ 54150 ประเทศไทย
1198762,Huai Mae Phuak,HII,17.968712,100.063545,แพร่,แพร่,เด่นชัย,อำเภอเด่นชัย,ตำบลเด่นชัย,เด่นชัย,เด่นชัย อำเภอเด่นชัย แพร่ 54110 ประเทศไทย
1238679,Wildlife Learning Center Right bank Lam Nam Nan Wildlife Sanctuary,HII,18.0662,100.2229,แพร่,แพร่,เมืองแพร่,อำเภอเมืองแพร่,ตำบลช่อแฮ,ช่อแฮ,ช่อแฮ อำเภอเมืองแพร่ แพร่ 54000 ประเทศไทย
1252774,Huai Mae Payang Reservoir,HII,17.773138,99.41834,แพร่,แพร่,วังชิ้น,อำเภอวังชิ้น,ตำบลสรอย,สรอย,สรอย อำเภอวังชิ้น แพร่ ประเทศไทย
2184,หาดใหญ่,TMD,6.9929,100.489,สงขลา,สงขลา,เมืองสงขลา,อำเภอหาดใหญ่,ตำบลคอหงส์,คอหงส์,คอหงส์ อำเภอหาดใหญ่ สงขลา ประเทศไทย
2186,ลำปาง,TMD,18.612101,99.961998,ลำปาง,ลำปาง,งาว,อำเภองาว,ตำบลบ้านหวด,บ้านหวด,บ้านหวด อำเภองาว ลำปาง ประเทศไทย
2188,สุราษฎร์ธานี,TMD,9,98.9073,สุราษฎร์ธานี,สุราษฎร์ธานี,คีรีรัฐนิคม,อำเภอ คีรีรัฐนิคม,ตำบลกะเปา,กะเปา,กะเปา อำเภอ คีรีรัฐนิคม สุราษฎร์ธานี ประเทศไทย
2190,เชียงราย,TMD,20.1131,100.016998,เชียงราย,เชียงราย,แม่จัน,อำเภอแม่จัน,ตำบลท่าข้าวเปลือก,ท่าข้าวเปลือก,ท่าข้าวเปลือก อำเภอแม่จัน เชียงราย ประเทศไทย
2191,พิจิตร,TMD,16.4161,100.351,พิจิตร,พิจิตร,เมืองพิจิตร,อำเภอเมืองพิจิตร,ตำบลท่าหลวง,ท่าหลวง,ท่าหลวง อำเภอเมืองพิจิตร พิจิตร 66000 ประเทศไทย
2193,แม่โจ้,TMD,18.8901,99.0183,เชียงใหม่,เชียงใหม่,สันทราย,อำเภอสันทราย,ตำบลหนองหาร,หนองหาร,หนองหาร อำเภอสันทราย เชียงใหม่ ประเทศไทย
2194,นครพนม,TMD,17.2222,104.597,นครพนม,นครพนม,ปลาปาก,อำเภอ ปลาปาก,ตำบลกุตาไก้,กุตาไก้,กุตาไก้ อำเภอ ปลาปาก นครพนม 48160 ประเทศไทย
2195,มุกดาหาร,TMD,16.6663,104.375,มุกดาหาร,มุกดาหาร,คำชะอี,อำเภอ คำชะอี,ตำบลบ้านค้อ,บ้านค้อ,บ้านค้อ อำเภอ คำชะอี มุกดาหาร ประเทศไทย
2196,หล่มสัก,TMD,16.8053,101.322,เพชรบูรณ์,เพชรบูรณ์,หล่มสัก,อำเภอหล่มสัก,ตำบลบ้านติ้ว,บ้านติ้ว,บ้านติ้ว อำเภอหล่มสัก เพชรบูรณ์ 67110 ประเทศไทย
2197,พะเยา,TMD,19.2236,100.155998,พะเยา,พะเยา,จุน,อำเภอ จุน,ตำบลพระธาตุขิงแกง,พระธาตุขิงแกง,พระธาตุขิงแกง อำเภอ จุน พะเยา 56150 ประเทศไทย
2198,ชัยนาท,TMD,15.1652,100.101,ชัยนาท,ชัยนาท,เมืองชัยนาท,อำเภอเมืองชัยนาท,ตำบลท่าชัย,ท่าชัย,ท่าชัย อำเภอเมืองชัยนาท ชัยนาท 17000 ประเทศไทย
2199,สุรินทร์,TMD,14.8039,103.431,สุรินทร์,สุรินทร์,เมืองสุรินทร์,อำเภอเมืองสุรินทร์,ตำบลนาบัว,นาบัว,นาบัว อำเภอเมืองสุรินทร์ สุรินทร์ ประเทศไทย
2200,อุบลราชธานี,TMD,15.5266,105.236,อุบลราชธานี,อุบลราชธานี,ศรีเมืองใหม่,อำเภอ ศรีเมืองใหม่,ตำบลเอือดใหญ่,เอือดใหญ่,เอือดใหญ่ อำเภอ ศรีเมืองใหม่ อุบลราชธานี ประเทศไทย
2201,กาญจนบุรี,TMD,14.4703,99.1293,กาญจนบุรี,กาญจนบุรี,ศรีสวัสดิ์,อำเภอศรีสวัสดิ์,ตำบลท่ากระดาน,ท่ากระดาน,ท่ากระดาน อำเภอศรีสวัสดิ์ กาญจนบุรี ประเทศไทย
2202,แพร่,TMD,18.4175,100.239998,แพร่,แพร่,สอง,อำเภอสอง,ตำบลทุ่งน้าว,ทุ่งน้าว,ทุ่งน้าว อำเภอสอง แพร่ 54120 ประเทศไทย
2204,อรัญประเทศ,TMD,13.692,102.46,สระแก้ว,สระแก้ว,อรัญประเทศ,อำเภออรัญประเทศ,ตำบลบ้านใหม่หนองไทร,บ้านใหม่หนองไทร,บ้านใหม่หนองไทร อำเภออรัญประเทศ สระแก้ว 27120 ประเทศไทย
2206,นครราชสีมา,TMD,15.2486,102.266,นครราชสีมา,นครราชสีมา,โนนสูง,อำเภอโนนสูง,ตำบลพลสงคราม,พลสงคราม,พลสงคราม อำเภอโนนสูง นครราชสีมา 30160 ประเทศไทย
2207,เพชรบูรณ์,TMD,16.4439,101.183,เพชรบูรณ์,เพชรบูรณ์,เมืองเพชรบูรณ์,อำเภอเมืองเพชรบูรณ์,ตำบลสะเดียง,สะเดียง,สะเดียง อำเภอเมืองเพชรบูรณ์ เพชรบูรณ์ 67000 ประเทศไทย
2208,สุราษฎร์ธานี,TMD,8.9943,98.9073,สุราษฎร์ธานี,สุราษฎร์ธานี,คีรีรัฐนิคม,อำเภอ คีรีรัฐนิคม,ตำบลกะเปา,กะเปา,กะเปา อำเภอ คีรีรัฐนิคม สุราษฎร์ธานี ประเทศไทย
2209,ศรีสำโรง,TMD,17.389,99.851,สุโขทัย,สุโขทัย,ศรีสัชนาลัย,อำเภอศรีสัชนาลัย,ตำบลท่าชัย,ท่าชัย,ท่าชัย อำเภอศรีสัชนาลัย สุโขทัย ประเทศไทย
2210,สกลนคร,TMD,17.1666,103.931,สกลนคร,สกลนคร,เมืองสกลนคร,อำเภอเมืองสกลนคร,ตำบลพังขว้าง,พังขว้าง,พังขว้าง อำเภอเมืองสกลนคร สกลนคร ประเทศไทย
2211,ทองผาภูมิ,TMD,14.8039,98.4077,กาญจนบุรี,กาญจนบุรี,ทองผาภูมิ,อำเภอทองผาภูมิ,ตำบลปิล๊อก,ปิล๊อก,ปิล๊อก อำเภอทองผาภูมิ กาญจนบุรี 71180 ประเทศไทย
2213,อุ้มผาง,TMD,16.610701,98.796204,ตาก,ตาก,แม่สอด,อำเภอแม่สอด,ตำบลพะวอ,พะวอ,พะวอ อำเภอแม่สอด ตาก ประเทศไทย
2214,กมลาไสย,TMD,16.2771,103.542,กาฬสินธุ์,กาฬสินธุ์,กมลาไสย,อำเภอ กมลาไสย,ตำบลธัญญา,ธัญญา,ธัญญา อำเภอ กมลาไสย กาฬสินธุ์ 46130 ประเทศไทย
2215,สงขลา,TMD,7.104,100.628,สงขลา,สงขลา,เมืองสงขลา,อำเภอเมืองสงขลา,ตำบลเกาะแต้ว,เกาะแต้ว,เกาะแต้ว อำเภอเมืองสงขลา สงขลา ประเทศไทย
2216,ระยอง,TMD,12.9137,101.489,ชลบุรี,ระยอง,เมืองชลบุรี,อำเภอวังจันทร์,ตำบลชุมแสง,ชุมแสง,ชุมแสง อำเภอวังจันทร์ ระยอง 21210 ประเทศไทย
2217,ปากช่อง,TMD,14.6093,101.322,นครราชสีมา,นครราชสีมา,ปากช่อง,อำเภอปากช่อง,ตำบลหนองน้ำแดง,หนองน้ำแดง,หนองน้ำแดง อำเภอปากช่อง นครราชสีมา ประเทศไทย
2218,บุรีรัมย์,TMD,14.9429,103.071,บุรีรัมย์,บุรีรัมย์,เมืองบุรีรัมย์,อำเภอเมืองบุรีรัมย์,ตำบลบ้านบัว,บ้านบัว,บ้านบัว อำเภอเมืองบุรีรัมย์ บุรีรัมย์ 31000 ประเทศไทย
2219,ศรีสะเกษ,TMD,14.9429,104.292,ศรีสะเกษ,ศรีสะเกษ,วังหิน,อำเภอ วังหิน,ตำบลดวนใหญ่,ดวนใหญ่,ดวนใหญ่ อำเภอ วังหิน ศรีสะเกษ 33270 ประเทศไทย
2220,เพชรบุรี,TMD,13.1082,100.017,เพชรบุรี,เพชรบุรี,เมืองเพชรบุรี,อำเภอเมืองเพชรบุรี,ตำบลช่องสะแก,ช่องสะแก,ช่องสะแก อำเภอเมืองเพชรบุรี เพชรบุรี ประเทศไทย
2221,ท่าเรือกรุงเทพฯ,TMD,13.71874,100.5639,กรุงเทพมหานคร,กรุงเทพมหานคร,คลองเตย,,แขวงคลองเตย,คลองเตย,คลองเตย เขตคลองเตย กรุงเทพมหานคร 10110 ประเทศไทย
2222,เขื่อนภูมิพล,TMD,17.333401,98.907303,ตาก,ตาก,สามเงา,อำเภอสามเงา,ตำบลบ้านนา,บ้านนา,บ้านนา ตำบลบ้านนา อำเภอสามเงา ตาก ประเทศไทย
2223,ทุ่งช้าง,TMD,19.5016,100.961,น่าน,น่าน,ทุ่งช้าง,อำเภอ ทุ่งช้าง,ตำบลปอน,ปอน,ปอน อำเภอ ทุ่งช้าง น่าน 55130 ประเทศไทย
2224,ราชบุรี,TMD,13.6364,99.4901,ราชบุรี,ราชบุรี,จอมบึง,อำเภอ จอมบึง,ตำบลด่านทับตะโก,ด่านทับตะโก,ด่านทับตะโก อำเภอ จอมบึง ราชบุรี 70150 ประเทศไทย
2225,ประจวบคีรีขันธ์,TMD,11.9408,99.7399,ประจวบคีรีขันธ์,ประจวบคีรีขันธ์,เมืองประจวบคีรีขันธ์,อำเภอเมืองประจวบคีรีขันธ์,ตำบลอ่าวน้อย,อ่าวน้อย,อ่าวน้อย อำเภอเมืองประจวบคีรีขันธ์ ประจวบคีรีขันธ์ ประเทศไทย
2226,หนองพลับ,TMD,13.0526,100.045,เพชรบุรี,เพชรบุรี,เมืองเพชรบุรี,อำเภอเมืองเพชรบุรี,ตำบลนาพันสาม,นาพันสาม,นาพันสาม อำเภอเมืองเพชรบุรี เพชรบุรี ประเทศไทย
2227,สุโขทัย,TMD,17.1388,99.7122,สุโขทัย,สุโขทัย,เมืองสุโขทัย,อำเภอเมืองสุโขทัย,ตำบลวังทองแดง,วังทองแดง,วังทองแดง อำเภอเมืองสุโขทัย สุโขทัย ประเทศไทย
2228,นครพนม,TMD,17.611401,104.431,นครพนม,นครพนม,ท่าอุเทน,อำเภอ ท่าอุเทน,ตำบลไชยบุรี,ไชยบุรี,ไชยบุรี อำเภอ ท่าอุเทน นครพนม 48120 ประเทศไทย
2229,พิษณุโลก,TMD,17.1666,100.628,พิษณุโลก,พิษณุโลก,นครไทย,อำเภอนครไทย,ตำบลหนองกะท้าว,หนองกะท้าว,หนองกะท้าว ตำบล หนองกะท้าว อำเภอนครไทย พิษณุโลก 65120 ประเทศไทย
2230,สกลนคร,TMD,17.555799,103.737,สกลนคร,สกลนคร,วานรนิวาส,อำเภอวานรนิวาส,ตำบลศรีวิชัย,ศรีวิชัย,ศรีวิชัย อำเภอวานรนิวาส สกลนคร 47120 ประเทศไทย
2231,บางเขน,TMD,13.85386,100.6466,กรุงเทพมหานคร,กรุงเทพมหานคร,บางเขน,,แขวงท่าแร้ง,ท่าแร้ง,ท่าแร้ง แขวงท่าแร้ง เขตบางเขน กรุงเทพมหานคร 10220 ประเทศไทย
2232,พลิ้ว,TMD,12.5245,102.182,ชลบุรี,จันทบุรี,เมืองชลบุรี,อำเภอ แหลมสิงห์,ตำบลพลิ้ว,พลิ้ว,พลิ้ว อำเภอ แหลมสิงห์ จันทบุรี ประเทศไทย
2234,นางรอง,TMD,14.6371,102.793,บุรีรัมย์,บุรีรัมย์,นางรอง,อำเภอนางรอง,ตำบลนางรอง,นางรอง,นางรอง อำเภอนางรอง บุรีรัมย์ 31110 ประเทศไทย
2235,ปทุมธานี,TMD,14.0533,100.739,ปทุมธานี,ปทุมธานี,คลองหลวง,อำเภอคลองหลวง,ตำบลคลองหก,คลองหก,คลองหก ตำบล คลองหก อำเภอคลองหลวง ปทุมธานี 12120 ประเทศไทย
2237,เลย,TMD,17.4446,101.35,เลย,เลย,ภูเรือ,อำเภอ ภูเรือ,ตำบลหนองบัว,หนองบัว,หนองบัว อำเภอ ภูเรือ เลย 42160 ประเทศไทย
2238,ร้อยเอ็ด,TMD,15.9158,103.737,ร้อยเอ็ด,ร้อยเอ็ด,อาจสามารถ,อำเภอ อาจสามารถ,ตำบลบ้านดู่,บ้านดู่,บ้านดู่ อำเภอ อาจสามารถ ร้อยเอ็ด ประเทศไทย
2239,ตาก,TMD,17.111,99.073799,ตาก,ตาก,บ้านตาก,อำเภอบ้านตาก,ตำบลตากออก,ตากออก,ตากออก อำเภอบ้านตาก ตาก 63120 ประเทศไทย
2240,กรมอุตุนิยมวิทยา,TMD,13.7476,100.517,กรุงเทพมหานคร,กรุงเทพมหานคร,ปทุมวัน,,แขวงรองเมือง,รองเมือง,รองเมือง เขตปทุมวัน กรุงเทพมหานคร 10330 ประเทศไทย
2241,เลย,TMD,17.694799,101.682999,เลย,เลย,เมืองเลย,อำเภอเมืองเลย,ตำบลนาแขม,นาแขม,นาแขม ตำบล นาแขม อำเภอเมืองเลย เลย ประเทศไทย
2242,ปัตตานี,TMD,6.7427,101.405,สงขลา,ปัตตานี,เมืองสงขลา,อำเภอ มายอ,ตำบลเกาะจัน,เกาะจัน,เกาะจัน อำเภอ มายอ ปัตตานี 94140 ประเทศไทย
2243,นครสวรรค์,TMD,15.8324,100.101,นครสวรรค์,นครสวรรค์,เก้าเลี้ยว,อำเภอเก้าเลี้ยว,ตำบลมหาโพธิ,มหาโพธิ,มหาโพธิ อำเภอเก้าเลี้ยว นครสวรรค์ ประเทศไทย
2244,เชียงใหม่,TMD,18.834499,98.601997,เชียงใหม่,เชียงใหม่,สะเมิง,อำเภอสะเมิง,ตำบลบ่อแก้ว,บ่อแก้ว,บ่อแก้ว อำเภอสะเมิง เชียงใหม่ 50250 ประเทศไทย
2245,กำแพงแสน,TMD,14.0533,99.9897,นครปฐม,นครปฐม,กำแพงแสน,อำเภอกำแพงแสน,ตำบลสระสี่มุม,สระสี่มุม,สระสี่มุม อำเภอกำแพงแสน นครปฐม ประเทศไทย
2246,น่าน,TMD,18.8345,100.573,น่าน,น่าน,เมืองน่าน,อำเภอเมืองน่าน,ตำบลสะเนียน,สะเนียน,สะเนียน อำเภอเมืองน่าน น่าน ประเทศไทย
2247,โชคชัย,TMD,14.9429,101.988,นครราชสีมา,นครราชสีมา,เมืองนครราชสีมา,อำเภอเมืองนครราชสีมา,ตำบลโคกกรวด,โคกกรวด,โคกกรวด ตำบล โคกกรวด อำเภอเมืองนครราชสีมา นครราชสีมา ประเทศไทย
2248,กบินทร์บุรี,TMD,13.9422,101.405,ปราจีนบุรี,ปราจีนบุรี,ศรีมโหสถ,อำเภอศรีมโหสถ,ตำบลคู้ลำพัน,คู้ลำพัน,คู้ลำพัน อำเภอศรีมโหสถ ปราจีนบุรี ประเทศไทย
2249,พระแสง,TMD,8.5217,99.1848,นครศรีธรรมราช,สุราษฎร์ธานี,เมืองนครศรีธรรมราช,อำเภอ พระแสง,ตำบลไทรขึง,ไทรขึง,ไทรขึง อำเภอ พระแสง สุราษฎร์ธานี ประเทศไทย
2250,ขอนแก่น,TMD,16.6941,102.321,ขอนแก่น,ขอนแก่น,เวียงเก่า,อำเภอ เวียงเก่า,ตำบลเขาน้อย,เขาน้อย,เขาน้อย อำเภอ เวียงเก่า ขอนแก่น 40150 ประเทศไทย
2251,สอท.ท่าตูม*,TMD,15.3042,103.653,สุรินทร์,สุรินทร์,ท่าตูม,อำเภอ ท่าตูม,ตำบลท่าตูม,ท่าตูม,ท่าตูม ตำบล ท่าตูม อำเภอ ท่าตูม สุรินทร์ 32120 ประเทศไทย
2252,นครศรีธรรมราช,TMD,8.3549,99.851,นครศรีธรรมราช,นครศรีธรรมราช,เมืองนครศรีธรรมราช,อำเภอ ลานสกา,ตำบลขุนทะเล,ขุนทะเล,ขุนทะเล อำเภอ ลานสกา นครศรีธรรมราช ประเทศไทย
2253,ท่าพระ,TMD,16.4439,102.599,ขอนแก่น,ขอนแก่น,บ้านฝาง,อำเภอ บ้านฝาง,ตำบลบ้านฝาง,บ้านฝาง,บ้านฝาง อำเภอ บ้านฝาง ขอนแก่น 40270 ประเทศไทย
2254,ยะลา,TMD,6.2423,101.266,สงขลา,ยะลา,เมืองสงขลา,อำเภอ บันนังสตา,ตำบลบาเจาะ,บันนังสตา,บันนังสตา อำเภอ บันนังสตา ยะลา 95130 ประเทศไทย
2255,ห้วยโป่ง,TMD,12.7747,101.155,ชลบุรี,ระยอง,เมืองชลบุรี,อำเภอเมืองระยอง,ตำบลห้วยโป่ง,ห้วยโป่ง,ห้วยโป่ง อำเภอเมืองระยอง ระยอง ประเทศไทย
2256,ตะกั่วป่า,TMD,8.6885,98.3521,พังงา,พังงา,กะปง,อำเภอ กะปง,ตำบลเหมาะ,เหมาะ,เหมาะ อำเภอ กะปง พังงา 82170 ประเทศไทย
2257,ดอยมูเซอ,TMD,16.9443,98.6852,ตาก,ตาก,แม่สอด,อำเภอแม่สอด,ตำบลแม่กาษา,แม่กาษา,แม่กาษา อำเภอแม่สอด ตาก ประเทศไทย
2258,บางนา,TMD,13.67122,100.6084,กรุงเทพมหานคร,กรุงเทพมหานคร,บางนา,,แขวงบางนาใต้,บางนา,บางนา กรุงเทพมหานคร ประเทศไทย
2259,ภูเก็ต,TMD,7.8546,98.3799,ภูเก็ต,ภูเก็ต,เมืองภูเก็ต,อำเภอเมืองภูเก็ต,ตำบลวิชิต,วิชิต,วิชิต อำเภอเมืองภูเก็ต ภูเก็ต ประเทศไทย
2260,อยุธยา,TMD,14.3591,100.573,พระนครศรีอยุธยา,จังหวัดพระนครศรีอยุธยา,พระนครศรีอยุธยา,อำเภอ พระนครศรีอยุธยา,ตำบลประตูชัย,ประตูชัย,ประตูชัย อำเภอ พระนครศรีอยุธยา จังหวัดพระนครศรีอยุธยา 13000 ประเทศไทย
2261,สวี,TMD,10.2451,99.0738,สุราษฎร์ธานี,ชุมพร,เมืองสุราษฎร์ธานี,อำเภอสวี,ตำบลสวี,สวี,สวี อำเภอสวี ชุมพร 86130 ประเทศไทย
2262,แม่ฮ่องสอน,TMD,19.445999,98.019096,แม่ฮ่องสอน,แม่ฮ่องสอน,เมืองแม่ฮ่องสอน,อำเภอเมืองแม่ฮ่องสอน,ตำบลห้วยผา,ห้วยผา,ห้วยผา อำเภอเมืองแม่ฮ่องสอน แม่ฮ่องสอน 58000 ประเทศไทย
2263,ตรัง,TMD,7.4932,99.6012,สงขลา,ตรัง,เมืองสงขลา,อำเภอ กันตัง,ตำบลบางหมาก,บางหมาก,บางหมาก อำเภอ กันตัง ตรัง 92110 ประเทศไทย
2264,น่าน,TMD,18.9457,101.043999,น่าน,น่าน,สันติสุข,อำเภอ สันติสุข,ตำบลพงษ์,พงษ์,พงษ์ อำเภอ สันติสุข น่าน ประเทศไทย
2265,ระนอง,TMD,9.995,98.7962,ระนอง,ระนอง,ละอุ่น,อำเภอ ละอุ่น,ตำบลละอุ่นเหนือ,ละอุ่นเหนือ,ละอุ่นเหนือ อำเภอ ละอุ่น ระนอง 85130 ประเทศไทย
2266,สัตหีบ,TMD,12.6913,100.933,ชลบุรี,ชลบุรี,เมืองชลบุรี,อำเภอสัตหีบ,ตำบลพลูตาหลวง,พลูตาหลวง,พลูตาหลวง อำเภอสัตหีบ ชลบุรี ประเทศไทย
2267,สุราษฎร์ธานี,TMD,8.7441,99.2126,นครศรีธรรมราช,สุราษฎร์ธานี,เมืองนครศรีธรรมราช,อำเภอ เคียนซา,ตำบลอรัญคามวารี,อรัญคามวารี,อรัญคามวารี อำเภอ เคียนซา สุราษฎร์ธานี ประเทศไทย
2268,อุบลราชธานี,TMD,15.193,105.069,อุบลราชธานี,อุบลราชธานี,สว่างวีระวงศ์,อำเภอ สว่างวีระวงศ์,ตำบลแก่งโดม,แก่งโดม,แก่งโดม อำเภอ สว่างวีระวงศ์ อุบลราชธานี 34190 ประเทศไทย
2269,ตากฟ้า,TMD,15.5266,100.295,นครสวรรค์,นครสวรรค์,พยุหะคีรี,อำเภอพยุหะคีรี,ตำบลเขากะลา,เขากะลา,เขากะลา อำเภอพยุหะคีรี นครสวรรค์ ประเทศไทย
2270,วิเชียรบุรี,TMD,15.9992,101.128,เพชรบูรณ์,เพชรบูรณ์,หนองไผ่,อำเภอหนองไผ่,ตำบลวังโบสถ์,วังโบสถ์,วังโบสถ์ อำเภอหนองไผ่ เพชรบูรณ์ ประเทศไทย
2271,สตูล,TMD,6.8261,99.9897,สงขลา,สตูล,เมืองสงขลา,อำเภอ ควนกาหลง,ตำบลควนกาหลง,ควนกาหลง,ควนกาหลง อำเภอ ควนกาหลง สตูล 91130 ประเทศไทย
2272,สุพรรณบุรี,TMD,14.6093,100.073,สุพรรณบุรี,สุพรรณบุรี,ศรีประจันต์,อำเภอศรีประจันต์,ตำบลวังหว้า,วังหว้า,วังหว้า อำเภอศรีประจันต์ สุพรรณบุรี ประเทศไทย
2273,นครศรีธรรมราช,TMD,8.3549,100.184,นครศรีธรรมราช,นครศรีธรรมราช,เมืองนครศรีธรรมราช,อำเภอ ปากพนัง,ตำบลปากพนังฝั่งตะวันตก,ปากพนังฝั่งตะวัน,ปากพนังฝั่งตะวัน อำเภอ ปากพนัง นครศรีธรรมราช ประเทศไทย
2274,สะเดา,TMD,6.6315,100.406,สงขลา,สงขลา,เมืองสงขลา,อำเภอสะเดา,ตำบลสะเดา,สะเดา,สะเดา อำเภอสะเดา สงขลา 90120 ประเทศไทย
2275,แม่สะเรียง,TMD,18.445299,97.574997,แม่ฮ่องสอน,แม่ฮ่องสอน,แม่สะเรียง,อำเภอแม่สะเรียง,ตำบลแม่คง,แม่คง,แม่คง อำเภอแม่สะเรียง แม่ฮ่องสอน 58110 ประเทศไทย
2276,ลำปาง,TMD,18.3897,99.6567,ลำปาง,ลำปาง,เมืองลำปาง,อำเภอเมืองลำปาง,ตำบลบ้านเสด็จ,บ้านเสด็จ,บ้านเสด็จ อำเภอเมืองลำปาง ลำปาง ประเทศไทย
2277,หนองคาย,TMD,17.8894,102.487999,หนองคาย,หนองคาย,ศรีเชียงใหม่,อำเภอ ศรีเชียงใหม่,ตำบลหนองปลาปาก,หนองปลาปาก,หนองปลาปาก อำเภอ ศรีเชียงใหม่ หนองคาย 43130 ประเทศไทย
2278,บัวชุม,TMD,15.6378,101.155,เพชรบูรณ์,เพชรบูรณ์,วิเชียรบุรี,อำเภอวิเชียรบุรี,ตำบลท่าโรง,ท่าโรง,ท่าโรง อำเภอวิเชียรบุรี เพชรบูรณ์ 67130 ประเทศไทย
2279,คอหงษ์,TMD,6.9929,100.517,สงขลา,สงขลา,เมืองสงขลา,อำเภอหาดใหญ่,ตำบลคอหงส์,คอหงส์,คอหงส์ อำเภอหาดใหญ่ สงขลา ประเทศไทย
2280,กำแพงเพชร,TMD,16.6385,99.4901,กำแพงเพชร,กำแพงเพชร,เมืองกำแพงเพชร,อำเภอเมืองกำแพงเพชร,ตำบลลานดอกไม้,ลานดอกไม้,ลานดอกไม้ อำเภอเมืองกำแพงเพชร กำแพงเพชร ประเทศไทย
2281,อุดรธานี,TMD,17.389,102.959999,อุดรธานี,อุดรธานี,หนองหาน,อำเภอหนองหาน,ตำบลโพนงาม,โพนงาม,โพนงาม อำเภอหนองหาน อุดรธานี 41130 ประเทศไทย
2282,ลพบุรี,TMD,14.9985,100.795,ลพบุรี,ลพบุรี,โคกสำโรง,อำเภอ โคกสำโรง,ตำบลคลองเกตุ,คลองเกตุ,คลองเกตุ อำเภอ โคกสำโรง ลพบุรี 15120 ประเทศไทย
2283,พัทลุง,TMD,7.5488,99.962,สงขลา,พัทลุง,เมืองสงขลา,อำเภอ ศรีนครินทร์,ตำบลอ่างทอง,อ่างทอง,อ่างทอง อำเภอ ศรีนครินทร์ พัทลุง 93000 ประเทศไทย
2284,ชลบุรี,TMD,13.3584,101.044,ชลบุรี,ชลบุรี,บ้านบึง,อำเภอบ้านบึง,ตำบลหนองรี,หนองซ้ำซาก,หนองซ้ำซาก อำเภอบ้านบึง ชลบุรี ประเทศไทย
2285,ปราจีนบุรี,TMD,14.1645,101.627,ปราจีนบุรี,ปราจีนบุรี,ประจันตคาม,อำเภอ ประจันตคาม,ตำบลบุฝ้าย,บุฝ้าย,บุฝ้าย อำเภอ ประจันตคาม ปราจีนบุรี ประเทศไทย
2286,โกสุมพิสัย,TMD,16.2493,103.015,มหาสารคาม,มหาสารคาม,โกสุมพิสัย,อำเภอ โกสุมพิสัย,ตำบลหนองบอน,หนองบอน,หนองบอน อำเภอ โกสุมพิสัย มหาสารคาม 44140 ประเทศไทย
2287,สนามบินกรุงเทพฯ,TMD,13.92035,100.5897,กรุงเทพมหานคร,กรุงเทพมหานคร,ดอนเมือง,,แขวงดอนเมือง,ดอนเมือง,ดอนเมือง แขวงดอนเมือง เขตดอนเมือง กรุงเทพมหานคร 10210 ประเทศไทย
2288,ศูนย์สิริกิตต์,TMD,13.73282,100.5781,กรุงเทพมหานคร,กรุงเทพมหานคร,วัฒนา,,แขวงคลองตันเหนือ,คลองตันเหนือ,คลองตันเหนือ กรุงเทพมหานคร 10110 ประเทศไทย
2289,แหลมฉบัง,TMD,13.1082,100.906,ชลบุรี,ชลบุรี,ศรีราชา,อำเภอศรีราชา,ตำบลทุ่งสุขลา,ตำบลทุ่งสุขลา,ตำบลทุ่งสุขลา อำเภอศรีราชา ชลบุรี ประเทศไทย
2290,อู่ทอง,TMD,14.6927,99.2126,กาญจนบุรี,กาญจนบุรี,ศรีสวัสดิ์,อำเภอศรีสวัสดิ์,ตำบลนาสวน,นาสวน,นาสวน อำเภอศรีสวัสดิ์ กาญจนบุรี ประเทศไทย
2291,พัทยา,TMD,13.0526,100.933,ชลบุรี,ชลบุรี,บางละมุง,อำเภอบางละมุง,ตำบลบางละมุง,บางละมุง,บางละมุง อำเภอบางละมุง ชลบุรี ประเทศไทย
2292,แม่สอด,TMD,16.8053,98.962799,ตาก,ตาก,เมืองตาก,อำเภอเมืองตาก,ตำบลแม่ท้อ,แม่ท้อ,แม่ท้อ อำเภอเมืองตาก ตาก ประเทศไทย
2293,ขนอม,TMD,8.9943,99.3514,นครศรีธรรมราช,สุราษฎร์ธานี,เมืองนครศรีธรรมราช,อำเภอเมืองสุราษฎร์ธานี,ตำบลขุนทะเล,ขุนทะเล,ขุนทะเล อำเภอเมืองสุราษฎร์ธานี สุราษฎร์ธานี ประเทศไทย
2294,ร้อยเอ็ด,TMD,16.1381,103.903,ร้อยเอ็ด,ร้อยเอ็ด,เสลภูมิ,อำเภอเสลภูมิ,ตำบลท่าม่วง,ท่าม่วง,ท่าม่วง อำเภอเสลภูมิ ร้อยเอ็ด 45120 ประเทศไทย
2295,ลำพูน,TMD,18.195101,98.962799,ลำพูน,ลำพูน,แม่ทา,อำเภอแม่ทา,ตำบลทาแม่ลอบ,ทาแม่ลอบ,ทาแม่ลอบ อำเภอแม่ทา ลำพูน ประเทศไทย
2296,อุตรดิตถ์,TMD,17.722601,100.211998,อุตรดิตถ์,อุตรดิตถ์,เมืองอุตรดิตถ์,อำเภอเมืองอุตรดิตถ์,ตำบลขุนฝาง,ขุนฝาง,ขุนฝาง อำเภอเมืองอุตรดิตถ์ อุตรดิตถ์ 53000 ประเทศไทย
2297,กระบี่,TMD,8.1881,99.046,นครศรีธรรมราช,กระบี่,เมืองนครศรีธรรมราช,อำเภอ เขาพนม,ตำบลเขาพนม,เขาพนม,เขาพนม อำเภอ เขาพนม กระบี่ ประเทศไทย
2298,เชียงราย,TMD,19.8074,99.6289,เชียงราย,เชียงราย,แม่ลาว,อำเภอแม่ลาว,ตำบลโป่งแพร่,โป่งแพร่,โป่งแพร่ อำเภอแม่ลาว เชียงราย ประเทศไทย
2299,จันทบุรี,TMD,12.9137,102.044,ชลบุรี,จันทบุรี,เมืองชลบุรี,อำเภอ เขาคิชฌกูฏ,ตำบลคลองพลู,คลองพลู,คลองพลู อำเภอ เขาคิชฌกูฏ จันทบุรี 22210 ประเทศไทย
2300,สระแก้ว,TMD,13.8866,102.182,สระแก้ว,สระแก้ว,เมืองสระแก้ว,อำเภอเมืองสระแก้ว,ตำบลหนองบอน,หนองบอน,หนองบอน อำเภอเมืองสระแก้ว สระแก้ว ประเทศไทย
2301,ฉวาง,TMD,8.4105,99.6012,นครศรีธรรมราช,นครศรีธรรมราช,เมืองนครศรีธรรมราช,อำเภอ ช้างกลาง,ตำบลสวนขัน,สวนขัน,สวนขัน อำเภอ ช้างกลาง นครศรีธรรมราช 80250 ประเทศไทย
2302,ฉะเชิงเทรา,TMD,13.692,101.294,ฉะเชิงเทรา,ฉะเชิงเทรา,พนมสารคาม,อำเภอพนมสารคาม,ตำบลหนองแหน,หนองแหน,หนองแหน อำเภอพนมสารคาม ฉะเชิงเทรา ประเทศไทย
2303,ชัยภูมิ,TMD,15.8324,101.988,ชัยภูมิ,ชัยภูมิ,เมืองชัยภูมิ,อำเภอเมืองชัยภูมิ,ตำบลโคกสูง,โคกสูง,โคกสูง อำเภอเมืองชัยภูมิ ชัยภูมิ 36000 ประเทศไทย
3634,แม่ฮ่องสอน,TMD,19.298972,97.975778,แม่ฮ่องสอน,แม่ฮ่องสอน,เมืองแม่ฮ่องสอน,อำเภอเมืองแม่ฮ่องสอน,ตำบลจองคำ,จองคำ,จองคำ อำเภอเมืองแม่ฮ่องสอน แม่ฮ่องสอน 58000 ประเทศไทย
3635,ดอยอ่างขาง,TMD,19.931389,99.048333,เชียงใหม่,เชียงใหม่,ฝาง,อำเภอ ฝาง,ตำบลม่อนปิ่น,ม่อนปิ่น,ม่อนปิ่น อำเภอ ฝาง เชียงใหม่ ประเทศไทย
3636,เชียงราย,TMD,19.961389,99.881389,เชียงราย,เชียงราย,เมืองเชียงราย,อำเภอเมืองเชียงราย,ตำบลบ้านดู่,บ้านดู่,บ้านดู่ อำเภอเมืองเชียงราย เชียงราย 57100 ประเทศไทย
3637,เชียงราย สกษ.,TMD,19.870833,99.782778,เชียงราย,เชียงราย,เมืองเชียงราย,อำเภอเมืองเชียงราย,ตำบลป่าอ้อดอนชัย,ป่าอ้อดอนชัย,ป่าอ้อดอนชัย อำเภอเมืองเชียงราย เชียงราย ประเทศไทย
3638,ทุ่งช้าง,TMD,19.411944,100.883528,น่าน,น่าน,ทุ่งช้าง,อำเภอ ทุ่งช้าง,ตำบลและ,และ,และ อำเภอ ทุ่งช้าง น่าน 55130 ประเทศไทย
3639,พะเยา,TMD,19.133333,99.9,พะเยา,พะเยา,เมืองพะเยา,อำเภอเมืองพะเยา,ตำบลแม่ใส,แม่ใส,แม่ใส อำเภอเมืองพะเยา พะเยา 56000 ประเทศไทย
3640,ท่าวังผา,TMD,19.110556,100.8025,น่าน,น่าน,ท่าวังผา,อำเภอ ท่าวังผา,ตำบลริม,ริม,ริม อำเภอ ท่าวังผา น่าน 55140 ประเทศไทย
3641,เถิน,TMD,17.636611,99.24475,ลำปาง,ลำปาง,เถิน,อำเภอเถิน,ตำบลล้อมแรด,ล้อมแรด,ล้อมแรด อำเภอเถิน ลำปาง 52160 ประเทศไทย
3642,แม่สะเรียง,TMD,18.166667,97.933333,แม่ฮ่องสอน,แม่ฮ่องสอน,แม่สะเรียง,อำเภอแม่สะเรียง,ตำบลบ้านกาศ,บ้านกาศ,บ้านกาศ อำเภอแม่สะเรียง แม่ฮ่องสอน 58110 ประเทศไทย
3643,เชียงใหม่,TMD,18.79,98.976944,เชียงใหม่,เชียงใหม่,เมืองเชียงใหม่,อำเภอเมืองเชียงใหม่,ตำบลศรีภูมิ,ศรีภูมิ,ศรีภูมิ อำเภอเมืองเชียงใหม่ เชียงใหม่ ประเทศไทย
3644,ลำปาง,TMD,18.283333,99.516667,ลำปาง,ลำปาง,เมืองลำปาง,อำเภอเมืองลำปาง,ตำบลพระบาท,พระบาท,พระบาท อำเภอเมืองลำปาง ลำปาง ประเทศไทย
3645,ลำพูน,TMD,18.567222,99.033889,ลำพูน,ลำพูน,เมืองลำพูน,อำเภอเมืองลำพูน,ตำบลเวียงยอง,เวียงยอง,เวียงยอง อำเภอเมืองลำพูน ลำพูน 51000 ประเทศไทย
3646,แพร่,TMD,18.166667,100.166667,แพร่,แพร่,เมืองแพร่,อำเภอเมืองแพร่,ตำบลทุ่งโฮ้ง,ทุ่งโฮ้ง,ทุ่งโฮ้ง อำเภอเมืองแพร่ แพร่ 54000 ประเทศไทย
3647,น่าน,TMD,18.779722,100.777778,น่าน,น่าน,เมืองน่าน,อำเภอเมืองน่าน,ตำบลในเวียง,ในเวียง,ในเวียง อำเภอเมืองน่าน น่าน 55000 ประเทศไทย
3648,น่าน สกษ.,TMD,18.866667,100.75,น่าน,น่าน,เมืองน่าน,อำเภอเมืองน่าน,ตำบลผาสิงห์,ผาสิงห์,ผาสิงห์ อำเภอเมืองน่าน น่าน 55000 ประเทศไทย
3649,ลำปาง สกษ.,TMD,18.316667,99.283333,ลำปาง,ลำปาง,ห้างฉัตร,อำเภอห้างฉัตร,ตำบลเวียงตาล,เวียงตาล,เวียงตาล อำเภอห้างฉัตร ลำปาง 52190 ประเทศไทย
3650,เลย สกษ.,TMD,17.4,101.733333,เลย,เลย,เมืองเลย,อำเภอเมืองเลย,ตำบลนาโป่ง,นาโป่ง,นาโป่ง อำเภอเมืองเลย เลย ประเทศไทย
3651,อุตรดิตถ์,TMD,17.616667,100.1,อุตรดิตถ์,อุตรดิตถ์,เมืองอุตรดิตถ์,อำเภอเมืองอุตรดิตถ์,ตำบลป่าเซ่า,ป่าเซ่า,ป่าเซ่า อำเภอเมืองอุตรดิตถ์ อุตรดิตถ์ 53000 ประเทศไทย
3652,หนองคาย,TMD,17.867167,102.733028,หนองคาย,หนองคาย,เมืองหนองคาย,อำเภอเมืองหนองคาย,ตำบลมีชัย,มีชัย,มีชัย อำเภอเมืองหนองคาย หนองคาย 43000 ประเทศไทย
3653,เลย,TMD,17.45,101.733333,เลย,เลย,เมืองเลย,อำเภอเมืองเลย,ตำบลนาอาน,นาอาน,นาอาน อำเภอเมืองเลย เลย 42000 ประเทศไทย
3654,อุดรธานี,TMD,17.383333,102.8,อุดรธานี,อุดรธานี,เมืองอุดรธานี,อำเภอเมืองอุดรธานี,ตำบลหนองขอนกว้าง,หนองขอนกว้าง,หนองขอนกว้าง อำเภอเมืองอุดรธานี อุดรธานี ประเทศไทย
3655,สกลนคร สกษ.,TMD,17.125028,104.061,สกลนคร,สกลนคร,เมืองสกลนคร,อำเภอเมืองสกลนคร,ตำบลห้วยยาง,ห้วยยาง,ห้วยยาง อำเภอเมืองสกลนคร สกลนคร 47000 ประเทศไทย
3656,สกลนคร,TMD,17.15,104.133333,สกลนคร,สกลนคร,เมืองสกลนคร,อำเภอเมืองสกลนคร,ตำบลธาตุเชิงชุม,ธาตุเชิงชุม,ธาตุเชิงชุม อำเภอเมืองสกลนคร สกลนคร 47000 ประเทศไทย
3657,นครพนม,TMD,17.410833,104.7825,นครพนม,นครพนม,เมืองนครพนม,อำเภอเมืองนครพนม,ตำบลในเมือง,ในเมือง,ในเมือง อำเภอเมืองนครพนม นครพนม ประเทศไทย
3659,หนองบัวลำภู,TMD,17.2325,102.42944,หนองบัวลำภู,หนองบัวลำภู,เมืองหนองบัวลำภู,อำเภอเมืองหนองบัวลำภู,ตำบลลำภู,ลำภู,ลำภู อำเภอเมืองหนองบัวลำภู หนองบัวลำภู 39000 ประเทศไทย
3660,สุโขทัย,TMD,17.106111,99.8,สุโขทัย,สุโขทัย,ศรีสำโรง,อำเภอ ศรีสำโรง,ตำบลวังใหญ่,วังใหญ่,วังใหญ่ อำเภอ ศรีสำโรง สุโขทัย ประเทศไทย
3661,ศรีสำโรง สกษ.,TMD,17.161361,99.861667,สุโขทัย,สุโขทัย,ศรีสำโรง,อำเภอ ศรีสำโรง,ตำบลคลองตาล,คลองตาล,คลองตาล อำเภอ ศรีสำโรง สุโขทัย 64120 ประเทศไทย
3662,หล่มสัก,TMD,16.773611,101.249444,เพชรบูรณ์,เพชรบูรณ์,หล่มสัก,อำเภอหล่มสัก,ตำบลหล่มสัก,หล่มสัก,หล่มสัก อำเภอหล่มสัก เพชรบูรณ์ 67110 ประเทศไทย
3663,แม่สอด,TMD,16.659167,98.550833,ตาก,ตาก,แม่สอด,อำเภอแม่สอด,ตำบลแม่ตาว,แม่ตาว,แม่ตาว อำเภอแม่สอด ตาก 63110 ประเทศไทย
3664,ตาก,TMD,16.878333,99.143333,ตาก,ตาก,เมืองตาก,อำเภอเมืองตาก,ตำบลน้ำรึม,น้ำรึม,น้ำรึม อำเภอเมืองตาก ตาก 63000 ประเทศไทย
3665,เขื่อนภูมิพล,TMD,17.243889,99.0025,ตาก,ตาก,สามเงา,อำเภอสามเงา,ตำบลสามเงา,สามเงา,สามเงา อำเภอสามเงา ตาก 63130 ประเทศไทย
3666,พิษณุโลก,TMD,16.794806,100.279306,พิษณุโลก,พิษณุโลก,เมืองพิษณุโลก,อำเภอเมืองพิษณุโลก,ตำบลอรัญญิก,อรัญญิก,อรัญญิก อำเภอเมืองพิษณุโลก พิษณุโลก ประเทศไทย
3667,เพชรบูรณ์,TMD,16.433333,101.15,เพชรบูรณ์,เพชรบูรณ์,เมืองเพชรบูรณ์,อำเภอเมืองเพชรบูรณ์,ตำบลในเมือง,ในเมือง,ในเมือง อำเภอเมืองเพชรบูรณ์ เพชรบูรณ์ 67000 ประเทศไทย
3668,กำแพงเพชร,TMD,16.486806,99.526972,กำแพงเพชร,กำแพงเพชร,เมืองกำแพงเพชร,อำเภอเมืองกำแพงเพชร,ตำบลในเมือง,ในเมือง,ในเมือง อำเภอเมืองกำแพงเพชร กำแพงเพชร 62000 ประเทศไทย
3669,ขอนแก่น,TMD,16.461111,102.789722,ขอนแก่น,ขอนแก่น,เมืองขอนแก่น,อำเภอเมืองขอนแก่น,ตำบลบ้านเป็ด,บ้านเป็ด,บ้านเป็ด อำเภอเมืองขอนแก่น ขอนแก่น 40000 ประเทศไทย
3670,มหาสารคาม,TMD,16.247222,103.068056,มหาสารคาม,มหาสารคาม,โกสุมพิสัย,อำเภอ โกสุมพิสัย,ตำบลหัวขวาง,หัวขวาง,หัวขวาง อำเภอ โกสุมพิสัย มหาสารคาม 44140 ประเทศไทย
3671,มุกดาหาร,TMD,16.541389,104.728889,มุกดาหาร,มุกดาหาร,เมืองมุกดาหาร,อำเภอเมืองมุกดาหาร,ตำบลมุกดาหาร,มุกดาหาร,มุกดาหาร อำเภอเมืองมุกดาหาร มุกดาหาร 49000 ประเทศไทย
3672,ท่าพระ สกษ.,TMD,16.333333,102.816667,ขอนแก่น,ขอนแก่น,เมืองขอนแก่น,อำเภอเมืองขอนแก่น,ตำบลท่าพระ,ท่าพระ,ท่าพระ อำเภอเมืองขอนแก่น ขอนแก่น ประเทศไทย
3673,อุ้มผาง,TMD,16.024722,98.864444,ตาก,ตาก,อุ้มผาง,อำเภออุ้มผาง,ตำบลอุ้มผาง,อุ้มผาง,อุ้มผาง อำเภออุ้มผาง ตาก 63170 ประเทศไทย
3674,พิจิตร สกษ.,TMD,16.438056,100.2925,พิจิตร,พิจิตร,เมืองพิจิตร,อำเภอเมืองพิจิตร,ตำบลโรงช้าง,โรงช้าง,โรงช้าง อำเภอเมืองพิจิตร พิจิตร ประเทศไทย
3675,ดอยมูเซอร์ สกษ.,TMD,16.75,98.933333,ตาก,ตาก,เมืองตาก,อำเภอเมืองตาก,ตำบลแม่ท้อ,แม่ท้อ,แม่ท้อ อำเภอเมืองตาก ตาก ประเทศไทย
3676,กาฬสินธุ์,TMD,16.3325,103.588333,กาฬสินธุ์,กาฬสินธุ์,กมลาไสย,อำเภอ กมลาไสย,ตำบลหลักเมือง,หลักเมือง,หลักเมือง อำเภอ กมลาไสย กาฬสินธุ์ 46130 ประเทศไทย
3677,นครสวรรค์,TMD,15.671833,100.132361,นครสวรรค์,นครสวรรค์,เมืองนครสวรรค์,อำเภอเมืองนครสวรรค์,ตำบลนครสวรรค์ออก,นครสวรรค์ออก,นครสวรรค์ออก อำเภอเมืองนครสวรรค์ นครสวรรค์ 60000 ประเทศไทย
3678,ตากฟ้า สกษ.,TMD,15.349444,100.530278,นครสวรรค์,นครสวรรค์,ตากฟ้า,อำเภอ ตากฟ้า,ตำบลสุขสำราญ,สุขสำราญ,สุขสำราญ อำเภอ ตากฟ้า นครสวรรค์ ประเทศไทย
3679,ชัยนาท สกษ.,TMD,15.15,100.183333,ชัยนาท,ชัยนาท,สรรพยา,อำเภอสรรพยา,ตำบลบางหลวง,บางหลวง,บางหลวง อำเภอสรรพยา ชัยนาท 17150 ประเทศไทย
3680,ชัยภูมิ,TMD,15.8,102.033333,ชัยภูมิ,ชัยภูมิ,เมืองชัยภูมิ,อำเภอเมืองชัยภูมิ,ตำบลในเมือง,ในเมือง,ในเมือง อำเภอเมืองชัยภูมิ ชัยภูมิ 36000 ประเทศไทย
3681,ร้อยเอ็ด สกษ.,TMD,16.073222,103.608444,ร้อยเอ็ด,ร้อยเอ็ด,เมืองร้อยเอ็ด,อำเภอเมืองร้อยเอ็ด,ตำบลเหนือเมือง,เหนือเมือง,เหนือเมือง อำเภอเมืองร้อยเอ็ด ร้อยเอ็ด 45000 ประเทศไทย
3682,ร้อยเอ็ด,TMD,16.02,103.743889,ร้อยเอ็ด,ร้อยเอ็ด,ธวัชบุรี,อำเภอธวัชบุรี,ตำบลหนองไผ่,หนองไผ่,หนองไผ่ ตำบล หนองไผ่ อำเภอธวัชบุรี ร้อยเอ็ด 45170 ประเทศไทย
3683,อุบลราชธานี (ศูนย์ฯ),TMD,15.25,104.866667,อุบลราชธานี,อุบลราชธานี,เมืองอุบลราชธานี,อำเภอเมืองอุบลราชธานี,ตำบลไร่น้อย,ไร่น้อย,ไร่น้อย อำเภอเมืองอุบลราชธานี อุบลราชธานี 34000 ประเทศไทย
3684,อุบลราชธานี สกษ.,TMD,15.239139,105.0235,อุบลราชธานี,อุบลราชธานี,สว่างวีระวงศ์,อำเภอ สว่างวีระวงศ์,ตำบลท่าช้าง,ท่าช้าง,ท่าช้าง อำเภอ สว่างวีระวงศ์ อุบลราชธานี 34190 ประเทศไทย
3685,ศรีสะเกษ,TMD,15,104.05,ศรีสะเกษ,ศรีสะเกษ,ห้วยทับทัน,อำเภอ ห้วยทับทัน,ตำบลจานแสนไชย,จานแสนไชย,จานแสนไชย อำเภอ ห้วยทับทัน ศรีสะเกษ 33210 ประเทศไทย
3686,วิเชียรบุรี,TMD,15.657,101.108,เพชรบูรณ์,เพชรบูรณ์,วิเชียรบุรี,อำเภอวิเชียรบุรี,ตำบลท่าโรง,ท่าโรง,ท่าโรง อำเภอวิเชียรบุรี เพชรบูรณ์ 67130 ประเทศไทย
3687,พระนครศรีอยุธยา,TMD,14.53472,100.725,พระนครศรีอยุธยา,จังหวัดพระนครศรีอยุธยา,ท่าเรือ,อำเภอ ท่าเรือ,ตำบลท่าเจ้าสนุก,ท่าเจ้าสนุก,ท่าเจ้าสนุก อำเภอ ท่าเรือ จังหวัดพระนครศรีอยุธยา 13130 ประเทศไทย
3688,ท่าตูม,TMD,15.316667,103.683333,สุรินทร์,สุรินทร์,ท่าตูม,อำเภอ ท่าตูม,ตำบลท่าตูม,ท่าตูม,ท่าตูม ตำบล ท่าตูม อำเภอ ท่าตูม สุรินทร์ 32120 ประเทศไทย
3689,บัวชุม,TMD,15.266667,101.187361,ลพบุรี,ลพบุรี,ชัยบาดาล,อำเภอชัยบาดาล,ตำบลนิคมลำนารายณ์,นิคมลำนารายณ์,นิคมลำนารายณ์ อำเภอชัยบาดาล ลพบุรี 15130 ประเทศไทย
3690,ปทุมธานี สกษ.,TMD,14.1,100.616667,ปทุมธานี,ปทุมธานี,คลองหลวง,อำเภอคลองหลวง,ตำบลคลองหนึ่ง,คลองหนึ่ง,คลองหนึ่ง ตำบล คลองหนึ่ง อำเภอคลองหลวง ปทุมธานี 12120 ประเทศไทย
3691,สมุทรปราการ สกษ.,TMD,13.516667,100.761667,สมุทรปราการ,สมุทรปราการ,บางพลี,อำเภอบางพลี,ตำบลบางปลา,บางปลา,บางปลา ตำบล บางปลา อำเภอบางพลี สมุทรปราการ ประเทศไทย
3692,ทองผาภูมิ,TMD,14.742222,98.636389,กาญจนบุรี,กาญจนบุรี,ทองผาภูมิ,อำเภอทองผาภูมิ,ตำบลท่าขนุน,ท่าขนุน,ท่าขนุน อำเภอทองผาภูมิ กาญจนบุรี 71180 ประเทศไทย
3693,สุพรรณบุรี,TMD,14.474444,100.138889,สุพรรณบุรี,สุพรรณบุรี,เมืองสุพรรณบุรี,อำเภอเมืองสุพรรณบุรี,ตำบลไผ่ขวาง,ไผ่ขวาง,ไผ่ขวาง อำเภอเมืองสุพรรณบุรี สุพรรณบุรี 72000 ประเทศไทย
3694,ลพบุรี,TMD,14.799722,100.645,ลพบุรี,ลพบุรี,เมืองลพบุรี,อำเภอเมืองลพบุรี,ตำบลทะเลชุบศร,ทะเลชุบศร,ทะเลชุบศร อำเภอเมืองลพบุรี ลพบุรี 15000 ประเทศไทย
3695,อู่ทอง สกษ.,TMD,14.303611,99.864722,สุพรรณบุรี,สุพรรณบุรี,อู่ทอง,อำเภออู่ทอง,ตำบลสระยายโสม,สระยายโสม,สระยายโสม อำเภออู่ทอง สุพรรณบุรี ประเทศไทย
3696,สนามบินสุวรรณภูมิ,TMD,13.686389,100.7675,สมุทรปราการ,สมุทรปราการ,บางพลี,อำเภอบางพลี,ตำบลหนองปรือ,หนองปรือ,หนองปรือ อำเภอบางพลี สมุทรปราการ 10540 ประเทศไทย
3697,ปราจีนบุรี,TMD,14.058417,101.369306,ปราจีนบุรี,ปราจีนบุรี,เมืองปราจีนบุรี,อำเภอเมืองปราจีนบุรี,ตำบลหน้าเมือง,หน้าเมือง,หน้าเมือง อำเภอเมืองปราจีนบุรี ปราจีนบุรี 25000 ประเทศไทย
3698,นครราชสีมา,TMD,14.968306,102.086028,นครราชสีมา,นครราชสีมา,เมืองนครราชสีมา,อำเภอเมืองนครราชสีมา,ตำบลในเมือง,ในเมือง,ในเมือง อำเภอเมืองนครราชสีมา นครราชสีมา 30000 ประเทศไทย
3699,สุรินทร์,TMD,14.883333,103.5,สุรินทร์,สุรินทร์,เมืองสุรินทร์,อำเภอเมืองสุรินทร์,ตำบลในเมือง,ในเมือง,ในเมือง อำเภอเมืองสุรินทร์ สุรินทร์ 32000 ประเทศไทย
3700,สุรินทร์ สกษ.,TMD,14.883333,103.45,สุรินทร์,สุรินทร์,เมืองสุรินทร์,อำเภอเมืองสุรินทร์,ตำบลคอโค,คอโค,คอโค อำเภอเมืองสุรินทร์ สุรินทร์ 32000 ประเทศไทย
3701,โชคชัย,TMD,14.718889,102.168611,นครราชสีมา,นครราชสีมา,โชคชัย,อำเภอโชคชัย,ตำบลกระโทก,กระโทก,กระโทก อำเภอโชคชัย นครราชสีมา 30190 ประเทศไทย
3702,ปากช่อง สกษ.,TMD,14.643889,101.331944,นครราชสีมา,นครราชสีมา,ปากช่อง,อำเภอปากช่อง,ตำบลหนองน้ำแดง,หนองน้ำแดง,หนองน้ำแดง อำเภอปากช่อง นครราชสีมา ประเทศไทย
3703,นางรอง,TMD,14.583333,102.8,บุรีรัมย์,บุรีรัมย์,นางรอง,อำเภอนางรอง,ตำบลสะเดา,สะเดา,สะเดา อำเภอนางรอง บุรีรัมย์ 31110 ประเทศไทย
3704,บุรีรัมย์,TMD,15.22575,103.248083,บุรีรัมย์,บุรีรัมย์,สตึก,อำเภอ สตึก,ตำบลร่อนทอง,ร่อนทอง,ร่อนทอง อำเภอ สตึก บุรีรัมย์ 31150 ประเทศไทย
3705,กบินทร์บุรี,TMD,13.983333,101.707222,ปราจีนบุรี,ปราจีนบุรี,กบินทร์บุรี,อำเภอกบินทร์บุรี,ตำบลกบินทร์,กบินทร์,กบินทร์ อำเภอกบินทร์บุรี ปราจีนบุรี ประเทศไทย
3706,สระแก้ว,TMD,13.788889,102.034722,สระแก้ว,สระแก้ว,เมืองสระแก้ว,อำเภอเมืองสระแก้ว,ตำบลสระขวัญ,สระขวัญ,สระขวัญ อำเภอเมืองสระแก้ว สระแก้ว 27000 ประเทศไทย
3707,กาญจนบุรี,TMD,14.0225,99.535833,กาญจนบุรี,กาญจนบุรี,เมืองกาญจนบุรี,อำเภอเมืองกาญจนบุรี,ตำบลบ้านเหนือ,บ้านเหนือ,บ้านเหนือ อำเภอเมืองกาญจนบุรี กาญจนบุรี 71000 ประเทศไทย
3708,นครปฐม,TMD,14.011667,99.97,นครปฐม,นครปฐม,กำแพงแสน,อำเภอกำแพงแสน,ตำบลกำแพงแสน,กำแพงแสน,กำแพงแสน อำเภอกำแพงแสน นครปฐม 73140 ประเทศไทย
3709,กรุงเทพฯ บางนา สกษ.,TMD,13.666389,100.606111,กรุงเทพมหานคร,กรุงเทพมหานคร,บางนา,,แขวงบางนาใต้,บางนา,บางนา กรุงเทพมหานคร ประเทศไทย
3710,กรุงเทพฯ ท่าเรือคลองเตย,TMD,13.706944,100.568056,กรุงเทพมหานคร,กรุงเทพมหานคร,คลองเตย,,แขวงคลองเตย,คลองเตย,คลองเตย เขตคลองเตย กรุงเทพมหานคร 10110 ประเทศไทย
3711,กรุงเทพมหานคร,TMD,13.726389,100.56,กรุงเทพมหานคร,กรุงเทพมหานคร,คลองเตย,,แขวงคลองเตย,คลองเตย,คลองเตย เขตคลองเตย กรุงเทพมหานคร 10110 ประเทศไทย
3712,สนามบินดอนเมือง,TMD,13.919167,100.605,กรุงเทพมหานคร,กรุงเทพมหานคร,ดอนเมือง,,แขวงสนามบิน,สนามบิน,สนามบิน แขวงสนามบิน เขตดอนเมือง กรุงเทพมหานคร ประเทศไทย
3714,ฉะเชิงเทรา,TMD,13.515556,101.458333,ฉะเชิงเทรา,ฉะเชิงเทรา,สนามชัยเขต,อำเภอสนามชัยเขต,ตำบลลาดกระทิง,ลาดกระทิง,ลาดกระทิง อำเภอสนามชัยเขต ฉะเชิงเทรา 24160 ประเทศไทย
3715,ชลบุรี,TMD,13.366667,100.983333,ชลบุรี,ชลบุรี,เมืองชลบุรี,อำเภอเมืองชลบุรี,ตำบลบางปลาสร้อย,บางปลาสร้อย,บางปลาสร้อย อำเภอเมืองชลบุรี ชลบุรี 20000 ประเทศไทย
3716,เกาะสีชัง,TMD,13.161667,100.801944,ชลบุรี,ชลบุรี,เกาะสีชัง,อำเภอ เกาะสีชัง,ตำบลท่าเทววงษ์,,ตำบล ท่าเทววงษ์ อำเภอ เกาะสีชัง ชลบุรี ประเทศไทย
3717,พัทยา,TMD,12.92,100.869444,ชลบุรี,ชลบุรี,เมืองชลบุรี,อำเภอบางละมุง,ตำบลหนองปรือ,หนองปรือ,หนองปรือ เมืองพัทยา อำเภอบางละมุง ชลบุรี 20150 ประเทศไทย
3720,ราชบุรี,TMD,13.489306,99.792389,ราชบุรี,ราชบุรี,เมืองราชบุรี,อำเภอเมืองราชบุรี,ตำบลอ่างทอง,อ่างทอง,อ่างทอง อำเภอเมืองราชบุรี ราชบุรี 70000 ประเทศไทย
3721,เพชรบุรี,TMD,12.999444,100.060556,ชลบุรี,เพชรบุรี,เมืองชลบุรี,อำเภอเมืองเพชรบุรี,ตำบลหาดเจ้าสำราญ,หาดเจ้าสำราญ,หาดเจ้าสำราญ อำเภอเมืองเพชรบุรี เพชรบุรี ประเทศไทย
3722,หนองพลับ สกษ.,TMD,12.583333,99.733333,ชลบุรี,ประจวบคีรีขันธ์,เมืองชลบุรี,อำเภอหัวหิน,ตำบลหนองพลับ,หนองพลับ,หนองพลับ อำเภอหัวหิน ประจวบคีรีขันธ์ ประเทศไทย
3723,หัวหิน,TMD,12.577858,99.953919,ชลบุรี,ประจวบคีรีขันธ์,เมืองชลบุรี,อำเภอหัวหิน,ตำบลหัวหิน,หัวหิน,หัวหิน อำเภอหัวหิน ประจวบคีรีขันธ์ 77110 ประเทศไทย
3724,สัตหีบ,TMD,12.683333,100.983333,ชลบุรี,ชลบุรี,เมืองชลบุรี,อำเภอสัตหีบ,ตำบลพลูตาหลวง,พลูตาหลวง,พลูตาหลวง อำเภอสัตหีบ ชลบุรี ประเทศไทย
3725,ระยอง,TMD,12.632222,101.343611,ชลบุรี,ระยอง,เมืองชลบุรี,อำเภอเมืองระยอง,ตำบลตะพง,ตะพง,ตะพง อำเภอเมืองระยอง ระยอง ประเทศไทย
3726,ห้วยโป่ง สกษ.,TMD,12.733333,101.133333,ชลบุรี,ระยอง,เมืองชลบุรี,อำเภอเมืองระยอง,ตำบลห้วยโป่ง,ห้วยโป่ง,ห้วยโป่ง อำเภอเมืองระยอง ระยอง ประเทศไทย
3727,จันทบุรี,TMD,12.616667,102.113333,ชลบุรี,จันทบุรี,เมืองชลบุรี,อำเภอเมืองจันทบุรี,ตำบลวัดใหม่,วัดใหม่,วัดใหม่ อำเภอเมืองจันทบุรี จันทบุรี 22000 ประเทศไทย
3728,พลิ้ว สกษ.,TMD,12.508611,102.173056,ชลบุรี,จันทบุรี,เมืองชลบุรี,อำเภอ ขลุง,ตำบลตะปอน,ตะปอน,ตะปอน อำเภอ ขลุง จันทบุรี ประเทศไทย
3729,ประจวบคีรีขันธ์,TMD,11.833333,99.833333,ประจวบคีรีขันธ์,ประจวบคีรีขันธ์,เมืองประจวบคีรีขันธ์,อำเภอเมืองประจวบคีรีขันธ์,ตำบลอ่าวน้อย,อ่าวน้อย,อ่าวน้อย อำเภอเมืองประจวบคีรีขันธ์ ประจวบคีรีขันธ์ ประเทศไทย
3731,ชุมพร,TMD,10.49875,99.188472,สุราษฎร์ธานี,ชุมพร,เมืองสุราษฎร์ธานี,อำเภอเมืองชุมพร,ตำบลท่าตะเภา,ท่าตะเภา,ท่าตะเภา อำเภอเมืองชุมพร ชุมพร 86000 ประเทศไทย
3732,สวี สกษ.,TMD,10.333333,99.1,สุราษฎร์ธานี,ชุมพร,เมืองสุราษฎร์ธานี,อำเภอเมืองชุมพร,ตำบลวิสัยเหนือ,วิสัยเหนือ,วิสัยเหนือ อำเภอเมืองชุมพร ชุมพร ประเทศไทย
3733,ระนอง,TMD,9.983333,98.616667,ระนอง,ระนอง,เมืองระนอง,อำเภอเมืองระนอง,ตำบลบางนอน,บางนอน,บางนอน อำเภอเมืองระนอง ระนอง 85000 ประเทศไทย
3735,สุราษฎร์ธานี,TMD,9.135556,99.151944,นครศรีธรรมราช,สุราษฎร์ธานี,เมืองนครศรีธรรมราช,อำเภอพุนพิน,ตำบลหัวเตย,หัวเตย,หัวเตย อำเภอพุนพิน สุราษฎร์ธานี 84130 ประเทศไทย
3736,นครศรีธรรมราช,TMD,8.537778,99.963889,นครศรีธรรมราช,นครศรีธรรมราช,เมืองนครศรีธรรมราช,อำเภอเมืองนครศรีธรรมราช,ตำบลปากพูน,ปากพูน,ปากพูน อำเภอเมืองนครศรีธรรมราช นครศรีธรรมราช ประเทศไทย
3737,นครศรีธรรมราช สกษ.,TMD,8.359306,100,นครศรีธรรมราช,นครศรีธรรมราช,เมืองนครศรีธรรมราช,อำเภอเมืองนครศรีธรรมราช,ตำบลท่าเรือ,ท่าเรือ,ท่าเรือ อำเภอเมืองนครศรีธรรมราช นครศรีธรรมราช ประเทศไทย
3738,สุราษฎร์ธานี สกษ.,TMD,9.1,99.633333,นครศรีธรรมราช,สุราษฎร์ธานี,เมืองนครศรีธรรมราช,อำเภอกาญจนดิษฐ์,ตำบลท่าอุแท,ท่าอุแท,ท่าอุแท อำเภอกาญจนดิษฐ์ สุราษฎร์ธานี ประเทศไทย
3739,พระแสง สอท.,TMD,8.570222,99.25825,นครศรีธรรมราช,สุราษฎร์ธานี,เมืองนครศรีธรรมราช,อำเภอเวียงสระ,ตำบลทุ่งหลวง,ทุ่งหลวง,ทุ่งหลวง อำเภอเวียงสระ สุราษฎร์ธานี 84190 ประเทศไทย
3740,ฉวาง,TMD,8.431944,99.511944,นครศรีธรรมราช,นครศรีธรรมราช,เมืองนครศรีธรรมราช,อำเภอ ฉวาง,ตำบลไม้เรียง,ไม้เรียง,ไม้เรียง อำเภอ ฉวาง นครศรีธรรมราช ประเทศไทย
3741,พัทลุง สกษ.,TMD,7.583333,100.166667,สงขลา,พัทลุง,เมืองสงขลา,อำเภอเมืองพัทลุง,ตำบลลำปำ,ลำปำ,ลำปำ อำเภอเมืองพัทลุง พัทลุง 93000 ประเทศไทย
3742,ตะกั่วป่า,TMD,8.684167,98.252222,พังงา,พังงา,ตะกั่วป่า,อำเภอตะกั่วป่า,ตำบลคึกคัก,คึกคัก,คึกคัก อำเภอตะกั่วป่า พังงา ประเทศไทย
3743,กระบี่,TMD,8.103611,98.975278,กระบี่,กระบี่,เหนือคลอง,อำเภอเหนือคลอง,ตำบลเหนือคลอง,เหนือคลอง,เหนือคลอง อำเภอเหนือคลอง กระบี่ ประเทศไทย
3744,ภูเก็ต,TMD,7.883333,98.4,ภูเก็ต,ภูเก็ต,เมืองภูเก็ต,อำเภอเมืองภูเก็ต,ตำบลตลาดใหญ่,ตลาดใหญ่,ตลาดใหญ่ อำเภอเมืองภูเก็ต ภูเก็ต 83000 ประเทศไทย
3745,ภูเก็ต (ศูนย์ฯ),TMD,8.145,98.314444,ภูเก็ต,ภูเก็ต,ถลาง,อำเภอถลาง,ตำบลไม้ขาว,ไม้ขาว,ไม้ขาว อำเภอถลาง ภูเก็ต 83110 ประเทศไทย
3747,ตรัง,TMD,7.516667,99.616667,สงขลา,ตรัง,เมืองสงขลา,อำเภอเมืองตรัง,ตำบลโคกหล่อ,โคกหล่อ,โคกหล่อ อำเภอเมืองตรัง ตรัง ประเทศไทย
3748,สงขลา,TMD,7.182111,100.607694,สงขลา,สงขลา,เมืองสงขลา,อำเภอเมืองสงขลา,ตำบลบ่อยาง,บ่อยาง,บ่อยาง อำเภอเมืองสงขลา สงขลา ประเทศไทย
3749,หาดใหญ่,TMD,6.916667,100.433333,สงขลา,สงขลา,เมืองสงขลา,อำเภอ คลองหอยโข่ง,ตำบลทุ่งลาน,ทุ่งลาน,ทุ่งลาน อำเภอ คลองหอยโข่ง สงขลา 90230 ประเทศไทย
3750,สตูล,TMD,6.65,100.083333,สงขลา,สตูล,เมืองสงขลา,อำเภอเมืองสตูล,ตำบลคลองขุด,คลองขุด,คลองขุด อำเภอเมืองสตูล สตูล ประเทศไทย
3751,คอหงษ์ สกษ.,TMD,7,100.5,สงขลา,สงขลา,เมืองสงขลา,อำเภอหาดใหญ่,ตำบลคอหงส์,คอหงส์,คอหงส์ อำเภอหาดใหญ่ สงขลา ประเทศไทย
3752,สะเดา,TMD,6.798056,100.390556,สงขลา,สงขลา,เมืองสงขลา,อำเภอสะเดา,ตำบลท่าโพธิ์,ท่าโพธิ์,ท่าโพธิ์ อำเภอสะเดา สงขลา ประเทศไทย
3753,ปัตตานี,TMD,6.783333,101.15,สงขลา,ปัตตานี,เมืองสงขลา,อำเภอ หนองจิก,ตำบลบ่อทอง,บ่อทอง,บ่อทอง อำเภอ หนองจิก ปัตตานี ประเทศไทย
3754,ยะลา สกษ.,TMD,6.516667,101.283333,สงขลา,ยะลา,เมืองสงขลา,อำเภอเมืองยะลา,ตำบลสะเตงนอก,สะเตงนอก,สะเตงนอก อำเภอเมืองยะลา ยะลา ประเทศไทย
3755,นราธิวาส,TMD,6.416667,101.816667,สงขลา,นราธิวาส,เมืองสงขลา,อำเภอเมืองนราธิวาส,ตำบลบางนาค,บางนาค,บางนาค อำเภอเมืองนราธิวาส นราธิวาส 96000 ประเทศไทย
376423,กรุงเทพฯ บางเขน สกษ.,TMD,13.85,100.583333,กรุงเทพมหานคร,กรุงเทพมหานคร,จตุจักร,,แขวงเสนานิคม,เสนานิคม,เสนานิคม กรุงเทพมหานคร ประเทศไทย
376479,แม่โจ้ สกษ.,TMD,18.783333,98.983333,เชียงใหม่,เชียงใหม่,เมืองเชียงใหม่,อำเภอเมืองเชียงใหม่,ตำบลพระสิงห์,พระสิงห์,พระสิงห์ อำเภอเมืองเชียงใหม่ เชียงใหม่ ประเทศไทย
376522,ขนอม,TMD,9.243056,99.8575,นครศรีธรรมราช,นครศรีธรรมราช,เมืองนครศรีธรรมราช,อำเภอ ขนอม,ตำบลท้องเนียน,ท้องเนียน,ท้องเนียน อำเภอ ขนอม นครศรีธรรมราช ประเทศไทย
376529,สถานีตรวจอากาศสุราษฎร์ธานี,TMD,9.135556,99.151944,นครศรีธรรมราช,สุราษฎร์ธานี,เมืองนครศรีธรรมราช,อำเภอพุนพิน,ตำบลหัวเตย,หัวเตย,หัวเตย อำเภอพุนพิน สุราษฎร์ธานี 84130 ประเทศไทย
455097,สถานีตรวจอากาศสุราษฎร์ธานี,TMD,9.135556,99.151944,นครศรีธรรมราช,สุราษฎร์ธานี,เมืองนครศรีธรรมราช,อำเภอพุนพิน,ตำบลหัวเตย,หัวเตย,หัวเตย อำเภอพุนพิน สุราษฎร์ธานี 84130 ประเทศไทย
455217,อุทัยธานี,TMD,15.37417,100.03889,อุทัยธานี,อุทัยธานี,เมืองอุทัยธานี,อำเภอเมืองอุทัยธานี,ตำบลอุทัยใหม่,อุทัยใหม่,อุทัยใหม่ อำเภอเมืองอุทัยธานี อุทัยธานี 61000 ประเทศไทย
455218,นครนายก,TMD,14.36222,101.39278,นครนายก,นครนายก,ปากพลี,อำเภอปากพลี,ตำบลนาหินลาด,นาหินลาด,นาหินลาด อำเภอปากพลี นครนายก ประเทศไทย
455219,สมุทรสงคราม,TMD,13.40778,100.03222,สมุทรสงคราม,สมุทรสงคราม,เมืองสมุทรสงคราม,อำเภอเมืองสมุทรสงคราม,ตำบลบางแก้ว,บางแก้ว,บางแก้ว อำเภอเมืองสมุทรสงคราม สมุทรสงคราม 75000 ประเทศไทย
862849,บึงกาฬ,TMD,18.41361,103.51672,บึงกาฬ,บึงกาฬ,เมืองบึงกาฬ,อำเภอเมืองบึงกาฬ,ตำบลไคสี,ไคสี,ไคสี อำเภอเมืองบึงกาฬ บึงกาฬ 38000 ประเทศไทย
862850,อำนาจเจริญ,TMD,15.90375,104.61805,อำนาจเจริญ,อำนาจเจริญ,เมืองอำนาจเจริญ,อำเภอเมืองอำนาจเจริญ,ตำบลโนนหนามแท่ง,โนนหนามแท่ง,โนนหนามแท่ง อำเภอเมืองอำนาจเจริญ อำนาจเจริญ 37000 ประเทศไทย
862851,ยโสธร,TMD,15.79494,104.21436,ยโสธร,ยโสธร,เมืองยโสธร,อำเภอเมืองยโสธร,ตำบลตาดทอง,ตาดทอง,ตาดทอง อำเภอเมืองยโสธร ยโสธร ประเทศไทย
1127978,ขุนยวม,TMD,18.833334,97.933334,แม่ฮ่องสอน,แม่ฮ่องสอน,ขุนยวม,อำเภอขุนยวม,ตำบลขุนยวม,ขุนยวม,ขุนยวม อำเภอขุนยวม แม่ฮ่องสอน 58140 ประเทศไทย
1127979,ปาย,TMD,19.299999,98.466667,แม่ฮ่องสอน,แม่ฮ่องสอน,ปาย,อำเภอปาย,ตำบลแม่ฮี้,แม่ฮี้,แม่ฮี้ อำเภอปาย แม่ฮ่องสอน 58130 ประเทศไทย
1127980,แม่ลาน้อย,TMD,18.333334,97.966667,แม่ฮ่องสอน,แม่ฮ่องสอน,แม่ลาน้อย,อำเภอแม่ลาน้อย,ตำบลท่าผาปุ้ม,ท่าผาปุ้ม,ท่าผาปุ้ม อำเภอแม่ลาน้อย แม่ฮ่องสอน 58120 ประเทศไทย
1127981,สถานีทดลองข้าวไร่และธัญพืชเมืองหนาว ปางมะผ้า,TMD,19.533333,98.216667,แม่ฮ่องสอน,แม่ฮ่องสอน,ปางมะผ้า,อำเภอปางมะผ้า,ตำบลสบป่อง,สบป่อง,สบป่อง อำเภอปางมะผ้า แม่ฮ่องสอน ประเทศไทย
1127982,อ.พบพระ,TMD,16.383333,98.699997,ตาก,ตาก,พบพระ,อำเภอ พบพระ,ตำบลพบพระ,พบพระ,พบพระ อำเภอ พบพระ ตาก 63160 ประเทศไทย
1127983,งาว,TMD,18.75,100,ลำปาง,ลำปาง,งาว,อำเภองาว,ตำบลหลวงเหนือ,หลวงเหนือ,หลวงเหนือ อำเภองาว ลำปาง 52110 ประเทศไทย
1127984,อ.สบเมย,TMD,17.929167,97.959724,แม่ฮ่องสอน,แม่ฮ่องสอน,สบเมย,อำเภอสบเมย,ตำบลแม่สวด,แม่สวด,แม่สวด ตำบล แม่สวด อำเภอสบเมย แม่ฮ่องสอน 58110 ประเทศไทย
1127985,เชียงของ,TMD,20.200001,100.416664,เชียงราย,เชียงราย,เชียงของ,อำเภอ เชียงของ,ตำบลสถาน,สถาน,สถาน อำเภอ เชียงของ เชียงราย 57140 ประเทศไทย
1127986,พาน,TMD,19.549999,99.75,เชียงราย,เชียงราย,พาน,อำเภอ พาน,ตำบลเมืองพาน,เมืองพาน,เมืองพาน อำเภอ พาน เชียงราย 57120 ประเทศไทย
1127987,เวียงป่าเป้า,TMD,19.283333,99.51667,เชียงราย,เชียงราย,เวียงป่าเป้า,อำเภอเวียงป่าเป้า,ตำบลป่างิ้ว,ป่างิ้ว,ป่างิ้ว อำเภอเวียงป่าเป้า เชียงราย ประเทศไทย
1127988,เทิง,TMD,19.666666,100.199997,เชียงราย,เชียงราย,เทิง,อำเภอ เทิง,ตำบลเวียง,เวียง,เวียง อำเภอ เทิง เชียงราย ประเทศไทย
1127989,สวนป่าแม่เมาะ อ.เมือง,TMD,18.450001,99.699997,ลำปาง,ลำปาง,เมืองลำปาง,อำเภอเมืองลำปาง,ตำบลบ้านแลง,บ้านแลง,บ้านแลง อำเภอเมืองลำปาง ลำปาง ประเทศไทย
1127990,สวนป่าแม่จาง อ.แม่ทะ,TMD,18.283333,99.73333,ลำปาง,ลำปาง,แม่เมาะ,อำเภอแม่เมาะ,ตำบลแม่เมาะ,แม่เมาะ,แม่เมาะ อำเภอแม่เมาะ ลำปาง 52220 ประเทศไทย
1127991,สวนป่าแม่ทรายคำ อ.เมือง,TMD,18.5,99.533333,ลำปาง,ลำปาง,แจ้ห่ม,อำเภอแจ้ห่ม,ตำบลบ้านสา,บ้านสา,บ้านสา อำเภอแจ้ห่ม ลำปาง ประเทศไทย
1127992,สำนักงานบริหารส่วนจังหวัดลำพูน,TMD,18.533333,99.033333,ลำพูน,ลำพูน,เมืองลำพูน,อำเภอเมืองลำพูน,ตำบลป่าสัก,ป่าสัก,ป่าสัก อำเภอเมืองลำพูน ลำพูน 51000 ประเทศไทย
1127993,แม่ทา,TMD,18.450001,99.133331,ลำพูน,ลำพูน,แม่ทา,อำเภอแม่ทา,ตำบลทาสบเส้า,ทาสบเส้า,ทาสบเส้า อำเภอแม่ทา ลำพูน ประเทศไทย
1127994,เทพา,TMD,6.816667,100.98333,สงขลา,สงขลา,เมืองสงขลา,อำเภอ เทพา,ตำบลปากบาง,ปากบาง,ปากบาง ตำบล ปากบาง อำเภอ เทพา สงขลา ประเทศไทย
1127995,ป่าซาง,TMD,18.516666,98.949997,ลำพูน,ลำพูน,เมืองลำพูน,อำเภอเมืองลำพูน,ตำบลบ้านแป้น,บ้านแป้น,บ้านแป้น อำเภอเมืองลำพูน ลำพูน 51000 ประเทศไทย
1127996,ลี้,TMD,17.75,98.966667,ลำพูน,ลำพูน,ลี้,อำเภอลี้,ตำบลลี้,ลี้,ลี้ อำเภอลี้ ลำพูน 51110 ประเทศไทย
1127997,แม่ใจ,TMD,19.333334,99.833336,พะเยา,พะเยา,แม่ใจ,อำเภอ แม่ใจ,ตำบลแม่ใจ,แม่ใจ,แม่ใจ อำเภอ แม่ใจ พะเยา ประเทศไทย
1127998,จุน,TMD,19.333334,100.133331,พะเยา,พะเยา,จุน,อำเภอ จุน,ตำบลห้วยข้าวก่ำ,ห้วยข้าวก่ำ,ห้วยข้าวก่ำ อำเภอ จุน พะเยา 56150 ประเทศไทย
1127999,ทุ่งเสลี่ยม,TMD,17.266666,99.566666,สุโขทัย,สุโขทัย,ศรีสำโรง,อำเภอ ศรีสำโรง,ตำบลนาขุนไกร,นาขุนไกร,นาขุนไกร อำเภอ ศรีสำโรง สุโขทัย ประเทศไทย
1128000,ศรีนคร,TMD,17.333334,99.98333,สุโขทัย,สุโขทัย,ศรีนคร,อำเภอ ศรีนคร,ตำบลคลองมะพลับ,คลองมะพลับ,คลองมะพลับ อำเภอ ศรีนคร สุโขทัย ประเทศไทย
1128001,สวนป่าบ้านด่านลานหอย,TMD,16.950001,99.566666,สุโขทัย,สุโขทัย,บ้านด่านลานหอย,อำเภอ บ้านด่านลานหอย,ตำบลลานหอย,ลานหอย,ลานหอย อำเภอ บ้านด่านลานหอย สุโขทัย ประเทศไทย
1128002,สำนักงานเกษตรสุโขทัย อ.เมือง,TMD,17,99.716667,สุโขทัย,สุโขทัย,เมืองสุโขทัย,อำเภอเมืองสุโขทัย,ตำบลเมืองเก่า,เมืองเก่า,เมืองเก่า อำเภอเมืองสุโขทัย สุโขทัย ประเทศไทย
1128003,สถานีวิจัยผลิตผลของป่า อ.สวรรคโลก,TMD,17.298889,99.874168,สุโขทัย,สุโขทัย,สวรรคโลก,อำเภอ สวรรคโลก,ตำบลในเมือง,ในเมือง,ในเมือง อำเภอ สวรรคโลก สุโขทัย ประเทศไทย
1128004,อุทยานแห่งชาติศรีสัชนาลัย,TMD,17.643333,99.468887,สุโขทัย,สุโขทัย,ศรีสัชนาลัย,อำเภอศรีสัชนาลัย,ตำบลแม่สำ,แม่สำ,แม่สำ อำเภอศรีสัชนาลัย สุโขทัย 64130 ประเทศไทย
1128005,บ้านตาก,TMD,17,99.099998,ตาก,ตาก,บ้านตาก,อำเภอบ้านตาก,ตำบลตากตก,ตากตก,ตากตก อำเภอบ้านตาก ตาก 63120 ประเทศไทย
1128006,แม่ระมาด,TMD,16.950001,98.533333,ตาก,ตาก,แม่ระมาด,อำเภอแม่ระมาด,ตำบลแม่ระมาด,แม่ระมาด,แม่ระมาด อำเภอแม่ระมาด ตาก ประเทศไทย
1128007,ร.ร.บ้านโคกปรือ,TMD,15.725833,101.101387,เพชรบูรณ์,เพชรบูรณ์,วิเชียรบุรี,อำเภอวิเชียรบุรี,ตำบลบึงกระจับ,บึงกระจับ,บึงกระจับ อำเภอวิเชียรบุรี เพชรบูรณ์ 67130 ประเทศไทย
1128008,ร.ร.บ้านวังใหญ่,TMD,15.597222,100.972221,เพชรบูรณ์,เพชรบูรณ์,วิเชียรบุรี,อำเภอวิเชียรบุรี,ตำบลวังใหญ่,วังใหญ่,วังใหญ่ อำเภอวิเชียรบุรี เพชรบูรณ์ 67180 ประเทศไทย
1128009,ร.ร.หนองบัวทอง,TMD,15.586111,101.23333,เพชรบูรณ์,เพชรบูรณ์,วิเชียรบุรี,อำเภอวิเชียรบุรี,ตำบลบ่อรัง,บ่อรัง,บ่อรัง อำเภอวิเชียรบุรี เพชรบูรณ์ 67130 ประเทศไทย
1128010,ร.ร.บ้านพุขามครุฑมณีอุทิศ,TMD,15.548056,101.055557,เพชรบูรณ์,เพชรบูรณ์,วิเชียรบุรี,อำเภอวิเชียรบุรี,ตำบลพุขาม,พุขาม,พุขาม อำเภอวิเชียรบุรี เพชรบูรณ์ 67180 ประเทศไทย
1128011,ร.ร.บ้านนาสนุ่น,TMD,15.525,101.188889,เพชรบูรณ์,เพชรบูรณ์,ศรีเทพ,อำเภอศรีเทพ,ตำบลนาสนุ่น,นาสนุ่น,นาสนุ่น ตำบล นาสนุ่น อำเภอศรีเทพ เพชรบูรณ์ 67170 ประเทศไทย
1128012,อุทยานประวัติศาสตร์ศรีเทพ,TMD,15.463889,101.14167,เพชรบูรณ์,เพชรบูรณ์,ศรีเทพ,อำเภอศรีเทพ,ตำบลศรีเทพ,ศรีเทพ,ศรีเทพ อำเภอศรีเทพ เพชรบูรณ์ 67170 ประเทศไทย
1128013,ส่องดาว,TMD,17.283333,103.48333,สกลนคร,สกลนคร,ส่องดาว,อำเภอ ส่องดาว,ตำบลปทุมวาปี,ปทุมวาปี,ปทุมวาปี อำเภอ ส่องดาว สกลนคร 47190 ประเทศไทย
1128014,สว่างแดนดิน,TMD,17.416666,103.466667,สกลนคร,สกลนคร,สว่างแดนดิน,อำเภอสว่างแดนดิน,ตำบลสว่างแดนดิน,สว่างแดนดิน,สว่างแดนดิน อำเภอสว่างแดนดิน สกลนคร ประเทศไทย
1128015,วาริชภูมิ,TMD,17.25,103.650002,สกลนคร,สกลนคร,วาริชภูมิ,อำเภอ วาริชภูมิ,ตำบลวาริชภูมิ,วาริชภูมิ,วาริชภูมิ อำเภอ วาริชภูมิ สกลนคร ประเทศไทย
1128016,สถานีทดลองข้าวสกลนคร อ.เมือง,TMD,17.15,104.133331,สกลนคร,สกลนคร,เมืองสกลนคร,อำเภอเมืองสกลนคร,ตำบลธาตุเชิงชุม,ธาตุเชิงชุม,ธาตุเชิงชุม อำเภอเมืองสกลนคร สกลนคร 47000 ประเทศไทย
1128017,อุทยานแห่งชาติภูพาน อ.เมือง,TMD,16.933332,103.900002,สกลนคร,สกลนคร,ภูพาน,อำเภอ ภูพาน,ตำบลสร้างค้อ,สร้างค้อ,สร้างค้อ อำเภอ ภูพาน สกลนคร ประเทศไทย
1128018,หมวดการทางภูพาน (สร้างค้อ) อ.กุดบาก,TMD,16.85,103.933334,สกลนคร,สกลนคร,ภูพาน,อำเภอ ภูพาน,ตำบลสร้างค้อ,สร้างค้อ,สร้างค้อ อำเภอ ภูพาน สกลนคร ประเทศไทย
1128019,เต่างอย,TMD,16.983334,104.150002,สกลนคร,สกลนคร,เต่างอย,อำเภอ เต่างอย,ตำบลนาตาล,นาตาล,นาตาล อำเภอ เต่างอย สกลนคร ประเทศไทย
1128020,ภูเขียว,TMD,16.283333,102.183334,ชัยภูมิ,ชัยภูมิ,ภูเขียว,อำเภอ ภูเขียว,ตำบลกวางโจน,กวางโจน,กวางโจน อำเภอ ภูเขียว ชัยภูมิ ประเทศไทย
1128021,เกษตรสมบูรณ์,TMD,16.233334,101.966667,ชัยภูมิ,ชัยภูมิ,เกษตรสมบูรณ์,อำเภอเกษตรสมบูรณ์,ตำบลสระโพนทอง,สระโพนทอง,สระโพนทอง อำเภอเกษตรสมบูรณ์ ชัยภูมิ ประเทศไทย
1128022,บ้านเขว้า,TMD,15.75,101.933334,ชัยภูมิ,ชัยภูมิ,บ้านเขว้า,อำเภอ บ้านเขว้า,ตำบลบ้านเขว้า,บ้านเขว้า,บ้านเขว้า อำเภอ บ้านเขว้า ชัยภูมิ 36170 ประเทศไทย
1128023,บ้านแท่น,TMD,16.35,102.366669,ชัยภูมิ,ชัยภูมิ,บ้านแท่น,อำเภอ บ้านแท่น,ตำบลบ้านเต่า,บ้านเต่า,บ้านเต่า อำเภอ บ้านแท่น ชัยภูมิ ประเทศไทย
1128024,หนองบัวแดง,TMD,15.983334,101.916664,ชัยภูมิ,ชัยภูมิ,เมืองชัยภูมิ,อำเภอเมืองชัยภูมิ,ตำบลห้วยต้อน,ห้วยต้อน,ห้วยต้อน อำเภอเมืองชัยภูมิ ชัยภูมิ ประเทศไทย
1128025,บำเหน็จณรงค์,TMD,15.45,101.699997,ชัยภูมิ,ชัยภูมิ,บำเหน็จณรงค์,อำเภอ บำเหน็จณรงค์,ตำบลบ้านเพชร,บ้านเพชร,บ้านเพชร อำเภอ บำเหน็จณรงค์ ชัยภูมิ ประเทศไทย
1128026,คอนสวรรค์,TMD,15.883333,102.300003,ชัยภูมิ,ชัยภูมิ,คอนสวรรค์,อำเภอ คอนสวรรค์,ตำบลยางหวาย,ยางหวาย,ยางหวาย อำเภอ คอนสวรรค์ ชัยภูมิ 36140 ประเทศไทย
1128027,สถานีทดลองหม่อนไหมชัยภูมิ,TMD,15.833333,102.01667,ชัยภูมิ,ชัยภูมิ,เมืองชัยภูมิ,อำเภอเมืองชัยภูมิ,ตำบลรอบเมือง,รอบเมือง,รอบเมือง อำเภอเมืองชัยภูมิ ชัยภูมิ 36000 ประเทศไทย
1128028,ชุมพวง,TMD,15.316667,102.76667,นครราชสีมา,นครราชสีมา,ชุมพวง,อำเภอชุมพวง,ตำบลชุมพวง,ชุมพวง,ชุมพวง อำเภอชุมพวง นครราชสีมา 30270 ประเทศไทย
1128029,ประทาย,TMD,15.5,102.716667,นครราชสีมา,นครราชสีมา,ประทาย,อำเภอ ประทาย,ตำบลโคกกลาง,โคกกลาง,โคกกลาง อำเภอ ประทาย นครราชสีมา ประเทศไทย
1128030,ขามสะแกแสง,TMD,15.3,102.166664,นครราชสีมา,นครราชสีมา,ขามสะแกแสง,อำเภอ ขามสะแกแสง,ตำบลพะงาด,พะงาด,พะงาด อำเภอ ขามสะแกแสง นครราชสีมา 30290 ประเทศไทย
1128031,เสิงสาง,TMD,14.416667,102.449997,นครราชสีมา,นครราชสีมา,เสิงสาง,อำเภอ เสิงสาง,ตำบลเสิงสาง,เสิงสาง,เสิงสาง อำเภอ เสิงสาง นครราชสีมา ประเทศไทย
1128032,ปท.โนนไทย,TMD,15.166667,102.083336,นครราชสีมา,นครราชสีมา,โนนไทย,อำเภอ โนนไทย,ตำบลด่านจาก,ด่านจาก,ด่านจาก อำเภอ โนนไทย นครราชสีมา 30220 ประเทศไทย
1128033,ปท.สีคิ้ว,TMD,15.85,101.716667,ชัยภูมิ,ชัยภูมิ,หนองบัวระเหว,อำเภอ หนองบัวระเหว,ตำบลห้วยแย้,ห้วยแย้,ห้วยแย้ อำเภอ หนองบัวระเหว ชัยภูมิ ประเทศไทย
1128034,โนนสูง,TMD,15.183333,102.25,นครราชสีมา,นครราชสีมา,โนนสูง,อำเภอโนนสูง,ตำบลโนนสูง,โนนสูง,โนนสูง อำเภอโนนสูง นครราชสีมา 30160 ประเทศไทย
1128035,สว่างอารมณ์,TMD,15.516666,99.883331,อุทัยธานี,อุทัยธานี,ทัพทัน,อำเภอ ทัพทัน,ตำบลหนองยายดา,หนองยายดา,หนองยายดา อำเภอ ทัพทัน อุทัยธานี ประเทศไทย
1128036,ปากท่อ,TMD,13.333333,99.866669,สมุทรสงคราม,สมุทรสงคราม,อัมพวา,อำเภออัมพวา,ตำบลแพรกหนามแดง,แพรกหนามแดง,แพรกหนามแดง อำเภออัมพวา สมุทรสงคราม 75110 ประเทศไทย
1128037,บ้านโป่ง,TMD,13.766666,99.900002,ราชบุรี,ราชบุรี,บ้านโป่ง,อำเภอบ้านโป่ง,ตำบลดอนกระเบื้อง,ดอนกระเบื้อง,ดอนกระเบื้อง อำเภอบ้านโป่ง ราชบุรี 70110 ประเทศไทย
1128038,จอมบึง,TMD,13.583333,99.666664,ราชบุรี,ราชบุรี,เมืองราชบุรี,อำเภอเมืองราชบุรี,ตำบลหินกอง,หินกอง,หินกอง อำเภอเมืองราชบุรี ราชบุรี ประเทศไทย
1128039,วัดเพลง,TMD,13.416667,99.916664,สมุทรสงคราม,สมุทรสงคราม,อัมพวา,อำเภออัมพวา,ตำบลบางแค,บางแค,บางแค อำเภออัมพวา สมุทรสงคราม 75110 ประเทศไทย
1128040,สวนผึ้ง,TMD,13.516666,99.316666,ราชบุรี,ราชบุรี,สวนผึ้ง,อำเภอ สวนผึ้ง,ตำบลตะนาวศรี,ตะนาวศรี,ตะนาวศรี อำเภอ สวนผึ้ง ราชบุรี 70180 ประเทศไทย
1128041,เหมืองปิล๊อก อ.ทองผาภูมิ,TMD,14.633333,98.433334,กาญจนบุรี,กาญจนบุรี,ทองผาภูมิ,อำเภอทองผาภูมิ,ตำบลปิล๊อก,ปิล๊อก,ปิล๊อก อำเภอทองผาภูมิ กาญจนบุรี 71180 ประเทศไทย
1128042,เขื่อนศรีนครินทร์ อ.ศรีสวัสดิ์,TMD,14.55,99.066666,กาญจนบุรี,กาญจนบุรี,ศรีสวัสดิ์,อำเภอศรีสวัสดิ์,ตำบลด่านแม่แฉลบ,ด่านแม่แฉลบ,ด่านแม่แฉลบ อำเภอศรีสวัสดิ์ กาญจนบุรี 71250 ประเทศไทย
1128043,เขื่อนวชิราลงกรณ์ อ.ท่าม่วง,TMD,13.966666,99.633331,กาญจนบุรี,กาญจนบุรี,ท่าม่วง,อำเภอท่าม่วง,ตำบลม่วงชุม,ม่วงชุม,ม่วงชุม อำเภอท่าม่วง กาญจนบุรี 71110 ประเทศไทย
1128044,สำนักการศึกษา,TMD,13.731112,100.507774,กรุงเทพมหานคร,กรุงเทพมหานคร,คลองสาน,,แขวงคลองสาน,คลองสาน,คลองสาน แขวงคลองสาน เขตคลองสาน กรุงเทพมหานคร 10600 ประเทศไทย
1128045,โพธิ์สามต้น,TMD,13.737778,100.480553,กรุงเทพมหานคร,กรุงเทพมหานคร,บางกอกใหญ่,,แขวงวัดท่าพระ,วัดท่าพระ,วัดท่าพระ เขตบางกอกใหญ่ กรุงเทพมหานคร 10600 ประเทศไทย
1128046,สถานีไฟฟ้าย่อยเพชรเกษม,TMD,13.715278,100.4375,กรุงเทพมหานคร,กรุงเทพมหานคร,ภาษีเจริญ,,แขวงบางหว้า,บางหว้า,บางหว้า กรุงเทพมหานคร ประเทศไทย
1128047,ร.ร.อัสสัมชัญธนบุรี,TMD,13.731389,100.371109,กรุงเทพมหานคร,กรุงเทพมหานคร,บางแค,,แขวงบางไผ่,บางไผ่,บางไผ่ แขวงบางไผ่ เขตบางแค กรุงเทพมหานคร 10160 ประเทศไทย
1128048,วิทยาลัยพณิชยการธนบุรี,TMD,13.735833,100.463333,กรุงเทพมหานคร,กรุงเทพมหานคร,บางกอกใหญ่,,แขวงวัดท่าพระ,วัดท่าพระ,วัดท่าพระ เขตบางกอกใหญ่ กรุงเทพมหานคร 10600 ประเทศไทย
1128049,ร.ร.มัธยมวัดสิงห์,TMD,13.681666,100.443336,กรุงเทพมหานคร,กรุงเทพมหานคร,บางบอน,บางบอน,แขวงคลองบางบอน,,บางบอน เขตบางบอน กรุงเทพมหานคร 10150 ประเทศไทย
1128050,โรงเรียนวัดบางบอน,TMD,13.641945,100.375,กรุงเทพมหานคร,กรุงเทพมหานคร,บางบอน,บางบอน,แขวงบางบอนเหนือ,,บางบอน เขตบางบอน กรุงเทพมหานคร 10150 ประเทศไทย
1128051,โรงเรียนพรหมราษฎร์รังสรรค์,TMD,13.638056,100.386108,กรุงเทพมหานคร,กรุงเทพมหานคร,บางบอน,บางบอน,แขวงบางบอนใต้,,บางบอน เขตบางบอน กรุงเทพมหานคร 10150 ประเทศไทย
1128052,ร.รรัตนโกสินทร์สมโภช,TMD,13.644444,100.42083,กรุงเทพมหานคร,กรุงเทพมหานคร,บางขุนเทียน,,แขวงแสมดำ,แสมดำ,แสมดำ เขตบางขุนเทียน กรุงเทพมหานคร 10150 ประเทศไทย
1128053,เขตหนองแขม,TMD,13.7,100.35083,กรุงเทพมหานคร,กรุงเทพมหานคร,หนองแขม,,แขวงหนองแขม,หนองแขม,หนองแขม แขวงหนองแขม เขตหนองแขม กรุงเทพมหานคร 10160 ประเทศไทย
1128055,บ้านค่าย,TMD,12.733334,101.300003,ชลบุรี,ระยอง,เมืองชลบุรี,อำเภอบ้านค่าย,ตำบลตาขัน,ตาขัน,ตาขัน อำเภอบ้านค่าย ระยอง ประเทศไทย
1128056,แกลง,TMD,12.733334,101.666664,ชลบุรี,ระยอง,เมืองชลบุรี,อำเภอแกลง,ตำบลทางเกวียน,ทางเกวียน,ทางเกวียน อำเภอแกลง ระยอง 21110 ประเทศไทย
1128057,ปลวกแดง,TMD,13,101.300003,ชลบุรี,ระยอง,เมืองชลบุรี,อำเภอปลวกแดง,ตำบลละหาร,ละหาร,ละหาร อำเภอปลวกแดง ระยอง 21140 ประเทศไทย
1128058,บ้านฉาง,TMD,14.766666,101.01667,สระบุรี,สระบุรี,แก่งคอย,อำเภอแก่งคอย,ตำบลหินซ้อน,หินซ้อน,หินซ้อน ตำบล หินซ้อน อำเภอแก่งคอย สระบุรี 18110 ประเทศไทย
1128059,วังจันทร์,TMD,12.916667,101.51667,ชลบุรี,ระยอง,เมืองชลบุรี,อำเภอวังจันทร์,ตำบลพลงตาเอี่ยม,พลงตาเอี่ยม,พลงตาเอี่ยม อำเภอวังจันทร์ ระยอง ประเทศไทย
1128060,นิคมสร้างตนเองระยอง อ.บ้านค่าย,TMD,12.816667,101.199997,ชลบุรี,ระยอง,เมืองชลบุรี,อำเภอนิคมพัฒนา,ตำบลนิคมพัฒนา,นิคมพัฒนา,นิคมพัฒนา ตำบล นิคมพัฒนา อำเภอนิคมพัฒนา ระยอง ประเทศไทย
1128061,ท่าใหม่,TMD,12.583333,102.033333,ชลบุรี,จันทบุรี,เมืองชลบุรี,อำเภอท่าใหม่,ตำบลสีพยา,สีพยา,สีพยา อำเภอท่าใหม่ จันทบุรี ประเทศไทย
1128062,มะขาม,TMD,12.633333,102.216667,ชลบุรี,จันทบุรี,เมืองชลบุรี,อำเภอ มะขาม,ตำบลอ่างคีรี,อ่างคีรี,อ่างคีรี อำเภอ มะขาม จันทบุรี 22150 ประเทศไทย
1128063,ขลุง,TMD,12.366667,102.349998,ประจวบคีรีขันธ์,ตราด,เมืองประจวบคีรีขันธ์,อำเภอ เขาสมิง,ตำบลแสนตุ้ง,แสนตุ้ง,แสนตุ้ง อำเภอ เขาสมิง ตราด ประเทศไทย
1128065,โป่งน้ำร้อน,TMD,12.85,102.283333,ชลบุรี,จันทบุรี,เมืองชลบุรี,อำเภอโป่งน้ำร้อน,ตำบลทับไทร,ทับไทร,ทับไทร อำเภอโป่งน้ำร้อน จันทบุรี ประเทศไทย
1128066,สอยดาว,TMD,13.183333,102.183334,จันทบุรี,จันทบุรี,สอยดาว,อำเภอ สอยดาว,ตำบลปะตง,ปะตง,ปะตง อำเภอ สอยดาว จันทบุรี 22180 ประเทศไทย
1128067,เคียนซา,TMD,8.85,99.199997,นครศรีธรรมราช,สุราษฎร์ธานี,เมืองนครศรีธรรมราช,อำเภอ เคียนซา,ตำบลเขาตอก,เขาตอก,เขาตอก อำเภอ เคียนซา สุราษฎร์ธานี ประเทศไทย
1128069,อ.เมืองสุราษฎร์ธานี,TMD,9.133889,99.323334,นครศรีธรรมราช,สุราษฎร์ธานี,เมืองนครศรีธรรมราช,อำเภอเมืองสุราษฎร์ธานี,ตำบลตลาด,ตลาด,ตลาด อำเภอเมืองสุราษฎร์ธานี สุราษฎร์ธานี 84000 ประเทศไทย
1128070,ทุ่งสง,TMD,8.15,99.699997,นครศรีธรรมราช,นครศรีธรรมราช,เมืองนครศรีธรรมราช,อำเภอทุ่งสง,ตำบลปากแพรก,ปากแพรก,ปากแพรก อำเภอทุ่งสง นครศรีธรรมราช 80110 ประเทศไทย
1128071,หัวไทร,TMD,8.016666,100.316666,นครศรีธรรมราช,นครศรีธรรมราช,เมืองนครศรีธรรมราช,อำเภอ หัวไทร,ตำบลหน้าสตน,หน้าสตน,หน้าสตน อำเภอ หัวไทร นครศรีธรรมราช ประเทศไทย
1128072,ปากพนัง,TMD,8.316667,100.216667,นครศรีธรรมราช,นครศรีธรรมราช,เมืองนครศรีธรรมราช,อำเภอ ปากพนัง,ตำบลบางพระ,บางพระ,บางพระ อำเภอ ปากพนัง นครศรีธรรมราช 80140 ประเทศไทย
1128073,ท่าศาลา,TMD,8.633333,99.949997,นครศรีธรรมราช,นครศรีธรรมราช,เมืองนครศรีธรรมราช,อำเภอท่าศาลา,ตำบลท่าศาลา,ท่าศาลา,ท่าศาลา อำเภอท่าศาลา นครศรีธรรมราช ประเทศไทย
1128075,ร่อนพิบูลย์,TMD,8.116667,99.816666,นครศรีธรรมราช,นครศรีธรรมราช,เมืองนครศรีธรรมราช,อำเภอ จุฬาภรณ์,ตำบลทุ่งโพธิ์,ทุ่งโพธิ์,ทุ่งโพธิ์ อำเภอ จุฬาภรณ์ นครศรีธรรมราช 80130 ประเทศไทย
1128076,แม่สาย,TMD,20.416666,99.900002,เชียงราย,เชียงราย,แม่สาย,อำเภอแม่สาย,ตำบลเวียงพางคำ,เวียงพางคำ,เวียงพางคำ อำเภอแม่สาย เชียงราย ประเทศไทย
1128077,แม่จัน,TMD,20.1,99.866669,เชียงราย,เชียงราย,เมืองเชียงราย,อำเภอเมืองเชียงราย,ตำบลท่าสุด,ท่าสุด,ท่าสุด อำเภอเมืองเชียงราย เชียงราย 57100 ประเทศไทย
1128078,แม่สรวย,TMD,19.666666,99.550003,เชียงราย,เชียงราย,แม่สรวย,อำเภอแม่สรวย,ตำบลแม่สรวย,แม่สรวย,แม่สรวย อำเภอแม่สรวย เชียงราย 57180 ประเทศไทย
1128079,ปท.เชียงแสน,TMD,20.216667,100.083336,เชียงราย,เชียงราย,เชียงแสน,อำเภอ เชียงแสน,ตำบลโยนก,โยนก,โยนก อำเภอ เชียงแสน เชียงราย 57150 ประเทศไทย
1128080,สถานีทดลองข้าวพาน,TMD,19.533333,99.73333,เชียงราย,เชียงราย,พาน,อำเภอ พาน,ตำบลเมืองพาน,เมืองพาน,เมืองพาน อำเภอ พาน เชียงราย 57120 ประเทศไทย
1128081,สวนสักกิ่วทัพยั้ง อ.แม่จัน,TMD,20.116667,99.866669,เชียงราย,เชียงราย,แม่จัน,อำเภอแม่จัน,ตำบลแม่จัน,แม่จัน,แม่จัน อำเภอแม่จัน เชียงราย ประเทศไทย
1128082,สวนป่าดอยช้าง อ.เมือง,TMD,19.799999,99.683334,เชียงราย,เชียงราย,แม่ลาว,อำเภอแม่ลาว,ตำบลโป่งแพร่,โป่งแพร่,โป่งแพร่ อำเภอแม่ลาว เชียงราย ประเทศไทย
1128083,ศูนย์พัฒนาและสงเคราะห์ชาวเขา อ.แม่จัน,TMD,20.216667,99.76667,เชียงราย,เชียงราย,แม่ฟ้าหลวง,อำเภอ แม่ฟ้าหลวง,ตำบลแม่สลองใน,แม่สลองใน,แม่สลองใน อำเภอ แม่ฟ้าหลวง เชียงราย 57110 ประเทศไทย
1128084,ร.ร.เจ้าพ่อหลวงอุปถัมภ์ อ.แม่สาย,TMD,20.4,99.866669,เชียงราย,เชียงราย,แม่สาย,อำเภอแม่สาย,ตำบลเวียงพางคำ,เวียงพางคำ,เวียงพางคำ อำเภอแม่สาย เชียงราย ประเทศไทย
1128085,อ.เวียงชัย,TMD,19.916666,99.92028,เชียงราย,เชียงราย,เวียงชัย,อำเภอ เวียงชัย,ตำบลเวียงเหนือ,เวียงเหนือ,เวียงเหนือ อำเภอ เวียงชัย เชียงราย ประเทศไทย
1128086,อ.ป่าแดด,TMD,19.516666,100,เชียงราย,เชียงราย,ป่าแดด,อำเภอ ป่าแดด,ตำบลป่าแดด,ป่าแดด,ป่าแดด อำเภอ ป่าแดด เชียงราย 57190 ประเทศไทย
1128087,สถานีประมงน้ำจืดพะเยา,TMD,19.15,99.916664,พะเยา,พะเยา,เมืองพะเยา,อำเภอเมืองพะเยา,ตำบลแม่ต๋ำ,แม่ต๋ำ,แม่ต๋ำ อำเภอเมืองพะเยา พะเยา 56000 ประเทศไทย
1128088,ปง,TMD,19.133333,100.26667,พะเยา,พะเยา,ปง,อำเภอปง,ตำบลปง,ปง,ปง อำเภอปง พะเยา 56140 ประเทศไทย
1128089,เชียงคำ,TMD,19.516666,100.300003,พะเยา,พะเยา,เชียงคำ,อำเภอ เชียงคำ,ตำบลหย่วน,หย่วน,หย่วน อำเภอ เชียงคำ พะเยา 56110 ประเทศไทย
1128090,ดอกคำใต้,TMD,19.166666,100,พะเยา,พะเยา,ดอกคำใต้,อำเภอ ดอกคำใต้,ตำบลดอนศรีชุม,ดอนศรีชุม,ดอนศรีชุม อำเภอ ดอกคำใต้ พะเยา 56120 ประเทศไทย
1128091,เชียงม่วน,TMD,18.883333,100.300003,พะเยา,พะเยา,เชียงม่วน,อำเภอ เชียงม่วน,ตำบลเชียงม่วน,เชียงม่วน,เชียงม่วน อำเภอ เชียงม่วน พะเยา 56160 ประเทศไทย
1128092,สถานีบำรุงพันธุ์สัตว์พะเยา,TMD,19.057777,99.943336,พะเยา,พะเยา,เมืองพะเยา,อำเภอเมืองพะเยา,ตำบลแม่กา,แม่กา,แม่กา อำเภอเมืองพะเยา พะเยา 56000 ประเทศไทย
1128093,ฝาง,TMD,19.916666,99.23333,เชียงใหม่,เชียงใหม่,ฝาง,อำเภอ ฝาง,ตำบลเวียง,เวียง,เวียง อำเภอ ฝาง เชียงใหม่ ประเทศไทย
1128094,แม่ริม,TMD,18.916666,98.949997,เชียงใหม่,เชียงใหม่,แม่ริม,อำเภอแม่ริม,ตำบลริมใต้,ริมใต้,ริมใต้ อำเภอแม่ริม เชียงใหม่ 50180 ประเทศไทย
1128095,จอมทอง,TMD,18.416666,98.666664,เชียงใหม่,เชียงใหม่,จอมทอง,อำเภอจอมทอง,ตำบลดอยแก้ว,ดอยแก้ว,ดอยแก้ว อำเภอจอมทอง เชียงใหม่ ประเทศไทย
1128096,ดอยสะเก็ด,TMD,18.866667,99.199997,เชียงใหม่,เชียงใหม่,ดอยสะเก็ด,อำเภอดอยสะเก็ด,ตำบลแม่โป่ง,แม่โป่ง,แม่โป่ง อำเภอดอยสะเก็ด เชียงใหม่ 50220 ประเทศไทย
1128097,แม่แตง,TMD,19.120832,98.946945,เชียงใหม่,เชียงใหม่,แม่แตง,อำเภอแม่แตง,ตำบลสันมหาพน,สันมหาพน,สันมหาพน อำเภอแม่แตง เชียงใหม่ 50150 ประเทศไทย
1128098,พร้าว,TMD,19.366667,99.166664,เชียงใหม่,เชียงใหม่,พร้าว,อำเภอพร้าว,ตำบลน้ำแพร่,น้ำแพร่,น้ำแพร่ อำเภอพร้าว เชียงใหม่ 50190 ประเทศไทย
1128099,แม่แจ่ม,TMD,18.5,98.366669,เชียงใหม่,เชียงใหม่,แม่แจ่ม,อำเภอแม่แจ่ม,ตำบลช่างเคิ่ง,ช่างเคิ่ง,ช่างเคิ่ง อำเภอแม่แจ่ม เชียงใหม่ 50270 ประเทศไทย
1128100,อมก๋อย,TMD,17.799999,98.366669,เชียงใหม่,เชียงใหม่,อมก๋อย,อำเภออมก๋อย,ตำบลอมก๋อย,อมก๋อย,อมก๋อย อำเภออมก๋อย เชียงใหม่ ประเทศไทย
1128101,สะเมิง,TMD,18.816668,98.76667,เชียงใหม่,เชียงใหม่,สะเมิง,อำเภอสะเมิง,ตำบลสะเมิงใต้,สะเมิงใต้,สะเมิงใต้ อำเภอสะเมิง เชียงใหม่ 50250 ประเทศไทย
1128102,ฮอด,TMD,18.133333,98.633331,เชียงใหม่,เชียงใหม่,ฮอด,อำเภอฮอด,ตำบลหางดง,หางดง,หางดง อำเภอฮอด เชียงใหม่ 50240 ประเทศไทย
1128103,สารภี,TMD,18.716667,99.050003,เชียงใหม่,เชียงใหม่,สารภี,อำเภอ สารภี,ตำบลชมภู,ชมภู,ชมภู อำเภอ สารภี เชียงใหม่ ประเทศไทย
1128104,สันทราย,TMD,18.85,99.050003,เชียงใหม่,เชียงใหม่,สันทราย,อำเภอสันทราย,ตำบลสันทรายหลวง,สันทรายหลวง,สันทรายหลวง อำเภอสันทราย เชียงใหม่ 50210 ประเทศไทย
1128105,หางดง,TMD,18.683332,98.916664,เชียงใหม่,เชียงใหม่,หางดง,อำเภอหางดง,ตำบลหางดง,หางดง,หางดง ตำบลหางดง อำเภอหางดง เชียงใหม่ 50230 ประเทศไทย
1128106,สันป่าตอง,TMD,18.616667,98.900002,เชียงใหม่,เชียงใหม่,สันป่าตอง,อำเภอสันป่าตอง,ตำบลทุ่งต้อม,ทุ่งต้อม,ทุ่งต้อม อำเภอสันป่าตอง เชียงใหม่ 50120 ประเทศไทย
1128107,สันกำแพง,TMD,18.75,99.116669,เชียงใหม่,เชียงใหม่,สันกำแพง,อำเภอสันกำแพง,ตำบลสันกำแพง,สันกำแพง,สันกำแพง อำเภอสันกำแพง เชียงใหม่ 50130 ประเทศไทย
1128108,เชียงดาว,TMD,19.366667,98.98333,เชียงใหม่,เชียงใหม่,เชียงดาว,อำเภอเชียงดาว,ตำบลเชียงดาว,เชียงดาว,เชียงดาว อำเภอเชียงดาว เชียงใหม่ 50170 ประเทศไทย
1128109,แม่อาย,TMD,20.033333,99.283333,เชียงใหม่,เชียงใหม่,แม่อาย,อำเภอ แม่อาย,ตำบลแม่อาย,แม่อาย,แม่อาย อำเภอ แม่อาย เชียงใหม่ ประเทศไทย
1128110,ต.บ้านแอ่น อ.ดอยเต่า,TMD,17.933332,98.75,เชียงใหม่,เชียงใหม่,ดอยเต่า,อำเภอ ดอยเต่า,ตำบลดอยเต่า,ดอยเต่า,ดอยเต่า อำเภอ ดอยเต่า เชียงใหม่ 50260 ประเทศไทย
1128111,สถานีทดลองพืชสวนฝาง,TMD,19.933332,99.150002,เชียงใหม่,เชียงใหม่,ฝาง,อำเภอ ฝาง,ตำบลโป่งน้ำร้อน,โป่งน้ำร้อน,โป่งน้ำร้อน อำเภอ ฝาง เชียงใหม่ ประเทศไทย
1128112,อุทยานแห่งชาติดอยสุเทพ-ปุย อ.เมือง,TMD,18.783333,98.933334,เชียงใหม่,เชียงใหม่,เมืองเชียงใหม่,อำเภอเมืองเชียงใหม่,ตำบลสุเทพ,สุเทพ,สุเทพ อำเภอเมืองเชียงใหม่ เชียงใหม่ ประเทศไทย
1128113,พระตำหนักภูพิงค์ราชนิเวศน์ อ.เมือง,TMD,18.783333,98.900002,เชียงใหม่,เชียงใหม่,เมืองเชียงใหม่,อำเภอเมืองเชียงใหม่,ตำบลสุเทพ,สุเทพ,สุเทพ อำเภอเมืองเชียงใหม่ เชียงใหม่ ประเทศไทย
1128114,นิคมสร้างตนเองเขื่อนภูมิพล อ.ดอยเต่า,TMD,17.933332,98.683334,เชียงใหม่,เชียงใหม่,ดอยเต่า,อำเภอ ดอยเต่า,ตำบลมืดกา,มืดกา,มืดกา อำเภอ ดอยเต่า เชียงใหม่ 50260 ประเทศไทย
1128115,ศูนย์พัฒนาปิโตรเลี่ยมภาคเหนือ อ.ฝาง,TMD,19.866667,99.216667,เชียงใหม่,เชียงใหม่,ฝาง,อำเภอ ฝาง,ตำบลแม่คะ,แม่คะ,แม่คะ อำเภอ ฝาง เชียงใหม่ 50110 ประเทศไทย
1128116,สถานีทดลองข้าวสันป่าตอง,TMD,18.616667,98.900002,เชียงใหม่,เชียงใหม่,สันป่าตอง,อำเภอสันป่าตอง,ตำบลทุ่งต้อม,ทุ่งต้อม,ทุ่งต้อม อำเภอสันป่าตอง เชียงใหม่ 50120 ประเทศไทย
1128117,สวนป่าแม่หอพระ อ.แม่แตง,TMD,19.066668,99.216667,เชียงใหม่,เชียงใหม่,พร้าว,อำเภอพร้าว,ตำบลโหล่งขอด,โหล่งขอด,โหล่งขอด อำเภอพร้าว เชียงใหม่ 50190 ประเทศไทย
1128118,สถานีวิจัยต้นน้ำดอยเชียงดาว,TMD,19.35,98.76667,เชียงใหม่,เชียงใหม่,เชียงดาว,อำเภอเชียงดาว,ตำบลเมืองคอง,เมืองคอง,เมืองคอง อำเภอเชียงดาว เชียงใหม่ 50170 ประเทศไทย
1128119,ศูนย์ทดลองปลูกพันธุ์ไม้บ่อหลวง-บ่อแก้ว อ.ฮอด,TMD,18.15,98.400002,เชียงใหม่,เชียงใหม่,ฮอด,อำเภอฮอด,ตำบลบ่อหลวง,บ่อหลวง,บ่อหลวง อำเภอฮอด เชียงใหม่ ประเทศไทย
1128120,โครงการเกษตรกรรม กปร.กลาง,TMD,18.533333,98.783333,เชียงใหม่,เชียงใหม่,ดอยหล่อ,อำเภอ ดอยหล่อ,ตำบลสันติสุข,สันติสุข,สันติสุข อำเภอ ดอยหล่อ เชียงใหม่ 50160 ประเทศไทย
1128121,เวียงแหง,TMD,19.549999,98.633331,เชียงใหม่,เชียงใหม่,เวียงแหง,อำเภอ เวียงแหง,ตำบลเมืองแหง,เมืองแหง,เมืองแหง อำเภอ เวียงแหง เชียงใหม่ ประเทศไทย
1128122,สวนป่าแม่แจ่ม อ.แม่แจ่ม,TMD,18.283333,98.383331,เชียงใหม่,เชียงใหม่,แม่แจ่ม,อำเภอแม่แจ่ม,ตำบลกองแขก,กองแขก,กองแขก ตำบล กองแขก อำเภอแม่แจ่ม เชียงใหม่ 50270 ประเทศไทย
1128123,หน่วยพัฒนาการเคลื่อนที่ 32 อ.เชียงดาว,TMD,19.416666,98.966667,เชียงใหม่,เชียงใหม่,เชียงดาว,อำเภอเชียงดาว,ตำบลเชียงดาว,เชียงดาว,เชียงดาว อำเภอเชียงดาว เชียงใหม่ 50170 ประเทศไทย
1128124,อ.แม่วาง,TMD,18.520555,98.811943,เชียงใหม่,เชียงใหม่,ดอยหล่อ,อำเภอ ดอยหล่อ,ตำบลสันติสุข,สันติสุข,สันติสุข อำเภอ ดอยหล่อ เชียงใหม่ 50160 ประเทศไทย
1128125,แจ้ห่ม,TMD,18.683332,99.583336,ลำปาง,ลำปาง,แจ้ห่ม,อำเภอแจ้ห่ม,ตำบลแจ้ห่ม,แจ้ห่ม,แจ้ห่ม อำเภอแจ้ห่ม ลำปาง 52120 ประเทศไทย
1128126,แม่ทะ,TMD,18.133333,99.51667,ลำปาง,ลำปาง,แม่ทะ,อำเภอ แม่ทะ,ตำบลนาครัว,นาครัว,นาครัว อำเภอ แม่ทะ ลำปาง 52150 ประเทศไทย
1128127,ห้างฉัตร,TMD,18.433332,99.349998,ลำปาง,ลำปาง,ห้างฉัตร,อำเภอห้างฉัตร,ตำบลวอแก้ว,วอแก้ว,วอแก้ว อำเภอห้างฉัตร ลำปาง 52190 ประเทศไทย
1128128,เถิน,TMD,17.583334,99.26667,ลำปาง,ลำปาง,เถิน,อำเภอเถิน,ตำบลล้อมแรด,ล้อมแรด,ล้อมแรด อำเภอเถิน ลำปาง 52160 ประเทศไทย
1128129,เกาะคา,TMD,18.183332,99.400002,ลำปาง,ลำปาง,เกาะคา,อำเภอเกาะคา,ตำบลศาลา,ศาลา,ศาลา อำเภอเกาะคา ลำปาง 52130 ประเทศไทย
1128130,สบปราบ,TMD,17.816668,99.349998,ลำปาง,ลำปาง,สบปราบ,อำเภอสบปราบ,ตำบลสบปราบ,สบปราบ,สบปราบ อำเภอสบปราบ ลำปาง 52170 ประเทศไทย
1128131,วังเหนือ,TMD,19.15,99.616669,ลำปาง,ลำปาง,วังเหนือ,อำเภอ วังเหนือ,ตำบลวังเหนือ,วังเหนือ,วังเหนือ อำเภอ วังเหนือ ลำปาง 52140 ประเทศไทย
1128132,แม่พริก,TMD,17.450001,99.116669,ลำปาง,ลำปาง,แม่พริก,อำเภอ แม่พริก,ตำบลแม่พริก,แม่พริก,แม่พริก ตำบล แม่พริก อำเภอ แม่พริก ลำปาง 52180 ประเทศไทย
1128133,สวนป่าห้วยทาก อ.งาว,TMD,18.666666,99.916664,ลำปาง,ลำปาง,งาว,อำเภองาว,ตำบลบ้านหวด,บ้านหวด,บ้านหวด อำเภองาว ลำปาง ประเทศไทย
1128134,สวนป่าทุ่งเกวียน อ.ห้างฉัตร,TMD,18.383333,99.216667,ลำปาง,ลำปาง,ห้างฉัตร,อำเภอห้างฉัตร,ตำบลเวียงตาล,เวียงตาล,เวียงตาล อำเภอห้างฉัตร ลำปาง 52190 ประเทศไทย
1128135,สวนป่าแม่มาย อ.เมือง,TMD,18.516666,99.666664,ลำปาง,ลำปาง,เมืองลำปาง,อำเภอเมืองลำปาง,ตำบลบ้านแลง,บ้านแลง,บ้านแลง อำเภอเมืองลำปาง ลำปาง ประเทศไทย
1128136,ปท.บ้านโฮ่ง,TMD,18.316668,98.833336,ลำพูน,ลำพูน,บ้านโฮ่ง,อำเภอ บ้านโฮ่ง,ตำบลบ้านโฮ่ง,บ้านโฮ่ง,บ้านโฮ่ง อำเภอ บ้านโฮ่ง ลำพูน 51130 ประเทศไทย
1128137,โนนสะอาด,TMD,16.950001,102.916664,อุดรธานี,อุดรธานี,โนนสะอาด,อำเภอโนนสะอาด,ตำบลโคกกลาง,โคกกลาง,โคกกลาง อำเภอโนนสะอาด อุดรธานี 41240 ประเทศไทย
1128138,โรงเรียนบ้านก้อจัดสรร อ.ลี้,TMD,17.633333,98.783333,ลำพูน,ลำพูน,ลี้,อำเภอลี้,ตำบลก้อ,ก้อ,ก้อ ตำบล ก้อ อำเภอลี้ ลำพูน 51110 ประเทศไทย
1128139,สวนป่าแม่ลี้ อ.ลี้,TMD,17.933332,98.900002,ลำพูน,ลำพูน,ลี้,อำเภอลี้,ตำบลแม่ตืน,แม่ตืน,แม่ตืน อำเภอลี้ ลำพูน 51110 ประเทศไทย
1128140,ลอง,TMD,18.066668,99.833336,แพร่,แพร่,ลอง,อำเภอลอง,ตำบลห้วยอ้อ,ห้วยอ้อ,ห้วยอ้อ อำเภอลอง แพร่ 54150 ประเทศไทย
1128141,ร้องกวาง,TMD,18.333334,100.333336,แพร่,แพร่,ร้องกวาง,อำเภอ ร้องกวาง,ตำบลร้องกวาง,ร้องกวาง,ร้องกวาง อำเภอ ร้องกวาง แพร่ 54140 ประเทศไทย
1128142,สูงเม่น,TMD,18.049999,100.116669,แพร่,แพร่,สูงเม่น,อำเภอสูงเม่น,ตำบลสูงเม่น,สูงเม่น,สูงเม่น อำเภอสูงเม่น แพร่ 54130 ประเทศไทย
1128143,เด่นชัย,TMD,17.983334,100.050003,แพร่,แพร่,เด่นชัย,อำเภอเด่นชัย,ตำบลเด่นชัย,เด่นชัย,เด่นชัย อำเภอเด่นชัย แพร่ 54110 ประเทศไทย
1128144,สอง,TMD,18.466667,100.183334,แพร่,แพร่,สอง,อำเภอสอง,ตำบลบ้านกลาง,บ้านกลาง,บ้านกลาง อำเภอสอง แพร่ 54120 ประเทศไทย
1128145,วังชิ้น,TMD,17.9,99.599998,แพร่,แพร่,วังชิ้น,อำเภอวังชิ้น,ตำบลวังชิ้น,วังชิ้น,วังชิ้น อำเภอวังชิ้น แพร่ 54160 ประเทศไทย
1128146,สวนป่าห้วยไร่เขาพลึง อ.เด่นชัย,TMD,17.983334,100.099998,แพร่,แพร่,เด่นชัย,อำเภอเด่นชัย,ตำบลแม่จั๊วะ,แม่จั๊วะ,แม่จั๊วะ อำเภอเด่นชัย แพร่ 54110 ประเทศไทย
1128147,สวนป่าขุนคำมี อ.ร้องกวาง,TMD,18.383333,100.366669,แพร่,แพร่,ร้องกวาง,อำเภอ ร้องกวาง,ตำบลร้องกวาง,ร้องกวาง,ร้องกวาง อำเภอ ร้องกวาง แพร่ 54140 ประเทศไทย
1128148,นาน้อย,TMD,18.333334,100.716667,น่าน,น่าน,นาน้อย,อำเภอนาน้อย,ตำบลศรีษะเกษ,ศรีษะเกษ,ศรีษะเกษ อำเภอนาน้อย น่าน 55150 ประเทศไทย
1128149,ปัว,TMD,19.183332,100.916664,น่าน,น่าน,ปัว,อำเภอ ปัว,ตำบลปัว,ปัว,ปัว อำเภอ ปัว น่าน 55120 ประเทศไทย
1128150,เวียงสา,TMD,18.583334,100.75,น่าน,น่าน,เวียงสา,อำเภอเวียงสา,ตำบลกลางเวียง,กลางเวียง,กลางเวียง อำเภอเวียงสา น่าน 55110 ประเทศไทย
1128151,เชียงกลาง,TMD,19.283333,100.883331,น่าน,น่าน,เชียงกลาง,อำเภอ เชียงกลาง,ตำบลพญาแก้ว,พญาแก้ว,พญาแก้ว อำเภอ เชียงกลาง น่าน ประเทศไทย
1128152,แม่จริม,TMD,18.700001,101,น่าน,น่าน,แม่จริม,อำเภอแม่จริม,ตำบลหมอเมือง,หมอเมือง,หมอเมือง อำเภอแม่จริม น่าน 55170 ประเทศไทย
1128153,หน่วยป้องกันรักษาป่าที่ 6 อ.เวียงสา,TMD,18.5,100.51667,น่าน,น่าน,เวียงสา,อำเภอเวียงสา,ตำบลอ่ายนาไลย,อ่ายนาไลย,อ่ายนาไลย อำเภอเวียงสา น่าน 55110 ประเทศไทย
1128154,อุทยานแห่งชาติดอยภูดา อ.ปัว,TMD,19.183332,100.98333,น่าน,น่าน,ปัว,อำเภอ ปัว,ตำบลภูคา,ภูคา,ภูคา อำเภอ ปัว น่าน ประเทศไทย
1128156,สนง.เกษตร อ.พิชัย,TMD,17.233334,100.099998,อุตรดิตถ์,อุตรดิตถ์,พิชัย,อำเภอพิชัย,ตำบลบ้านหม้อ,บ้านหม้อ,บ้านหม้อ อำเภอพิชัย อุตรดิตถ์ 53120 ประเทศไทย
1128157,สนง.เกษตร อ.ตรอน,TMD,17.416666,100.133331,อุตรดิตถ์,อุตรดิตถ์,ตรอน,อำเภอตรอน,ตำบลหาดสองแคว,หาดสองแคว,หาดสองแคว อำเภอตรอน อุตรดิตถ์ ประเทศไทย
1128158,สนง.เกษตร อ.น้ำปาด,TMD,17.666666,100.683334,อุตรดิตถ์,อุตรดิตถ์,น้ำปาด,อำเภอน้ำปาด,ตำบลแสนตอ,แสนตอ,แสนตอ อำเภอน้ำปาด อุตรดิตถ์ 53110 ประเทศไทย
1128159,สนง.เกษตร อ.ท่าปลา,TMD,17.65,100.383331,อุตรดิตถ์,อุตรดิตถ์,เมืองอุตรดิตถ์,อำเภอเมืองอุตรดิตถ์,ตำบลถ้ำฉลอง,ถ้ำฉลอง,ถ้ำฉลอง อำเภอเมืองอุตรดิตถ์ อุตรดิตถ์ ประเทศไทย
1128160,สนง.เกษตร อ.ลับแล,TMD,17.6,100.050003,อุตรดิตถ์,อุตรดิตถ์,ลับแล,อำเภอ ลับแล,ตำบลทุ่งยั้ง,ทุ่งยั้ง,ทุ่งยั้ง อำเภอ ลับแล อุตรดิตถ์ ประเทศไทย
1128161,สนง.เกษตร อ.ฟากท่า,TMD,17.916666,100.883331,อุตรดิตถ์,อุตรดิตถ์,ฟากท่า,อำเภอ ฟากท่า,ตำบลบ้านเสี้ยว,บ้านเสี้ยว,บ้านเสี้ยว อำเภอ ฟากท่า อุตรดิตถ์ 53160 ประเทศไทย
1128162,นิคมสร้างตนเองลำน้ำน่าน อ.ท่าปลา,TMD,17.75,100.283333,อุตรดิตถ์,อุตรดิตถ์,เมืองอุตรดิตถ์,อำเภอเมืองอุตรดิตถ์,ตำบลวังดิน,วังดิน,วังดิน อำเภอเมืองอุตรดิตถ์ อุตรดิตถ์ ประเทศไทย
1128163,นิคมสหกรณ์ฟากท่า,TMD,17.9,100.816666,อุตรดิตถ์,อุตรดิตถ์,ฟากท่า,อำเภอ ฟากท่า,ตำบลสองห้อง,สองห้อง,สองห้อง อำเภอ ฟากท่า อุตรดิตถ์ 53160 ประเทศไทย
1128164,หนองแค,TMD,14.333333,100.966667,สระบุรี,สระบุรี,วิหารแดง,อำเภอวิหารแดง,ตำบลหนองสรวง,หนองสรวง,หนองสรวง อำเภอวิหารแดง สระบุรี 18150 ประเทศไทย
1128165,สถานีทดลองและขยายพันธุ์อ้อย,TMD,17.556944,100.111115,อุตรดิตถ์,อุตรดิตถ์,เมืองอุตรดิตถ์,อำเภอเมืองอุตรดิตถ์,ตำบลวังกะพี้,วังกะพี้,วังกะพี้ อำเภอเมืองอุตรดิตถ์ อุตรดิตถ์ ประเทศไทย
1128166,วนอุทยานภูสอยดาว,TMD,17.75,100.916664,อุตรดิตถ์,อุตรดิตถ์,น้ำปาด,อำเภอน้ำปาด,ตำบลห้วยมุ่น,ห้วยมุ่น,ห้วยมุ่น อำเภอน้ำปาด อุตรดิตถ์ ประเทศไทย
1128167,อ.เมืองสุโขทัย,TMD,16.950001,99.833336,สุโขทัย,สุโขทัย,เมืองสุโขทัย,อำเภอเมืองสุโขทัย,ตำบลยางซ้าย,ยางซ้าย,ยางซ้าย อำเภอเมืองสุโขทัย สุโขทัย ประเทศไทย
1128168,สวรรคโลก,TMD,17.266666,99.866669,สุโขทัย,สุโขทัย,สวรรคโลก,อำเภอ สวรรคโลก,ตำบลย่านยาว,ย่านยาว,ย่านยาว อำเภอ สวรรคโลก สุโขทัย 64110 ประเทศไทย
1128169,กงไกรลาศ,TMD,16.9,99.98333,สุโขทัย,สุโขทัย,กงไกรลาศ,อำเภอ กงไกรลาศ,ตำบลกง,กง,กง อำเภอ กงไกรลาศ สุโขทัย 64170 ประเทศไทย
1128170,ศรีสัชนาลัย,TMD,17.433332,99.800003,สุโขทัย,สุโขทัย,ศรีสัชนาลัย,อำเภอศรีสัชนาลัย,ตำบลท่าชัย,ท่าชัย,ท่าชัย อำเภอศรีสัชนาลัย สุโขทัย ประเทศไทย
1128171,คีรีมาศ,TMD,16.799999,99.75,สุโขทัย,สุโขทัย,คีรีมาศ,อำเภอ คีรีมาศ,ตำบลหนองจิก,หนองจิก,หนองจิก อำเภอ คีรีมาศ สุโขทัย ประเทศไทย
1128172,บ้านด่านลานหอย,TMD,16.966667,99.633331,สุโขทัย,สุโขทัย,คีรีมาศ,อำเภอ คีรีมาศ,ตำบลนาเชิงคีรี,นาเชิงคีรี,นาเชิงคีรี อำเภอ คีรีมาศ สุโขทัย ประเทศไทย
1128173,สามเงา,TMD,17.183332,99.066666,ตาก,ตาก,สามเงา,อำเภอสามเงา,ตำบลสามเงา,สามเงา,สามเงา อำเภอสามเงา ตาก 63130 ประเทศไทย
1128174,ท่าสองยาง,TMD,17.166666,98.283333,ตาก,ตาก,ท่าสองยาง,อำเภอท่าสองยาง,ตำบลแม่หละ,แม่หละ,แม่หละ อำเภอท่าสองยาง ตาก ประเทศไทย
1128175,ศูนย์พัฒนาและสงเคราะห์ชาวเขา อ.เมือง(ปิดสถานี),TMD,16.766666,98.933334,ตาก,ตาก,เมืองตาก,อำเภอเมืองตาก,ตำบลแม่ท้อ,แม่ท้อ,แม่ท้อ อำเภอเมืองตาก ตาก ประเทศไทย
1128176,ศูยน์วิจัยบำรุงพันธุ์สัตว์ตาก อ.เมือง,TMD,16.916666,99.116669,ตาก,ตาก,เมืองตาก,อำเภอเมืองตาก,ตำบลไม้งาม,ไม้งาม,ไม้งาม อำเภอเมืองตาก ตาก 63000 ประเทศไทย
1128177,บ้านสันป่าป๋วย อ.สามเงา,TMD,17.266666,98.866669,ตาก,ตาก,สามเงา,อำเภอสามเงา,ตำบลบ้านนา,บ้านนา,บ้านนา ตำบลบ้านนา อำเภอสามเงา ตาก ประเทศไทย
1128178,บ้านโสมง อ.สามเงา,TMD,17.333334,98.816666,ตาก,ตาก,สามเงา,อำเภอสามเงา,ตำบลบ้านนา,บ้านนา,บ้านนา ตำบลบ้านนา อำเภอสามเงา ตาก ประเทศไทย
1128179,บ้านอูมวาบ อ.สามเงา,TMD,17.35,98.650002,ตาก,ตาก,สามเงา,อำเภอสามเงา,ตำบลบ้านนา,บ้านนา,บ้านนา ตำบลบ้านนา อำเภอสามเงา ตาก ประเทศไทย
1128180,อุทยานแห่งชาติลานสาง อ.เมือง,TMD,16.766666,99.033333,ตาก,ตาก,เมืองตาก,อำเภอเมืองตาก,ตำบลแม่ท้อ,แม่ท้อ,แม่ท้อ อำเภอเมืองตาก ตาก ประเทศไทย
1128181,วังทอง,TMD,16.766666,100.449997,พิษณุโลก,พิษณุโลก,วังทอง,อำเภอวังทอง,ตำบลดินทอง,ดินทอง,ดินทอง อำเภอวังทอง พิษณุโลก 65130 ประเทศไทย
1128182,สนง.เกษตร อ.พรหมพิราม,TMD,16.950001,100.199997,พิษณุโลก,พิษณุโลก,พรหมพิราม,อำเภอพรหมพิราม,ตำบลมะตูม,มะตูม,มะตูม อำเภอพรหมพิราม พิษณุโลก ประเทศไทย
1128183,บางระกำ,TMD,16.75,100.150002,พิษณุโลก,พิษณุโลก,บางระกำ,อำเภอบางระกำ,ตำบลบางระกำ,บางระกำ,บางระกำ อำเภอบางระกำ พิษณุโลก ประเทศไทย
1128184,นครไทย,TMD,17.033333,100.833336,พิษณุโลก,พิษณุโลก,นครไทย,อำเภอนครไทย,ตำบลหนองกะท้าว,หนองกะท้าว,หนองกะท้าว ตำบล หนองกะท้าว อำเภอนครไทย พิษณุโลก 65120 ประเทศไทย
1128185,ชาติตระการ,TMD,17.183332,100.633331,พิษณุโลก,พิษณุโลก,นครไทย,อำเภอนครไทย,ตำบลหนองกะท้าว,หนองกะท้าว,หนองกะท้าว ตำบล หนองกะท้าว อำเภอนครไทย พิษณุโลก 65120 ประเทศไทย
1128186,วัดโบสถ์,TMD,16.916666,100.349998,พิษณุโลก,พิษณุโลก,เมืองพิษณุโลก,อำเภอเมืองพิษณุโลก,ตำบลบ้านป่า,บ้านป่า,บ้านป่า อำเภอเมืองพิษณุโลก พิษณุโลก 65000 ประเทศไทย
1128187,บางกระทุ่ม,TMD,16.533333,100.316666,พิษณุโลก,พิษณุโลก,บางกระทุ่ม,อำเภอ บางกระทุ่ม,ตำบลสนามคลี,สนามคลี,สนามคลี อำเภอ บางกระทุ่ม พิษณุโลก ประเทศไทย
1128188,สวนป่าเขากระยาง อ.วังทอง,TMD,16.866667,100.75,พิษณุโลก,พิษณุโลก,วังทอง,อำเภอวังทอง,ตำบลแก่งโสภา,แก่งโสภา,แก่งโสภา อำเภอวังทอง พิษณุโลก ประเทศไทย
1128189,ศูนย์วิจัยข้าวพิษณุโลก อ.วังทอง,TMD,16.85,100.349998,พิษณุโลก,พิษณุโลก,เมืองพิษณุโลก,อำเภอเมืองพิษณุโลก,ตำบลสมอแข,สมอแข,สมอแข อำเภอเมืองพิษณุโลก พิษณุโลก ประเทศไทย
1128190,กุดจับ,TMD,17.4,102.51667,อุดรธานี,อุดรธานี,กุดจับ,อำเภอ กุดจับ,ตำบลกุดจับ,กุดจับ,กุดจับ อำเภอ กุดจับ อุดรธานี 41250 ประเทศไทย
1128191,เขตรักษาพันธุ์สัตว์ป่าภูเมียงและภูทอง อ.ชาติตระการ,TMD,17.333334,100.466667,พิษณุโลก,พิษณุโลก,ชาติตระการ,อำเภอชาติตระการ,ตำบลบ้านดง,บ้านดง,บ้านดง อำเภอชาติตระการ พิษณุโลก 65170 ประเทศไทย
1128192,หนองไผ่,TMD,15.95,101.083336,เพชรบูรณ์,เพชรบูรณ์,หนองไผ่,อำเภอหนองไผ่,ตำบลกองทูล,กองทูล,กองทูล อำเภอหนองไผ่ เพชรบูรณ์ 67140 ประเทศไทย
1128193,หล่มเก่า,TMD,16.816668,101.26667,เพชรบูรณ์,เพชรบูรณ์,หล่มสัก,อำเภอหล่มสัก,ตำบลสักหลง,สักหลง,สักหลง อำเภอหล่มสัก เพชรบูรณ์ ประเทศไทย
1128194,ชนแดน,TMD,16.133333,100.883331,เพชรบูรณ์,เพชรบูรณ์,ชนแดน,อำเภอชนแดน,ตำบลชนแดน,ชนแดน,ชนแดน อำเภอชนแดน เพชรบูรณ์ 67150 ประเทศไทย
1128195,ต.น้ำร้อน อ.วิเชียรบุรี,TMD,15.683333,101.283333,เพชรบูรณ์,เพชรบูรณ์,วิเชียรบุรี,อำเภอวิเชียรบุรี,ตำบลน้ำร้อน,น้ำร้อน,น้ำร้อน อำเภอวิเชียรบุรี เพชรบูรณ์ 67130 ประเทศไทย
1128196,ศรีเทพ,TMD,15.45,101.066666,เพชรบูรณ์,เพชรบูรณ์,ศรีเทพ,อำเภอศรีเทพ,ตำบลสระกรวด,สระกรวด,สระกรวด อำเภอศรีเทพ เพชรบูรณ์ ประเทศไทย
1128197,บึงสามพัน,TMD,15.783334,101.01667,เพชรบูรณ์,เพชรบูรณ์,บึงสามพัน,อำเภอบึงสามพัน,ตำบลบึงสามพัน,บึงสามพัน,บึงสามพัน อำเภอบึงสามพัน เพชรบูรณ์ ประเทศไทย
1128198,วังโป่ง,TMD,16.316668,100.816666,เพชรบูรณ์,เพชรบูรณ์,วังโป่ง,อำเภอ วังโป่ง,ตำบลวังโป่ง,วังโป่ง,วังโป่ง อำเภอ วังโป่ง เพชรบูรณ์ 67240 ประเทศไทย
1128199,ร.ร.บ้านหนองใหญ่,TMD,17.047222,101.1875,เพชรบูรณ์,เพชรบูรณ์,หล่มเก่า,อำเภอ หล่มเก่า,ตำบลนาซำ,นาซำ,นาซำ อำเภอ หล่มเก่า เพชรบูรณ์ 67120 ประเทศไทย
1128200,ร.ร.บ้านตาดข่าพัฒนา,TMD,17.044445,101.466667,เพชรบูรณ์,เพชรบูรณ์,หล่มเก่า,อำเภอ หล่มเก่า,ตำบลตาดกลอย,ตาดกลอย,ตาดกลอย อำเภอ หล่มเก่า เพชรบูรณ์ ประเทศไทย
1128201,ร.ร.บ้านส่งเปลือย,TMD,17.041666,101.277779,เพชรบูรณ์,เพชรบูรณ์,หล่มเก่า,อำเภอ หล่มเก่า,ตำบลศิลา,ศิลา,ศิลา อำเภอ หล่มเก่า เพชรบูรณ์ ประเทศไทย
1128202,ตำบลบ้านศิลา,TMD,17.022223,101.32222,เพชรบูรณ์,เพชรบูรณ์,หล่มเก่า,อำเภอ หล่มเก่า,ตำบลศิลา,ศิลา,ศิลา อำเภอ หล่มเก่า เพชรบูรณ์ ประเทศไทย
1128203,ร.ร.บ้านวังก้นหวด,TMD,17.012501,101.375,เพชรบูรณ์,เพชรบูรณ์,หล่มเก่า,อำเภอ หล่มเก่า,ตำบลตาดกลอย,ตาดกลอย,ตาดกลอย อำเภอ หล่มเก่า เพชรบูรณ์ ประเทศไทย
1128204,ร.ร.บ้านนาซำ,TMD,17,101.22361,เพชรบูรณ์,เพชรบูรณ์,หล่มเก่า,อำเภอ หล่มเก่า,ตำบลนาซำ,นาซำ,นาซำ อำเภอ หล่มเก่า เพชรบูรณ์ 67120 ประเทศไทย
1128205,ร.ร.บ้านวังขอน,TMD,16.968056,101.298615,เพชรบูรณ์,เพชรบูรณ์,หล่มเก่า,อำเภอ หล่มเก่า,ตำบลตาดกลอย,ตาดกลอย,ตาดกลอย อำเภอ หล่มเก่า เพชรบูรณ์ ประเทศไทย
1128206,ร.ร.บ้านหลักด่าน,TMD,16.966667,101.508331,เพชรบูรณ์,เพชรบูรณ์,น้ำหนาว,อำเภอ น้ำหนาว,ตำบลหลักด่าน,หลักด่าน,หลักด่าน อำเภอ น้ำหนาว เพชรบูรณ์ ประเทศไทย
1128207,ร.ร.บ้านหินฮาว,TMD,16.941668,101.220833,เพชรบูรณ์,เพชรบูรณ์,หล่มเก่า,อำเภอ หล่มเก่า,ตำบลหินฮาว,หินฮาว,หินฮาว อำเภอ หล่มเก่า เพชรบูรณ์ ประเทศไทย
1128208,ร.ร.บ้านท่าอิบุญ,TMD,16.888889,101.337502,เพชรบูรณ์,เพชรบูรณ์,หล่มสัก,อำเภอหล่มสัก,ตำบลท่าอิบุญ,ท่าอิบุญ,ท่าอิบุญ อำเภอหล่มสัก เพชรบูรณ์ ประเทศไทย
1128209,อุทยานแห่งชาติภูหมอก,TMD,16.883333,101.449997,เพชรบูรณ์,เพชรบูรณ์,น้ำหนาว,อำเภอ น้ำหนาว,ตำบลหลักด่าน,หลักด่าน,หลักด่าน อำเภอ น้ำหนาว เพชรบูรณ์ ประเทศไทย
1128210,บ้านภูโปด,TMD,16.869444,101.150002,เพชรบูรณ์,เพชรบูรณ์,หล่มเก่า,อำเภอ หล่มเก่า,ตำบลบ้านเนิน,บ้านเนิน,บ้านเนิน อำเภอ หล่มเก่า เพชรบูรณ์ ประเทศไทย
1128211,ร.ร.บ้านป่าแกเครือ,TMD,16.809723,101.336113,เพชรบูรณ์,เพชรบูรณ์,หล่มสัก,อำเภอหล่มสัก,ตำบลบ้านติ้ว,บ้านติ้ว,บ้านติ้ว อำเภอหล่มสัก เพชรบูรณ์ 67110 ประเทศไทย
1128212,ร.ร.บ้านน้ำก้อ,TMD,16.794445,101.19722,เพชรบูรณ์,เพชรบูรณ์,หล่มสัก,อำเภอหล่มสัก,ตำบลน้ำก้อ,น้ำก้อ,น้ำก้อ อำเภอหล่มสัก เพชรบูรณ์ ประเทศไทย
1128213,ร.ร.บ้านเหล่าหญ้า,TMD,16.765278,101.033333,เพชรบูรณ์,เพชรบูรณ์,เขาค้อ,อำเภอเขาค้อ,ตำบลแคมป์สน,แคมป์สน,แคมป์สน อำเภอเขาค้อ เพชรบูรณ์ ประเทศไทย
1128214,หมวดการทางหล่มสักที่ 2 (ทับยาง),TMD,16.744444,101.449997,เพชรบูรณ์,เพชรบูรณ์,หล่มสัก,อำเภอหล่มสัก,ตำบลปากช่อง,ปากช่อง,ปากช่อง อำเภอหล่มสัก เพชรบูรณ์ 67110 ประเทศไทย
1128215,ร.ร.บ้านน้ำดุกเหนือ,TMD,16.719444,101.306946,เพชรบูรณ์,เพชรบูรณ์,หล่มสัก,อำเภอหล่มสัก,ตำบลปากช่อง,ปากช่อง,ปากช่อง อำเภอหล่มสัก เพชรบูรณ์ 67110 ประเทศไทย
1128216,ร.ร.บ้านดงขวาง,TMD,16.700001,101.17778,เพชรบูรณ์,เพชรบูรณ์,หล่มสัก,อำเภอหล่มสัก,ตำบลลานบ่า,ลานบ่า,ลานบ่า อำเภอหล่มสัก เพชรบูรณ์ 67110 ประเทศไทย
1128217,อุทยานแห่งชาติน้ำหนาว,TMD,16.683332,101.550003,เพชรบูรณ์,เพชรบูรณ์,น้ำหนาว,อำเภอ น้ำหนาว,ตำบลน้ำหนาว,น้ำหนาว,น้ำหนาว อำเภอ น้ำหนาว เพชรบูรณ์ 67260 ประเทศไทย
1128218,ร.ร.บ้านปากออก,TMD,16.669445,101.361115,เพชรบูรณ์,เพชรบูรณ์,หล่มสัก,อำเภอหล่มสัก,ตำบลบ้านกลาง,บ้านกลาง,บ้านกลาง อำเภอหล่มสัก เพชรบูรณ์ ประเทศไทย
1128219,ร.ร.บ้านอมกง,TMD,16.6,101.162498,เพชรบูรณ์,เพชรบูรณ์,เมืองเพชรบูรณ์,อำเภอเมืองเพชรบูรณ์,ตำบลท่าพล,ท่าพล,ท่าพล อำเภอเมืองเพชรบูรณ์ เพชรบูรณ์ ประเทศไทย
1128220,ร.ร.บ้านช้างตะลูด,TMD,16.575001,101.308334,เพชรบูรณ์,เพชรบูรณ์,หล่มสัก,อำเภอหล่มสัก,ตำบลช้างตะลูด,ช้างตะลูด,ช้างตะลูด อำเภอหล่มสัก เพชรบูรณ์ ประเทศไทย
1128221,ร.ร.บ้านนางั่ว,TMD,16.520834,101.158333,เพชรบูรณ์,เพชรบูรณ์,เมืองเพชรบูรณ์,อำเภอเมืองเพชรบูรณ์,ตำบลนางั่ว,นางั่ว,นางั่ว อำเภอเมืองเพชรบูรณ์ เพชรบูรณ์ ประเทศไทย
1128222,ร.ร.บ้านห้วยใหญ่,TMD,16.463888,101.30278,เพชรบูรณ์,เพชรบูรณ์,เมืองเพชรบูรณ์,อำเภอเมืองเพชรบูรณ์,ตำบลห้วยใหญ่,ห้วยใหญ่,ห้วยใหญ่ อำเภอเมืองเพชรบูรณ์ เพชรบูรณ์ ประเทศไทย
1128223,ร.ร.บ้านเฉลียงลับ,TMD,16.411112,101.291664,เพชรบูรณ์,เพชรบูรณ์,เมืองเพชรบูรณ์,อำเภอเมืองเพชรบูรณ์,ตำบลนาป่า,นาป่า,นาป่า อำเภอเมืองเพชรบูรณ์ เพชรบูรณ์ 67000 ประเทศไทย
1128224,ร.ร.บ้านโตก,TMD,16.352777,101.102776,เพชรบูรณ์,เพชรบูรณ์,เมืองเพชรบูรณ์,อำเภอเมืองเพชรบูรณ์,ตำบลบ้านโตก,บ้านโตก,บ้านโตก อำเภอเมืองเพชรบูรณ์ เพชรบูรณ์ ประเทศไทย
1128225,ร.ร.ชุมชนบ้านน้ำร้อน,TMD,16.327778,101.186111,เพชรบูรณ์,เพชรบูรณ์,เมืองเพชรบูรณ์,อำเภอเมืองเพชรบูรณ์,ตำบลน้ำร้อน,น้ำร้อน,น้ำร้อน อำเภอเมืองเพชรบูรณ์ เพชรบูรณ์ 67000 ประเทศไทย
1128226,ร.ร.บ้านห้วยไคร้,TMD,16.316668,101.251114,เพชรบูรณ์,เพชรบูรณ์,เมืองเพชรบูรณ์,อำเภอเมืองเพชรบูรณ์,ตำบลตะเบาะ,ตะเบาะ,ตะเบาะ อำเภอเมืองเพชรบูรณ์ เพชรบูรณ์ 67000 ประเทศไทย
1128227,ร.ร.บ้านนายม,TMD,16.256945,101.099998,เพชรบูรณ์,เพชรบูรณ์,เมืองเพชรบูรณ์,อำเภอเมืองเพชรบูรณ์,ตำบลนายม,นายม,นายม อำเภอเมืองเพชรบูรณ์ เพชรบูรณ์ ประเทศไทย
1128228,ศูนย์เพาะชำกล้าไม้ที่ 8 เพชรบูรณ์,TMD,16.23889,101.019447,เพชรบูรณ์,เพชรบูรณ์,เมืองเพชรบูรณ์,อำเภอเมืองเพชรบูรณ์,ตำบลวังชมภู,วังชมภู,วังชมภู อำเภอเมืองเพชรบูรณ์ เพชรบูรณ์ 67210 ประเทศไทย
1128229,ร.ร.บ้านขมวด,TMD,16.213888,101.162498,เพชรบูรณ์,เพชรบูรณ์,เมืองเพชรบูรณ์,อำเภอเมืองเพชรบูรณ์,ตำบลนายม,นายม,นายม อำเภอเมืองเพชรบูรณ์ เพชรบูรณ์ ประเทศไทย
1128230,ร.ร.บ้านห้วยสะแก,TMD,16.174999,101.087502,เพชรบูรณ์,เพชรบูรณ์,เมืองเพชรบูรณ์,อำเภอเมืองเพชรบูรณ์,ตำบลห้วยสะแก,ห้วยสะแก,ห้วยสะแก อำเภอเมืองเพชรบูรณ์ เพชรบูรณ์ ประเทศไทย
1128231,ร.ร.บ้านวังเหว,TMD,16.111111,101.952774,ชัยภูมิ,ชัยภูมิ,เกษตรสมบูรณ์,อำเภอเกษตรสมบูรณ์,ตำบลบ้านเดื่อ,บ้านเดื่อ,บ้านเดื่อ อำเภอเกษตรสมบูรณ์ ชัยภูมิ 36120 ประเทศไทย
1128232,ร.ร.บ้านบ่อไทย,TMD,16.093056,101.218887,เพชรบูรณ์,เพชรบูรณ์,หนองไผ่,อำเภอหนองไผ่,ตำบลบ่อไทย,บ่อไทย,บ่อไทย อำเภอหนองไผ่ เพชรบูรณ์ ประเทศไทย
1128233,หมวดการทางนาเฉลียง,TMD,16.083334,101.055557,เพชรบูรณ์,เพชรบูรณ์,หนองไผ่,อำเภอหนองไผ่,ตำบลยางงาม,ยางงาม,ยางงาม อำเภอหนองไผ่ เพชรบูรณ์ ประเทศไทย
1128234,สำนักงานพัฒนาป่าไม้ที่ พ.ช.6,TMD,16.040277,101.188889,เพชรบูรณ์,เพชรบูรณ์,หนองไผ่,อำเภอหนองไผ่,ตำบลบ่อไทย,บ่อไทย,บ่อไทย อำเภอหนองไผ่ เพชรบูรณ์ ประเทศไทย
1128235,ร.ร.บ้านสันเจริญ,TMD,15.966666,101.280556,เพชรบูรณ์,เพชรบูรณ์,หนองไผ่,อำเภอหนองไผ่,ตำบลท่าด้วง,ท่าด้วง,ท่าด้วง อำเภอหนองไผ่ เพชรบูรณ์ ประเทศไทย
1128236,ร.ร.บ้านเนินคนธา,TMD,15.943055,101.155556,เพชรบูรณ์,เพชรบูรณ์,หนองไผ่,อำเภอหนองไผ่,ตำบลท่าแดง,ท่าแดง,ท่าแดง อำเภอหนองไผ่ เพชรบูรณ์ 67140 ประเทศไทย
1128237,ร.ร.บ้านหนองพลวง,TMD,15.836945,101.119446,เพชรบูรณ์,เพชรบูรณ์,บึงสามพัน,อำเภอบึงสามพัน,ตำบลกันจุ,กันจุ,กันจุ อำเภอบึงสามพัน เพชรบูรณ์ ประเทศไทย
1128238,ร.ร.บ้านเขาสูง,TMD,15.75,101.224998,เพชรบูรณ์,เพชรบูรณ์,วิเชียรบุรี,อำเภอวิเชียรบุรี,ตำบลยางสาว,ยางสาว,ยางสาว อำเภอวิเชียรบุรี เพชรบูรณ์ ประเทศไทย
1128239,ร.ร.บ้านชับตะแบก,TMD,15.733334,101.27639,เพชรบูรณ์,เพชรบูรณ์,วิเชียรบุรี,อำเภอวิเชียรบุรี,ตำบลยางสาว,ยางสาว,ยางสาว อำเภอวิเชียรบุรี เพชรบูรณ์ ประเทศไทย
1128240,อุทัย,TMD,14.383333,100.666664,พระนครศรีอยุธยา,จังหวัดพระนครศรีอยุธยา,อุทัย,อำเภออุทัย,ตำบลอุทัย,อุทัย,อุทัย อำเภออุทัย จังหวัดพระนครศรีอยุธยา 13210 ประเทศไทย
1128241,ร.ร.บ้านโคกวังน้อย,TMD,15.411111,101.222221,เพชรบูรณ์,เพชรบูรณ์,ศรีเทพ,อำเภอศรีเทพ,ตำบลหนองย่างทอย,หนองย่างทอย,หนองย่างทอย อำเภอศรีเทพ เพชรบูรณ์ 67170 ประเทศไทย
1128242,ร.ร.บ้านคลองกระจัง,TMD,15.343056,101.138885,เพชรบูรณ์,เพชรบูรณ์,ศรีเทพ,อำเภอศรีเทพ,ตำบลคลองกระจัง,คลองกระจัง,คลองกระจัง อำเภอศรีเทพ เพชรบูรณ์ ประเทศไทย
1128243,พรานกระต่าย,TMD,16.6,99.633331,กำแพงเพชร,กำแพงเพชร,พรานกระต่าย,อำเภอพรานกระต่าย,ตำบลเขาคีริส,เขาคีริส,เขาคีริส อำเภอพรานกระต่าย กำแพงเพชร ประเทศไทย
1128244,คลองขลุง,TMD,16.166666,99.716667,กำแพงเพชร,กำแพงเพชร,คลองขลุง,อำเภอคลองขลุง,ตำบลคลองขลุง,คลองขลุง,คลองขลุง อำเภอคลองขลุง กำแพงเพชร ประเทศไทย
1128245,ขาณุวรลักษบุรี,TMD,16.016666,99.866669,นครสวรรค์,นครสวรรค์,บรรพตพิสัย,อำเภอบรรพตพิสัย,ตำบลบางแก้ว,บางแก้ว,บางแก้ว อำเภอบรรพตพิสัย นครสวรรค์ ประเทศไทย
1128246,ไทรงาม,TMD,16.35,99.883331,กำแพงเพชร,กำแพงเพชร,ทรายทองวัฒนา,อำเภอ ทรายทองวัฒนา,ตำบลทุ่งทอง,ทุ่งทอง,ทุ่งทอง อำเภอ ทรายทองวัฒนา กำแพงเพชร ประเทศไทย
1128247,นิคมสร้างตนเองทุ่งโพธิ์ทะเล อ.เมือง,TMD,16.466667,99.650002,กำแพงเพชร,กำแพงเพชร,เมืองกำแพงเพชร,อำเภอเมืองกำแพงเพชร,ตำบลเทพนคร,เทพนคร,เทพนคร อำเภอเมืองกำแพงเพชร กำแพงเพชร 62000 ประเทศไทย
1128248,ลานกระบือ,TMD,16.6,99.900002,กำแพงเพชร,กำแพงเพชร,ลานกระบือ,อำเภอ ลานกระบือ,ตำบลช่องลม,ช่องลม,ช่องลม อำเภอ ลานกระบือ กำแพงเพชร ประเทศไทย
1128249,คลองลาน,TMD,16.116667,99.316666,กำแพงเพชร,กำแพงเพชร,คลองลาน,อำเภอคลองลาน,ตำบลคลองลานพัฒนา,คลองลานพัฒนา,คลองลานพัฒนา อำเภอคลองลาน กำแพงเพชร ประเทศไทย
1128250,สถานีทดลองอ้อยกำแพงเพชร,TMD,16.451111,99.501945,กำแพงเพชร,กำแพงเพชร,เมืองกำแพงเพชร,อำเภอเมืองกำแพงเพชร,ตำบลนครชุม,นครชุม,นครชุม อำเภอเมืองกำแพงเพชร กำแพงเพชร 62000 ประเทศไทย
1128251,อ.เมืองพิจิตร,TMD,16.4,100.349998,พิจิตร,พิจิตร,เมืองพิจิตร,อำเภอเมืองพิจิตร,ตำบลท่าหลวง,ท่าหลวง,ท่าหลวง อำเภอเมืองพิจิตร พิจิตร 66000 ประเทศไทย
1128252,บางมูลนาก,TMD,15.983334,100.416664,พิจิตร,พิจิตร,บางมูลนาก,อำเภอ บางมูลนาก,ตำบลวังสำโรง,วังสำโรง,วังสำโรง อำเภอ บางมูลนาก พิจิตร 66120 ประเทศไทย
1128253,โพทะเล,TMD,16.033333,100.26667,พิจิตร,พิจิตร,โพทะเล,อำเภอ โพทะเล,ตำบลบางคลาน,บางคลาน,บางคลาน อำเภอ โพทะเล พิจิตร ประเทศไทย
1128254,โพธิ์ประทับช้าง,TMD,16.216667,100.283333,พิจิตร,พิจิตร,ตะพานหิน,อำเภอ ตะพานหิน,ตำบลทับหมัน,ทับหมัน,ทับหมัน อำเภอ ตะพานหิน พิจิตร ประเทศไทย
1128255,วังทรายพูน,TMD,16.35,100.599998,พิจิตร,พิจิตร,วังทรายพูน,อำเภอ วังทรายพูน,ตำบลหนองพระ,หนองพระ,หนองพระ อำเภอ วังทรายพูน พิจิตร ประเทศไทย
1128256,ตะพานหิน,TMD,16.166666,100.449997,พิจิตร,พิจิตร,ตะพานหิน,อำเภอ ตะพานหิน,ตำบลดงตะขบ,ดงตะขบ,ดงตะขบ อำเภอ ตะพานหิน พิจิตร ประเทศไทย
1128257,ปท.สามง่าม,TMD,16.433332,100.23333,พิจิตร,พิจิตร,เมืองพิจิตร,อำเภอเมืองพิจิตร,ตำบลโรงช้าง,โรงช้าง,โรงช้าง อำเภอเมืองพิจิตร พิจิตร ประเทศไทย
1128258,โรงเรียนเขาทราย  อ.ทับคล้อ,TMD,16.15,100.133331,พิจิตร,พิจิตร,บึงนาราง,อำเภอบึงนาราง,ตำบลโพธิ์ไทรงาม,โพธิ์ไทรงาม,โพธิ์ไทรงาม อำเภอบึงนาราง พิจิตร ประเทศไทย
1128259,สถานีทดลองและขยายพันธ์อ้อยพิจิตร อ.โพทะเล,TMD,16.073334,100.305832,พิจิตร,พิจิตร,โพทะเล,อำเภอ โพทะเล,ตำบลท่าบัว,ท่าบัว,ท่าบัว อำเภอ โพทะเล พิจิตร ประเทศไทย
1128260,ท่าบ่อ,TMD,17.9,102.583336,หนองคาย,หนองคาย,ท่าบ่อ,อำเภอ ท่าบ่อ,ตำบลกองนาง,กองนาง,กองนาง อำเภอ ท่าบ่อ หนองคาย ประเทศไทย
1128261,โพนพิสัย,TMD,17.966667,103.083336,หนองคาย,หนองคาย,โพนพิสัย,อำเภอ โพนพิสัย,ตำบลชุมช้าง,ชุมช้าง,ชุมช้าง อำเภอ โพนพิสัย หนองคาย 43120 ประเทศไทย
1128262,ศรีเชียงใหม่,TMD,17.9,102.566666,หนองคาย,หนองคาย,ท่าบ่อ,อำเภอ ท่าบ่อ,ตำบลกองนาง,กองนาง,กองนาง อำเภอ ท่าบ่อ หนองคาย ประเทศไทย
1128263,เซกา,TMD,17.883333,103.966667,บึงกาฬ,บึงกาฬ,เซกา,อำเภอ เซกา,ตำบลซาง,ซาง,ซาง อำเภอ เซกา บึงกาฬ 38220 ประเทศไทย
1128264,สังคม,TMD,18.016666,102.283333,หนองคาย,หนองคาย,สังคม,อำเภอ สังคม,ตำบลผาตั้ง,ผาตั้ง,ผาตั้ง อำเภอ สังคม หนองคาย 43160 ประเทศไทย
1128265,โซ่พิสัย,TMD,18.1,103.383331,บึงกาฬ,บึงกาฬ,โซ่พิสัย,อำเภอ โซ่พิสัย,ตำบลหนองพันทา,หนองพันทา,หนองพันทา ตำบล หนองพันทา อำเภอ โซ่พิสัย บึงกาฬ 38220 ประเทศไทย
1128266,บึงกาฬ,TMD,18.299999,103.666664,บึงกาฬ,บึงกาฬ,เมืองบึงกาฬ,อำเภอเมืองบึงกาฬ,ตำบลบึงกาฬ,บึงกาฬ,บึงกาฬ อำเภอเมืองบึงกาฬ บึงกาฬ 38000 ประเทศไทย
1128267,นิคมสร้างตนเองโพนพิสัย,TMD,18.25,103.23333,หนองคาย,หนองคาย,รัตนวาปี,อำเภอ รัตนวาปี,ตำบลโพนแพง,โพนแพง,โพนแพง อำเภอ รัตนวาปี หนองคาย ประเทศไทย
1128268,พรเจริญ,TMD,18.033333,103.716667,บึงกาฬ,บึงกาฬ,พรเจริญ,อำเภอ พรเจริญ,ตำบลพรเจริญ,พรเจริญ,พรเจริญ ตำบล พรเจริญ อำเภอ พรเจริญ บึงกาฬ 38220 ประเทศไทย
1128269,สระใคร,TMD,17.671112,102.756668,หนองคาย,หนองคาย,สระใคร,อำเภอ สระใคร,ตำบลสระใคร,สระใคร,สระใคร อำเภอ สระใคร หนองคาย 43100 ประเทศไทย
1128270,วังสะพุง,TMD,17.25,101.800003,เลย,เลย,วังสะพุง,อำเภอวังสะพุง,ตำบลศรีสงคราม,ศรีสงคราม,ศรีสงคราม อำเภอวังสะพุง เลย 42130 ประเทศไทย
1128271,ด่านซ้าย,TMD,17.233334,101.150002,เลย,เลย,ด่านซ้าย,อำเภอด่านซ้าย,ตำบลด่านซ้าย,ด่านซ้าย,ด่านซ้าย อำเภอด่านซ้าย เลย 42120 ประเทศไทย
1128272,เชียงคาน,TMD,17.816668,101.683334,เลย,เลย,เชียงคาน,อำเภอ เชียงคาน,ตำบลนาซ่าว,นาซ่าว,นาซ่าว อำเภอ เชียงคาน เลย 42110 ประเทศไทย
1128273,ท่าลี่,TMD,17.566668,101.449997,เลย,เลย,ท่าลี่,อำเภอ ท่าลี่,ตำบลท่าลี่,ท่าลี่,ท่าลี่ อำเภอ ท่าลี่ เลย 42140 ประเทศไทย
1128274,ภูกระดึง,TMD,16.85,101.883331,เลย,เลย,ภูกระดึง,อำเภอ ภูกระดึง,ตำบลภูกระดึง,ภูกระดึง,ภูกระดึง อำเภอ ภูกระดึง เลย ประเทศไทย
1128275,ภูเรือ,TMD,17.4,101.366669,เลย,เลย,ภูเรือ,อำเภอ ภูเรือ,ตำบลปลาบ่า,ปลาบ่า,ปลาบ่า อำเภอ ภูเรือ เลย ประเทศไทย
1128276,นาแห้ว,TMD,17.450001,101.083336,เลย,เลย,นาแห้ว,อำเภอ นาแห้ว,ตำบลนาพึง,นาพึง,นาพึง อำเภอ นาแห้ว เลย ประเทศไทย
1128277,ปากชม,TMD,17.950001,101.916664,เลย,เลย,ปากชม,อำเภอ ปากชม,ตำบลปากชม,ปากชม,ปากชม อำเภอ ปากชม เลย 42150 ประเทศไทย
1128278,นาด้วง,TMD,17.483334,101.916664,เลย,เลย,นาด้วง,อำเภอ นาด้วง,ตำบลท่าสะอาด,ท่าสะอาด,ท่าสะอาด อำเภอ นาด้วง เลย 42210 ประเทศไทย
1128279,ภูหลวง,TMD,17.116667,101.916664,เลย,เลย,ผาขาว,อำเภอ ผาขาว,ตำบลบ้านเพิ่ม,บ้านเพิ่ม,บ้านเพิ่ม อำเภอ ผาขาว เลย ประเทศไทย
1128280,อุทยานแห่งชาติภูกระดึง,TMD,16.883333,101.783333,เลย,เลย,ภูกระดึง,อำเภอ ภูกระดึง,ตำบลศรีฐาน,ศรีฐาน,ศรีฐาน ตำบล ศรีฐาน อำเภอ ภูกระดึง เลย 42180 ประเทศไทย
1128281,อุทยานแห่งชาติภูเรือ,TMD,17.450001,101.333336,เลย,เลย,ภูเรือ,อำเภอ ภูเรือ,ตำบลหนองบัว,หนองบัว,หนองบัว อำเภอ ภูเรือ เลย 42160 ประเทศไทย
1128282,อ.ผาขาว,TMD,17.033333,101.98333,เลย,เลย,ผาขาว,อำเภอ ผาขาว,ตำบลผาขาว,ผาขาว,ผาขาว อำเภอ ผาขาว เลย ประเทศไทย
1128283,ร.ร.ตชด.นานกปีก อ.ปากชม,TMD,17.799999,101.949997,เลย,เลย,ปากชม,อำเภอ ปากชม,ตำบลเชียงกลม,เชียงกลม,เชียงกลม อำเภอ ปากชม เลย 42150 ประเทศไทย
1128284,เขตรักษาพันธุ์สัตว์ป่าภูหลวง อ.ภูเรือ,TMD,17.283333,101.51667,เลย,เลย,ภูเรือ,อำเภอ ภูเรือ,ตำบลท่าศาลา,ท่าศาลา,ท่าศาลา อำเภอ ภูเรือ เลย ประเทศไทย
1128285,ร.ร.บ้านห้วยลาด,TMD,17.223612,101.236115,เลย,เลย,ด่านซ้าย,อำเภอด่านซ้าย,ตำบลอิปุ่ม,อิปุ่ม,อิปุ่ม อำเภอด่านซ้าย เลย ประเทศไทย
1128286,ร.ร.บ้านวังยาว,TMD,17.211111,101.333336,เลย,เลย,ด่านซ้าย,อำเภอด่านซ้าย,ตำบลวังยาว,วังยาว,วังยาว อำเภอด่านซ้าย เลย ประเทศไทย
1128287,ร.ร.บ้านโป่งชี,TMD,17.202778,101.163887,เลย,เลย,ด่านซ้าย,อำเภอด่านซ้าย,ตำบลโป่ง,โป่ง,โป่ง อำเภอด่านซ้าย เลย ประเทศไทย
1128288,ร.ร.บ้านทุ่งน้ำใส,TMD,17.166666,101.199997,เลย,เลย,ด่านซ้าย,อำเภอด่านซ้าย,ตำบลโป่ง,โป่ง,โป่ง อำเภอด่านซ้าย เลย ประเทศไทย
1128289,ร.ร.บ้านทับกี่,TMD,17.147223,101.244446,เลย,เลย,ด่านซ้าย,อำเภอด่านซ้าย,ตำบลอิปุ่ม,อิปุ่ม,อิปุ่ม อำเภอด่านซ้าย เลย ประเทศไทย
1128290,ร.ร.บ้านวังบอน,TMD,17.11389,101.277779,เลย,เลย,ด่านซ้าย,อำเภอด่านซ้าย,ตำบลอิปุ่ม,อิปุ่ม,อิปุ่ม อำเภอด่านซ้าย เลย ประเทศไทย
1128291,ร.ร.บ้านทุ่งเทิง,TMD,17.095833,101.188889,เลย,เลย,ด่านซ้าย,อำเภอด่านซ้าย,ตำบลโป่ง,โป่ง,โป่ง อำเภอด่านซ้าย เลย ประเทศไทย
1128292,ร.ร.จุฬาภรณ์ราชวิทยาลัย,TMD,17.708055,101.715836,เลย,เลย,เชียงคาน,อำเภอ เชียงคาน,ตำบลธาตุ,ธาตุ,ธาตุ อำเภอ เชียงคาน เลย 42110 ประเทศไทย
1128293,เพ็ญ,TMD,17.65,102.916664,อุดรธานี,อุดรธานี,เพ็ญ,อำเภอ เพ็ญ,ตำบลเพ็ญ,เพ็ญ,เพ็ญ อำเภอ เพ็ญ อุดรธานี 41150 ประเทศไทย
1128294,กุมภวาปี,TMD,17.049999,103.01667,อุดรธานี,อุดรธานี,กุมภวาปี,อำเภอกุมภวาปี,ตำบลหนองหว้า,หนองหว้า,หนองหว้า อำเภอกุมภวาปี อุดรธานี ประเทศไทย
1128295,หนองหาน,TMD,17.316668,103.133331,อุดรธานี,อุดรธานี,หนองหาน,อำเภอหนองหาน,ตำบลหนองไผ่,หนองไผ่,หนองไผ่ อำเภอหนองหาน อุดรธานี 41130 ประเทศไทย
1128296,บ้านดุง,TMD,17.698055,103.261665,อุดรธานี,อุดรธานี,บ้านดุง,อำเภอ บ้านดุง,ตำบลศรีสุทโธ,ศรีสุทโธ,ศรีสุทโธ อำเภอ บ้านดุง อุดรธานี 41190 ประเทศไทย
1128297,หนองวัวซอ,TMD,17.216667,102.616669,อุดรธานี,อุดรธานี,หนองวัวซอ,อำเภอ หนองวัวซอ,ตำบลหมากหญ้า,หมากหญ้า,หมากหญ้า อำเภอ หนองวัวซอ อุดรธานี ประเทศไทย
1128298,น้ำโสม,TMD,17.716667,102.216667,อุดรธานี,อุดรธานี,น้ำโสม,อำเภอ น้ำโสม,ตำบลนางัว,นางัว,นางัว อำเภอ น้ำโสม อุดรธานี 41210 ประเทศไทย
1128299,บ้านผือ,TMD,17.616667,102.466667,อุดรธานี,อุดรธานี,บ้านผือ,อำเภอบ้านผือ,ตำบลโนนทอง,โนนทอง,โนนทอง อำเภอบ้านผือ อุดรธานี 41160 ประเทศไทย
1128300,สร้างคอม,TMD,18.016666,102.26667,หนองคาย,หนองคาย,สังคม,อำเภอ สังคม,ตำบลผาตั้ง,ผาตั้ง,ผาตั้ง อำเภอ สังคม หนองคาย 43160 ประเทศไทย
1128301,นิคมสร้างตนเองเชียงพิณ อ.เมือง,TMD,17.35,102.666664,อุดรธานี,อุดรธานี,เมืองอุดรธานี,อำเภอเมืองอุดรธานี,ตำบลนิคมสงเคราะห์,นิคมสงเคราะห์,นิคมสงเคราะห์ อำเภอเมืองอุดรธานี อุดรธานี 41000 ประเทศไทย
1128302,นิคมสร้างตนเองห้วยหลวง อ.กุดจับ,TMD,17.433332,102.533333,อุดรธานี,อุดรธานี,กุดจับ,อำเภอ กุดจับ,ตำบลเมืองเพีย,เมืองเพีย,เมืองเพีย อำเภอ กุดจับ อุดรธานี ประเทศไทย
1128303,ศรีธาตุ,TMD,16.966667,103.23333,อุดรธานี,อุดรธานี,ศรีธาตุ,อำเภอ ศรีธาตุ,ตำบลศรีธาตุ,ศรีธาตุ,ศรีธาตุ อำเภอ ศรีธาตุ อุดรธานี 41230 ประเทศไทย
1128304,ไชยวาน,TMD,17.299999,103.25,อุดรธานี,อุดรธานี,ไชยวาน,อำเภอ ไชยวาน,ตำบลไชยวาน,ไชยวาน,ไชยวาน อำเภอ ไชยวาน อุดรธานี ประเทศไทย
1128305,ศูยน์เกษตรอ้อยฯ อ.กุมภวาปี,TMD,17.057777,102.918335,อุดรธานี,อุดรธานี,กุมภวาปี,อำเภอกุมภวาปี,ตำบลปะโค,ปะโค,ปะโค อำเภอกุมภวาปี อุดรธานี ประเทศไทย
1128306,นายูง,TMD,17.931667,102.210281,อุดรธานี,อุดรธานี,นายูง,อำเภอ นายูง,ตำบลนายูง,นายูง,นายูง อำเภอ นายูง อุดรธานี 41380 ประเทศไทย
1128307,พรรณานิคม,TMD,17.316668,103.866669,สกลนคร,สกลนคร,พรรณานิคม,อำเภอ พรรณานิคม,ตำบลไร่,ไร่,ไร่ อำเภอ พรรณานิคม สกลนคร ประเทศไทย
1128308,วานรนิวาส,TMD,17.65,103.76667,สกลนคร,สกลนคร,วานรนิวาส,อำเภอวานรนิวาส,ตำบลวานรนิวาส,วานรนิวาส,วานรนิวาส อำเภอวานรนิวาส สกลนคร 47120 ประเทศไทย
1128309,อากาศอำนวย,TMD,17.549999,104,สกลนคร,สกลนคร,อากาศอำนวย,อำเภอ อากาศอำนวย,ตำบลอากาศ,อากาศ,อากาศ อำเภอ อากาศอำนวย สกลนคร ประเทศไทย
1128310,กุสุมาลย์,TMD,17.283333,104.333336,สกลนคร,สกลนคร,กุสุมาลย์,อำเภอ กุสุมาลย์,ตำบลกุสุมาลย์,กุสุมาลย์,กุสุมาลย์ อำเภอ กุสุมาลย์ สกลนคร ประเทศไทย
1128311,บ้านม่วง,TMD,17.799999,103.583336,สกลนคร,สกลนคร,วานรนิวาส,อำเภอวานรนิวาส,ตำบลอินทร์แปลง,อินทร์แปลง,อินทร์แปลง อำเภอวานรนิวาส สกลนคร 47120 ประเทศไทย
1128312,พังโคน,TMD,17.383333,103.73333,สกลนคร,สกลนคร,พังโคน,อำเภอ พังโคน,ตำบลแร่,แร่,แร่ อำเภอ พังโคน สกลนคร ประเทศไทย
1128313,กุดบาก,TMD,17.083334,103.816666,สกลนคร,สกลนคร,กุดบาก,อำเภอ กุดบาก,ตำบลกุดบาก,กุดบาก,กุดบาก อำเภอ กุดบาก สกลนคร ประเทศไทย
1128314,โคกศรีสุพรรณ,TMD,17.016666,104.349998,สกลนคร,สกลนคร,โคกศรีสุพรรณ,อำเภอ โคกศรีสุพรรณ,ตำบลเหล่าโพนค้อ,เหล่าโพนค้อ,เหล่าโพนค้อ อำเภอ โคกศรีสุพรรณ สกลนคร 47280 ประเทศไทย
1128315,เจริญศิลป์,TMD,17.65,103.050003,อุดรธานี,อุดรธานี,เพ็ญ,อำเภอ เพ็ญ,ตำบลเตาไห,เตาไห,เตาไห อำเภอ เพ็ญ อุดรธานี 41150 ประเทศไทย
1128316,คำตากล้า,TMD,17.883333,103.800003,บึงกาฬ,บึงกาฬ,เซกา,อำเภอ เซกา,ตำบลท่ากกแดง,ท่ากกแดง,ท่ากกแดง อำเภอ เซกา บึงกาฬ 38220 ประเทศไทย
1128317,โพนนาแก้ว,TMD,17.15,103.333336,อุดรธานี,อุดรธานี,ศรีธาตุ,อำเภอ ศรีธาตุ,ตำบลหัวนาคำ,หัวนาคำ,หัวนาคำ อำเภอ ศรีธาตุ อุดรธานี ประเทศไทย
1128318,ศูนย์ๆด้านป่าไม้ที่ 3 อ.ภูพาน,TMD,17,101.966667,เลย,เลย,ผาขาว,อำเภอ ผาขาว,ตำบลผาขาว,ผาขาว,ผาขาว อำเภอ ผาขาว เลย ประเทศไทย
1128320,ท่าอุเทน,TMD,17.516666,104.599998,นครพนม,นครพนม,ท่าอุเทน,อำเภอ ท่าอุเทน,ตำบลโนนตาล,โนนตาล,โนนตาล อำเภอ ท่าอุเทน นครพนม ประเทศไทย
1128321,เรณูนคร,TMD,17.016666,104.699997,นครพนม,นครพนม,เรณูนคร,อำเภอ เรณูนคร,ตำบลหนองย่างชิ้น,หนองย่างชิ้น,หนองย่างชิ้น อำเภอ เรณูนคร นครพนม ประเทศไทย
1128322,ศรีสงคราม,TMD,17.616667,104.300003,นครพนม,นครพนม,ศรีสงคราม,อำเภอ ศรีสงคราม,ตำบลศรีสงคราม,ศรีสงคราม,ศรีสงคราม อำเภอ ศรีสงคราม นครพนม 48150 ประเทศไทย
1128323,บ้านแพง,TMD,17.933332,104.216667,นครพนม,นครพนม,บ้านแพง,อำเภอ บ้านแพง,ตำบลนางัว,นางัว,นางัว อำเภอ บ้านแพง นครพนม 48140 ประเทศไทย
1128324,ปท.นาแก,TMD,16.933332,104.5,นครพนม,นครพนม,นาแก,อำเภอ นาแก,ตำบลนาแก,นาแก,นาแก อำเภอ นาแก นครพนม ประเทศไทย
1128325,สถานีทดลองพืชสวนนครพนม อ.เมือง,TMD,17.433332,104.76667,นครพนม,นครพนม,เมืองนครพนม,อำเภอเมืองนครพนม,ตำบลหนองแสง,หนองแสง,หนองแสง อำเภอเมืองนครพนม นครพนม ประเทศไทย
1128326,นากลาง,TMD,17.25,102.199997,หนองบัวลำภู,หนองบัวลำภู,นากลาง,อำเภอ นากลาง,ตำบลฝั่งแดง,ฝั่งแดง,ฝั่งแดง อำเภอ นากลาง หนองบัวลำภู 39170 ประเทศไทย
1128327,ศรีบุญเรือง,TMD,16.916666,102.300003,หนองบัวลำภู,หนองบัวลำภู,ศรีบุญเรือง,อำเภอ ศรีบุญเรือง,ตำบลศรีบุญเรือง,ศรีบุญเรือง,ศรีบุญเรือง อำเภอ ศรีบุญเรือง หนองบัวลำภู 39180 ประเทศไทย
1128328,สุวรรณคูหา,TMD,17.516666,102.283333,หนองบัวลำภู,หนองบัวลำภู,สุวรรณคูหา,อำเภอ สุวรรณคูหา,ตำบลนาดี,นาดี,นาดี อำเภอ สุวรรณคูหา หนองบัวลำภู ประเทศไทย
1128329,โนนสัง,TMD,16.816668,102.583336,หนองบัวลำภู,หนองบัวลำภู,โนนสัง,อำเภอ โนนสัง,ตำบลโคกใหญ่,โคกใหญ่,โคกใหญ่ อำเภอ โนนสัง หนองบัวลำภู 39140 ประเทศไทย
1128330,นิคมสร้างตนเองโนนสัง อ.โนนสัง,TMD,16.916666,102.533333,หนองบัวลำภู,หนองบัวลำภู,โนนสัง,อำเภอ โนนสัง,ตำบลนิคมพัฒนา,นิคมพัฒนา,นิคมพัฒนา อำเภอ โนนสัง หนองบัวลำภู 39140 ประเทศไทย
1128331,ชนบท,TMD,16.033333,102.650002,ขอนแก่น,ขอนแก่น,โนนศิลา,อำเภอโนนศิลา,ตำบลเปือยใหญ่,เปือยใหญ่,เปือยใหญ่ อำเภอโนนศิลา ขอนแก่น 40110 ประเทศไทย
1128332,พล,TMD,15.783334,102.616669,ขอนแก่น,ขอนแก่น,พล,อำเภอพล,ตำบลเมืองพล,เมืองพล,เมืองพล อำเภอพล ขอนแก่น ประเทศไทย
1128333,ชุมแพ,TMD,16.483334,102.116669,ชัยภูมิ,ชัยภูมิ,ภูเขียว,อำเภอ ภูเขียว,ตำบลโคกสะอาด,โคกสะอาด,โคกสะอาด อำเภอ ภูเขียว ชัยภูมิ ประเทศไทย
1128334,กระนวน,TMD,16.666666,103.083336,ขอนแก่น,ขอนแก่น,กระนวน,อำเภอ กระนวน,ตำบลหนองกุงใหญ่,หนองกุงใหญ่,หนองกุงใหญ่ อำเภอ กระนวน ขอนแก่น 40170 ประเทศไทย
1128335,มัญจาคีรี,TMD,16.083334,102.550003,ขอนแก่น,ขอนแก่น,ชนบท,อำเภอ ชนบท,ตำบลโนนพะยอม,โนนพะยอม,โนนพะยอม อำเภอ ชนบท ขอนแก่น 40180 ประเทศไทย
1128336,บ้านไผ่,TMD,16.016666,102.73333,ขอนแก่น,ขอนแก่น,บ้านไผ่,อำเภอบ้านไผ่,ตำบลหนองน้ำใส,หนองน้ำใส,หนองน้ำใส อำเภอบ้านไผ่ ขอนแก่น 40110 ประเทศไทย
1128337,สีชมพู,TMD,16.783333,102.199997,ขอนแก่น,ขอนแก่น,สีชมพู,อำเภอ สีชมพู,ตำบลศรีสุข,ศรีสุข,ศรีสุข อำเภอ สีชมพู ขอนแก่น 40220 ประเทศไทย
1128338,ภูเวียง,TMD,16.616667,102.400002,ขอนแก่น,ขอนแก่น,ภูเวียง,อำเภอ ภูเวียง,ตำบลสงเปือย,สงเปือย,สงเปือย อำเภอ ภูเวียง ขอนแก่น 40150 ประเทศไทย
1128339,หนองสองห้อง,TMD,15.716666,102.816666,ขอนแก่น,ขอนแก่น,หนองสองห้อง,อำเภอ หนองสองห้อง,ตำบลตะกั่วป่า,ตะกั่วป่า,ตะกั่วป่า อำเภอ หนองสองห้อง ขอนแก่น ประเทศไทย
1128340,น้ำพอง,TMD,16.666666,102.883331,ขอนแก่น,ขอนแก่น,น้ำพอง,อำเภอน้ำพอง,ตำบลทรายมูล,ทรายมูล,ทรายมูล อำเภอน้ำพอง ขอนแก่น 40140 ประเทศไทย
1128341,อุบลรัตน์,TMD,16.716667,102.616669,ขอนแก่น,ขอนแก่น,อุบลรัตน์,อำเภอ อุบลรัตน์,ตำบลเขื่อนอุบลรัตน์,เขื่อนอุบลรัตน์,เขื่อนอุบลรัตน์ อำเภอ อุบลรัตน์ ขอนแก่น ประเทศไทย
1128342,บ้านฝาง,TMD,16.450001,102.616669,ขอนแก่น,ขอนแก่น,บ้านฝาง,อำเภอ บ้านฝาง,ตำบลบ้านฝาง,บ้านฝาง,บ้านฝาง อำเภอ บ้านฝาง ขอนแก่น 40270 ประเทศไทย
1128343,เปือยน้อย,TMD,15.883333,102.916664,มหาสารคาม,มหาสารคาม,นาเชือก,อำเภอ นาเชือก,ตำบลหนองแดง,หนองแดง,หนองแดง อำเภอ นาเชือก มหาสารคาม ประเทศไทย
1128344,แวงใหญ่,TMD,15.783334,102.550003,ขอนแก่น,ขอนแก่น,พล,อำเภอพล,ตำบลลอมคอม,ลอมคอม,ลอมคอม อำเภอพล ขอนแก่น ประเทศไทย
1128345,สถานีทดลองข้าวขอนแก่น,TMD,16.433332,102.800003,ขอนแก่น,ขอนแก่น,เมืองขอนแก่น,อำเภอเมืองขอนแก่น,ตำบลบ้านเป็ด,บ้านเป็ด,บ้านเป็ด อำเภอเมืองขอนแก่น ขอนแก่น 40000 ประเทศไทย
1128346,ศูนย์วิจัยพืชไร่ขอนแก่น,TMD,16.483334,102.833336,ขอนแก่น,ขอนแก่น,เมืองขอนแก่น,อำเภอเมืองขอนแก่น,ตำบลศิลา,ศิลา,ศิลา ตำบล ศิลา อำเภอเมืองขอนแก่น ขอนแก่น 40000 ประเทศไทย
1128347,นิคมสร้างตนเองเขื่อนอุบลรัตน์,TMD,16.683332,102.699997,ขอนแก่น,ขอนแก่น,อุบลรัตน์,อำเภอ อุบลรัตน์,ตำบลโคกสูง,โคกสูง,โคกสูง อำเภอ อุบลรัตน์ ขอนแก่น ประเทศไทย
1128348,พระยืน,TMD,16.331667,102.658333,ขอนแก่น,ขอนแก่น,พระยืน,อำเภอ พระยืน,ตำบลขามป้อม,ขามป้อม,ขามป้อม อำเภอ พระยืน ขอนแก่น ประเทศไทย
1128349,คำชะอี,TMD,16.566668,104.416664,มุกดาหาร,มุกดาหาร,คำชะอี,อำเภอ คำชะอี,ตำบลน้ำเที่ยง,น้ำเที่ยง,น้ำเที่ยง อำเภอ คำชะอี มุกดาหาร 49110 ประเทศไทย
1128350,สถานีทดลองหม่อนไหมมุกดาหาร,TMD,16.533333,104.666664,มุกดาหาร,มุกดาหาร,เมืองมุกดาหาร,อำเภอเมืองมุกดาหาร,ตำบลคำอาฮวน,คำอาฮวน,คำอาฮวน อำเภอเมืองมุกดาหาร มุกดาหาร 49000 ประเทศไทย
1128351,นิคมสร้างตนเองคำสร้อย อ.นิคมคำสร้อย,TMD,16.366667,104.550003,มุกดาหาร,มุกดาหาร,นิคมคำสร้อย,อำเภอ นิคมคำสร้อย,ตำบลนิคมคำสร้อย,นิคมคำสร้อย,นิคมคำสร้อย อำเภอ นิคมคำสร้อย มุกดาหาร 49130 ประเทศไทย
1128352,ดงหลวง,TMD,16.716667,104.75,มุกดาหาร,มุกดาหาร,หว้านใหญ่,อำเภอ หว้านใหญ่,ตำบลหว้านใหญ่,หว้านใหญ่,หว้านใหญ่ อำเภอ หว้านใหญ่ มุกดาหาร ประเทศไทย
1128353,หว้านใหญ่,TMD,16.728889,104.740555,มุกดาหาร,มุกดาหาร,หว้านใหญ่,อำเภอ หว้านใหญ่,ตำบลหว้านใหญ่,หว้านใหญ่,หว้านใหญ่ อำเภอ หว้านใหญ่ มุกดาหาร ประเทศไทย
1128354,หนองสูง,TMD,16.383333,104.366669,มุกดาหาร,มุกดาหาร,หนองสูง,อำเภอ หนองสูง,ตำบลหนองสูงใต้,หนองสูงใต้,หนองสูงใต้ อำเภอ หนองสูง มุกดาหาร ประเทศไทย
1128355,ดอนตาล,TMD,16.311388,104.924446,มุกดาหาร,มุกดาหาร,ดอนตาล,อำเภอ ดอนตาล,ตำบลดอนตาล,ดอนตาล,ดอนตาล อำเภอ ดอนตาล มุกดาหาร ประเทศไทย
1128356,อ.เมือง มหาสารคาม,TMD,16.166666,103.300003,มหาสารคาม,มหาสารคาม,เมืองมหาสารคาม,อำเภอเมืองมหาสารคาม,ตำบลแวงน่าง,แวงน่าง,แวงน่าง อำเภอเมืองมหาสารคาม มหาสารคาม 44000 ประเทศไทย
1128357,บรบือ,TMD,16,103.133331,มหาสารคาม,มหาสารคาม,บรบือ,อำเภอ บรบือ,ตำบลหนองจิก,หนองจิก,หนองจิก อำเภอ บรบือ มหาสารคาม 44130 ประเทศไทย
1128358,กันทรวิชัย,TMD,16.283333,103.316666,มหาสารคาม,มหาสารคาม,กันทรวิชัย,อำเภอกันทรวิชัย,ตำบลขามเฒ่าพัฒนา,ขามเฒ่าพัฒนา,ขามเฒ่าพัฒนา อำเภอกันทรวิชัย มหาสารคาม 44150 ประเทศไทย
1128359,นาเชือก,TMD,15.75,103.050003,มหาสารคาม,มหาสารคาม,นาเชือก,อำเภอ นาเชือก,ตำบลนาเชือก,นาเชือก,นาเชือก อำเภอ นาเชือก มหาสารคาม 44170 ประเทศไทย
1128360,วาปีปทุม,TMD,15.8,103.383331,มหาสารคาม,มหาสารคาม,วาปีปทุม,อำเภอ วาปีปทุม,ตำบลหนองแสง,หนองแสง,หนองแสง อำเภอ วาปีปทุม มหาสารคาม 44120 ประเทศไทย
1128361,เชียงยืน,TMD,16.383333,103.116669,มหาสารคาม,มหาสารคาม,เชียงยืน,อำเภอเชียงยืน,ตำบลโพนทอง,โพนทอง,โพนทอง อำเภอเชียงยืน มหาสารคาม ประเทศไทย
1128362,นาดูน,TMD,15.766666,103.25,มหาสารคาม,มหาสารคาม,นาดูน,อำเภอ นาดูน,ตำบลดงยาง,ดงยาง,ดงยาง อำเภอ นาดูน มหาสารคาม ประเทศไทย
1128363,พยัคฆภูมิพิสัย,TMD,15.483334,103.199997,มหาสารคาม,มหาสารคาม,พยัคฆภูมิพิสัย,อำเภอ พยัคฆภูมิพิสัย,ตำบลเมืองเสือ,เมืองเสือ,เมืองเสือ อำเภอ พยัคฆภูมิพิสัย มหาสารคาม 44110 ประเทศไทย
1128364,โรงเรียนวาปีปทุม,TMD,15.833333,103.383331,มหาสารคาม,มหาสารคาม,วาปีปทุม,อำเภอ วาปีปทุม,ตำบลหนองแสง,หนองแสง,หนองแสง อำเภอ วาปีปทุม มหาสารคาม 44120 ประเทศไทย
1128365,อ.แกดำ,TMD,16.033333,103.400002,มหาสารคาม,มหาสารคาม,แกดำ,อำเภอ แกดำ,ตำบลแกดำ,แกดำ,แกดำ อำเภอ แกดำ มหาสารคาม 44190 ประเทศไทย
1128366,อ.เมือง กาฬสินธุ์,TMD,16.416666,103.51667,กาฬสินธุ์,กาฬสินธุ์,เมืองกาฬสินธุ์,อำเภอเมืองกาฬสินธุ์,ตำบลกาฬสินธุ์,กาฬสินธุ์,กาฬสินธุ์ อำเภอเมืองกาฬสินธุ์ กาฬสินธุ์ 46000 ประเทศไทย
1128367,กุฉินารายณ์,TMD,16.5,104.050003,กาฬสินธุ์,กาฬสินธุ์,กุฉินารายณ์,อำเภอ กุฉินารายณ์,ตำบลบัวขาว,บัวขาว,บัวขาว อำเภอ กุฉินารายณ์ กาฬสินธุ์ 46110 ประเทศไทย
1128368,ยางตลาด,TMD,16.366667,103.366669,กาฬสินธุ์,กาฬสินธุ์,ยางตลาด,อำเภอยางตลาด,ตำบลหนองอิเฒ่า,หนองอิเฒ่า,หนองอิเฒ่า อำเภอยางตลาด กาฬสินธุ์ ประเทศไทย
1128369,สหัสขันธ์,TMD,16.683332,103.533333,กาฬสินธุ์,กาฬสินธุ์,สหัสขันธ์,อำเภอ สหัสขันธ์,ตำบลโนนน้ำเกลี้ยง,โนนน้ำเกลี้ยง,โนนน้ำเกลี้ยง อำเภอ สหัสขันธ์ กาฬสินธุ์ 46140 ประเทศไทย
1128370,สมเด็จ,TMD,16.666666,103.75,กาฬสินธุ์,กาฬสินธุ์,นามน,อำเภอ นามน,ตำบลยอดแกง,ยอดแกง,ยอดแกง อำเภอ นามน กาฬสินธุ์ ประเทศไทย
1128371,ท่าคันโท,TMD,16.883333,103.23333,กาฬสินธุ์,กาฬสินธุ์,ท่าคันโท,อำเภอ ท่าคันโท,ตำบลท่าคันโท,ท่าคันโท,ท่าคันโท อำเภอ ท่าคันโท กาฬสินธุ์ ประเทศไทย
1128372,สถานีทดลองพืชไร่กาฬสินธุ์ อ.ยางตลาด,TMD,16.4,103.383331,กาฬสินธุ์,กาฬสินธุ์,ยางตลาด,อำเภอยางตลาด,ตำบลยางตลาด,ยางตลาด,ยางตลาด อำเภอยางตลาด กาฬสินธุ์ 46120 ประเทศไทย
1128373,นิคมสร้างตนเองกุฉินารายณ์ อ.ห้วยผึ้ง,TMD,16.65,103.900002,กาฬสินธุ์,กาฬสินธุ์,ห้วยผึ้ง,อำเภอ ห้วยผึ้ง,ตำบลนิคมห้วยผึ้ง,นิคมห้วยผึ้ง,นิคมห้วยผึ้ง อำเภอ ห้วยผึ้ง กาฬสินธุ์ 46240 ประเทศไทย
1128374,นามน,TMD,16.566668,103.800003,กาฬสินธุ์,กาฬสินธุ์,นามน,อำเภอ นามน,ตำบลนามน,นามน,นามน อำเภอ นามน กาฬสินธุ์ ประเทศไทย
1128375,ร่องคำ,TMD,16.299999,103.716667,กาฬสินธุ์,กาฬสินธุ์,ร่องคำ,อำเภอ ร่องคำ,ตำบลสามัคคี,สามัคคี,สามัคคี อำเภอ ร่องคำ กาฬสินธุ์ 46210 ประเทศไทย
1128376,ศูนย์พัฒนานิคมๆ อ.เมือง,TMD,16.633333,103.51667,กาฬสินธุ์,กาฬสินธุ์,เมืองกาฬสินธุ์,อำเภอเมืองกาฬสินธุ์,ตำบลภูดิน,ภูดิน,ภูดิน อำเภอเมืองกาฬสินธุ์ กาฬสินธุ์ 46000 ประเทศไทย
1128377,จัตุรัส,TMD,15.516666,101.849998,ชัยภูมิ,ชัยภูมิ,จัตุรัส,อำเภอจัตุรัส,ตำบลกุดน้ำใส,กุดน้ำใส,กุดน้ำใส อำเภอจัตุรัส ชัยภูมิ 36130 ประเทศไทย
1128378,เขตรักษาพันธุ์สัตว์ป่าภูเขียว(ทุ่งกระมัง),TMD,16.383333,101.566666,ชัยภูมิ,ชัยภูมิ,คอนสาร,อำเภอคอนสาร,ตำบลทุ่งลุยลาย,ทุ่งลุยลาย,ทุ่งลุยลาย อำเภอคอนสาร ชัยภูมิ ประเทศไทย
1128379,หนองบัวระเหว,TMD,15.816667,101.73333,ชัยภูมิ,ชัยภูมิ,หนองบัวระเหว,อำเภอ หนองบัวระเหว,ตำบลห้วยแย้,ห้วยแย้,ห้วยแย้ อำเภอ หนองบัวระเหว ชัยภูมิ ประเทศไทย
1128380,ศูนย์ศึกษาธรรมชาติและสัตว์ป่าห้วยกุ่ม อ.เกษตรสมบูรณ์,TMD,16.383333,101.76667,ชัยภูมิ,ชัยภูมิ,เกษตรสมบูรณ์,อำเภอเกษตรสมบูรณ์,ตำบลโนนทอง,โนนทอง,โนนทอง อำเภอเกษตรสมบูรณ์ ชัยภูมิ 36120 ประเทศไทย
1128381,วนอุทยานแห่งชาติป่าหินงาม,TMD,15.65,101.383331,ลพบุรี,ลพบุรี,ลำสนธิ,อำเภอ ลำสนธิ,ตำบลกุดตาเพชร,กุดตาเพชร,กุดตาเพชร ตำบล กุดตาเพชร อำเภอ ลำสนธิ ลพบุรี ประเทศไทย
1128382,สน.ทดลองและขยายพันธุ์อ้อย อ.คอบสาร,TMD,16.6,102,ขอนแก่น,ขอนแก่น,ชุมแพ,อำเภอชุมแพ,ตำบลโนนหัน,โนนหัน,โนนหัน อำเภอชุมแพ ขอนแก่น ประเทศไทย
1128383,เทพสถิตย์,TMD,15.4,101.349998,ลพบุรี,ลพบุรี,ลำสนธิ,อำเภอ ลำสนธิ,ตำบลกุดตาเพชร,กุดตาเพชร,กุดตาเพชร ตำบล กุดตาเพชร อำเภอ ลำสนธิ ลพบุรี ประเทศไทย
1128384,พนา,TMD,15.7,104.883331,อำนาจเจริญ,อำนาจเจริญ,พนา,อำเภอ พนา,ตำบลพนา,พนา,พนา อำเภอ พนา อำนาจเจริญ 37180 ประเทศไทย
1128385,หัวตะพาน,TMD,15.683333,104.48333,อำนาจเจริญ,อำนาจเจริญ,หัวตะพาน,อำเภอ หัวตะพาน,ตำบลสร้างถ่อน้อย,สร้างถ่อน้อย,สร้างถ่อน้อย อำเภอ หัวตะพาน อำนาจเจริญ 37240 ประเทศไทย
1128386,ชานุมาน,TMD,16.033333,105.01667,อุบลราชธานี,อุบลราชธานี,เขมราฐ,อำเภอ เขมราฐ,ตำบลหนองสิม,หนองสิม,หนองสิม อำเภอ เขมราฐ อุบลราชธานี 34170 ประเทศไทย
1128387,เสลภูมิ,TMD,16.016666,103.966667,ร้อยเอ็ด,ร้อยเอ็ด,เสลภูมิ,อำเภอเสลภูมิ,ตำบลขวัญเมือง,ขวัญเมือง,ขวัญเมือง อำเภอเสลภูมิ ร้อยเอ็ด 45120 ประเทศไทย
1128388,สุวรรณภูมิ,TMD,15.583333,103.833336,ร้อยเอ็ด,ร้อยเอ็ด,สุวรรณภูมิ,อำเภอ สุวรรณภูมิ,ตำบลสระคู,สระคู,สระคู อำเภอ สุวรรณภูมิ ร้อยเอ็ด 45130 ประเทศไทย
1128389,ธวัชบุรี,TMD,16.016666,103.800003,ร้อยเอ็ด,ร้อยเอ็ด,ธวัชบุรี,อำเภอธวัชบุรี,ตำบลอุ่มเม้า,อุ่มเม้า,อุ่มเม้า อำเภอธวัชบุรี ร้อยเอ็ด 45170 ประเทศไทย
1128390,ปทุมรัตต์,TMD,15.65,103.349998,ร้อยเอ็ด,ร้อยเอ็ด,ปทุมรัตน์,อำเภอ ปทุมรัตน์,ตำบลบัวแดง,บัวแดง,บัวแดง อำเภอ ปทุมรัตน์ ร้อยเอ็ด 45190 ประเทศไทย
1128391,หนองพอก,TMD,16.283333,104.199997,ร้อยเอ็ด,ร้อยเอ็ด,หนองพอก,อำเภอ หนองพอก,ตำบลรอบเมือง,รอบเมือง,รอบเมือง อำเภอ หนองพอก ร้อยเอ็ด 45210 ประเทศไทย
1128392,อาจสามารถ,TMD,15.816667,103.900002,ร้อยเอ็ด,ร้อยเอ็ด,อาจสามารถ,อำเภอ อาจสามารถ,ตำบลอาจสามารถ,อาจสามารถ,อาจสามารถ อำเภอ อาจสามารถ ร้อยเอ็ด 45160 ประเทศไทย
1128393,โพนทอง,TMD,16.283333,103.98333,ร้อยเอ็ด,ร้อยเอ็ด,โพนทอง,อำเภอ โพนทอง,ตำบลสระนกแก้ว,สระนกแก้ว,สระนกแก้ว อำเภอ โพนทอง ร้อยเอ็ด 45110 ประเทศไทย
1128394,พนมไพร,TMD,15.7,104.133331,ร้อยเอ็ด,ร้อยเอ็ด,พนมไพร,อำเภอ พนมไพร,ตำบลพนมไพร,พนมไพร,พนมไพร อำเภอ พนมไพร ร้อยเอ็ด 45140 ประเทศไทย
1128395,เกษตรวิสัย,TMD,15.633333,103.616669,ร้อยเอ็ด,ร้อยเอ็ด,เกษตรวิสัย,อำเภอ เกษตรวิสัย,ตำบลเมืองบัว,เมืองบัว,เมืองบัว อำเภอ เกษตรวิสัย ร้อยเอ็ด 45150 ประเทศไทย
1128396,จตุรพักตรพิมาน,TMD,15.816667,103.599998,ร้อยเอ็ด,ร้อยเอ็ด,จตุรพักตรพิมาน,อำเภอ จตุรพักตรพิมาน,ตำบลดงกลาง,ดงกลาง,ดงกลาง อำเภอ จตุรพักตรพิมาน ร้อยเอ็ด 45180 ประเทศไทย
1128397,โพธิ์ชัย,TMD,16.35,103.833336,ร้อยเอ็ด,ร้อยเอ็ด,โพธิ์ชัย,อำเภอ โพธิ์ชัย,ตำบลโพธิ์ศรี,โพธิ์ศรี,โพธิ์ศรี อำเภอ โพธิ์ชัย ร้อยเอ็ด ประเทศไทย
1128398,เมืองสรวง,TMD,15.766666,103.73333,ร้อยเอ็ด,ร้อยเอ็ด,เมืองสรวง,อำเภอ เมืองสรวง,ตำบลคูเมือง,คูเมือง,คูเมือง อำเภอ เมืองสรวง ร้อยเอ็ด ประเทศไทย
1128399,คำเขื่อนแก้ว,TMD,15.633333,104.316666,ยโสธร,ยโสธร,คำเขื่อนแก้ว,อำเภอ คำเขื่อนแก้ว,ตำบลลุมพุก,ลุมพุก,ลุมพุก อำเภอ คำเขื่อนแก้ว ยโสธร ประเทศไทย
1128400,มหาชนะชัย,TMD,15.5,104.23333,ยโสธร,ยโสธร,มหาชนะชัย,อำเภอ มหาชนะชัย,ตำบลฟ้าหยาด,ฟ้าหยาด,ฟ้าหยาด อำเภอ มหาชนะชัย ยโสธร 35130 ประเทศไทย
1128401,เลิงนกทา,TMD,16.183332,104.566666,ยโสธร,ยโสธร,เลิงนกทา,อำเภอ เลิงนกทา,ตำบลสามแยก,สามแยก,สามแยก อำเภอ เลิงนกทา ยโสธร 35120 ประเทศไทย
1128402,กุดชุม,TMD,16,104.333336,ยโสธร,ยโสธร,กุดชุม,อำเภอ กุดชุม,ตำบลนาโส่,นาโส่,นาโส่ อำเภอ กุดชุม ยโสธร ประเทศไทย
1128403,ป่าติ้ว,TMD,15.8,104.383331,ยโสธร,ยโสธร,ป่าติ้ว,อำเภอ ป่าติ้ว,ตำบลโพธิ์ไทร,โพธิ์ไทร,โพธิ์ไทร อำเภอ ป่าติ้ว ยโสธร 35150 ประเทศไทย
1128404,ค้อวัง,TMD,15.366667,104.400002,ยโสธร,ยโสธร,ค้อวัง,อำเภอ ค้อวัง,ตำบลฟ้าห่วน,ฟ้าห่วน,ฟ้าห่วน อำเภอ ค้อวัง ยโสธร ประเทศไทย
1128405,ทรายมูล,TMD,15.933333,104.23333,ยโสธร,ยโสธร,ทรายมูล,อำเภอ ทรายมูล,ตำบลทรายมูล,ทรายมูล,ทรายมูล อำเภอ ทรายมูล ยโสธร ประเทศไทย
1128406,อ.ไทยเจริญ,TMD,16.059999,104.451668,ยโสธร,ยโสธร,ไทยเจริญ,อำเภอ ไทยเจริญ,ตำบลคำไผ่,คำไผ่,คำไผ่ อำเภอ ไทยเจริญ ยโสธร 35120 ประเทศไทย
1128407,วารินชำราบ,TMD,15.183333,104.883331,อุบลราชธานี,อุบลราชธานี,วารินชำราบ,อำเภอวารินชำราบ,ตำบลแสนสุข,แสนสุข,แสนสุข อำเภอวารินชำราบ อุบลราชธานี 34190 ประเทศไทย
1128408,เดชอุดม,TMD,14.883333,105.066666,อุบลราชธานี,อุบลราชธานี,เดชอุดม,อำเภอเดชอุดม,ตำบลเมืองเดช,เมืองเดช,เมืองเดช อำเภอเดชอุดม อุบลราชธานี 34160 ประเทศไทย
1128409,ศรีเมืองใหม่,TMD,15.566667,105.333336,อุบลราชธานี,อุบลราชธานี,ศรีเมืองใหม่,อำเภอ ศรีเมืองใหม่,ตำบลลาดควาย,ลาดควาย,ลาดควาย อำเภอ ศรีเมืองใหม่ อุบลราชธานี 34250 ประเทศไทย
1128410,ม่วงสามสิบ,TMD,15.5,104.75,อุบลราชธานี,อุบลราชธานี,ม่วงสามสิบ,อำเภอ ม่วงสามสิบ,ตำบลม่วงสามสิบ,ม่วงสามสิบ,ม่วงสามสิบ อำเภอ ม่วงสามสิบ อุบลราชธานี 34140 ประเทศไทย
1128412,โขงเจียม,TMD,15.366667,105.466667,อุบลราชธานี,อุบลราชธานี,โขงเจียม,อำเภอ โขงเจียม,ตำบลห้วยไผ่,ห้วยไผ่,ห้วยไผ่ อำเภอ โขงเจียม อุบลราชธานี 34220 ประเทศไทย
1128413,เขื่องใน,TMD,15.366667,104.583336,อุบลราชธานี,อุบลราชธานี,เขื่องใน,อำเภอ เขื่องใน,ตำบลเขื่องใน,เขื่องใน,เขื่องใน อำเภอ เขื่องใน อุบลราชธานี 34150 ประเทศไทย
1128414,พิบูลมังสาหาร,TMD,15.25,105.23333,อุบลราชธานี,อุบลราชธานี,พิบูลมังสาหาร,อำเภอ พิบูลมังสาหาร,ตำบลพิบูล,พิบูล,พิบูล อำเภอ พิบูลมังสาหาร อุบลราชธานี 34110 ประเทศไทย
1128415,น้ำยืน,TMD,14.483334,104.98333,อุบลราชธานี,อุบลราชธานี,น้ำยืน,อำเภอน้ำยืน,ตำบลโซง,โซง,โซง อำเภอน้ำยืน อุบลราชธานี 34260 ประเทศไทย
1128416,บุณฑริก,TMD,14.733334,105.433334,อุบลราชธานี,อุบลราชธานี,บุณฑริก,อำเภอบุณฑริก,ตำบลโพนงาม,โพนงาม,โพนงาม อำเภอบุณฑริก อุบลราชธานี 34230 ประเทศไทย
1128417,เขมราฐ,TMD,16.033333,105.216667,อุบลราชธานี,อุบลราชธานี,เขมราฐ,อำเภอ เขมราฐ,ตำบลเขมราฐ,เขมราฐ,เขมราฐ อำเภอ เขมราฐ อุบลราชธานี 34170 ประเทศไทย
1128418,สถานีบำรุงพันธุ์สัตว์ อ.เมือง,TMD,15.316667,104.783333,อุบลราชธานี,อุบลราชธานี,เมืองอุบลราชธานี,อำเภอเมืองอุบลราชธานี,ตำบลหนองขอน,หนองขอน,หนองขอน อำเภอเมืองอุบลราชธานี อุบลราชธานี 34000 ประเทศไทย
1128419,สถานีทดลองหม่อนไหมอุบลฯ อ.วารินชำราบ,TMD,15.266666,105.033333,อุบลราชธานี,อุบลราชธานี,สว่างวีระวงศ์,อำเภอ สว่างวีระวงศ์,ตำบลบุ่งมะแลง,บุ่งมะแลง,บุ่งมะแลง อำเภอ สว่างวีระวงศ์ อุบลราชธานี 34190 ประเทศไทย
1128420,นิคมสร้างตนเองลำโดมใหญ่ อ.เดชอุดม,TMD,14.883333,105.133331,อุบลราชธานี,อุบลราชธานี,เดชอุดม,อำเภอเดชอุดม,ตำบลโพนงาม,โพนงาม,โพนงาม อำเภอเดชอุดม อุบลราชธานี 34160 ประเทศไทย
1128421,ตาลสุม,TMD,15.316667,105.183334,อุบลราชธานี,อุบลราชธานี,ตาลสุม,อำเภอ ตาลสุม,ตำบลตาลสุม,ตาลสุม,ตาลสุม อำเภอ ตาลสุม อุบลราชธานี ประเทศไทย
1128422,กุดข้าวปุ้น,TMD,15.8,105,อุบลราชธานี,อุบลราชธานี,กุดข้าวปุ้น,อำเภอ กุดข้าวปุ้น,ตำบลข้าวปุ้น,ข้าวปุ้น,ข้าวปุ้น อำเภอ กุดข้าวปุ้น อุบลราชธานี 34270 ประเทศไทย
1128423,นาจะหลวย,TMD,14.516666,105.25,อุบลราชธานี,อุบลราชธานี,นาจะหลวย,อำเภอ นาจะหลวย,ตำบลนาจะหลวย,นาจะหลวย,นาจะหลวย อำเภอ นาจะหลวย อุบลราชธานี ประเทศไทย
1128424,วิทยาลัยเกษตรกรรมศรีสะเกษ,TMD,15.116667,104.366669,ศรีสะเกษ,ศรีสะเกษ,เมืองศรีสะเกษ,อำเภอเมืองศรีสะเกษ,ตำบลโพธิ์,โพธิ์,โพธิ์ อำเภอเมืองศรีสะเกษ ศรีสะเกษ 33000 ประเทศไทย
1128425,กันทรลักษณ์,TMD,14.6,104.666664,ศรีสะเกษ,ศรีสะเกษ,กันทรลักษ์,อำเภอกันทรลักษ์,ตำบลเมือง,เมือง,เมือง อำเภอกันทรลักษ์ ศรีสะเกษ 33110 ประเทศไทย
1128426,กันทรารมย์,TMD,15.106667,104.591393,ศรีสะเกษ,ศรีสะเกษ,กันทรารมย์,อำเภอ กันทรารมย์,ตำบลดูน,ดูน,ดูน อำเภอ กันทรารมย์ ศรีสะเกษ 33130 ประเทศไทย
1128427,ราษีไศล,TMD,15.333333,104.166664,ศรีสะเกษ,ศรีสะเกษ,ราษีไศล,อำเภอ ราษีไศล,ตำบลเมืองคง,เมืองคง,เมืองคง อำเภอ ราษีไศล ศรีสะเกษ 33160 ประเทศไทย
1128428,ขุขันธ์,TMD,14.683333,104.216667,ศรีสะเกษ,ศรีสะเกษ,ขุขันธ์,อำเภอ ขุขันธ์,ตำบลหนองฉลอง,หนองฉลอง,หนองฉลอง อำเภอ ขุขันธ์ ศรีสะเกษ 33140 ประเทศไทย
1128429,ขุนหาญ,TMD,14.583333,104.449997,ศรีสะเกษ,ศรีสะเกษ,ขุนหาญ,อำเภอ ขุนหาญ,ตำบลบักดอง,บักดอง,บักดอง อำเภอ ขุนหาญ ศรีสะเกษ ประเทศไทย
1128430,อุทุมพรพิสัย,TMD,15.116667,104.150002,ศรีสะเกษ,ศรีสะเกษ,อุทุมพรพิสัย,อำเภออุทุมพรพิสัย,ตำบลสำโรง,สำโรง,สำโรง อำเภออุทุมพรพิสัย ศรีสะเกษ 33120 ประเทศไทย
1128431,ศูนย์วิจัยหม่อนไหมศรีสะเกษ,TMD,14.933333,104.166664,ศรีสะเกษ,ศรีสะเกษ,วังหิน,อำเภอ วังหิน,ตำบลโพนยาง,โพนยาง,โพนยาง อำเภอ วังหิน ศรีสะเกษ 33270 ประเทศไทย
1128432,นิคมสร้างตนเองปรือใหญ่ อ.ขุขันธ์,TMD,14.8,104.216667,ศรีสะเกษ,ศรีสะเกษ,ขุขันธ์,อำเภอ ขุขันธ์,ตำบลดองกำเม็ด,ดองกำเม็ด,ดองกำเม็ด อำเภอ ขุขันธ์ ศรีสะเกษ 33140 ประเทศไทย
1128433,นิคมสร้างตนเองห้วยกล้า อ.เมือง,TMD,15.266666,104.25,ศรีสะเกษ,ศรีสะเกษ,ราษีไศล,อำเภอ ราษีไศล,ตำบลส้มป่อย,ส้มป่อย,ส้มป่อย อำเภอ ราษีไศล ศรีสะเกษ 33160 ประเทศไทย
1128434,น้ำเกลี้ยง,TMD,14.916667,104.550003,ศรีสะเกษ,ศรีสะเกษ,น้ำเกลี้ยง,อำเภอ น้ำเกลี้ยง,ตำบลน้ำเกลี้ยง,น้ำเกลี้ยง,น้ำเกลี้ยง อำเภอ น้ำเกลี้ยง ศรีสะเกษ 33130 ประเทศไทย
1128435,ภูสิงห์,TMD,14.583333,104.133331,ศรีสะเกษ,ศรีสะเกษ,ภูสิงห์,อำเภอ ภูสิงห์,ตำบลห้วยตึ๊กชู,ห้วยตึ๊กชู,ห้วยตึ๊กชู อำเภอ ภูสิงห์ ศรีสะเกษ 33140 ประเทศไทย
1128436,เมืองจันทร์,TMD,15.15,104.033333,ศรีสะเกษ,ศรีสะเกษ,เมืองจันทร์,อำเภอ เมืองจันทร์,ตำบลเมืองจันทร์,เมืองจันทร์,เมืองจันทร์ อำเภอ เมืองจันทร์ ศรีสะเกษ 33120 ประเทศไทย
1128437,อ.เบญจลักษ์,TMD,14.794723,104.678055,ศรีสะเกษ,ศรีสะเกษ,เบญจลักษ์,อำเภอ เบญจลักษ์,ตำบลเสียว,เสียว,เสียว อำเภอ เบญจลักษ์ ศรีสะเกษ 33110 ประเทศไทย
1128438,พิมาย,TMD,15.183333,102.5,นครราชสีมา,นครราชสีมา,พิมาย,อำเภอพิมาย,ตำบลในเมือง,ในเมือง,ในเมือง อำเภอพิมาย นครราชสีมา 30110 ประเทศไทย
1128439,บัวใหญ่,TMD,15.516666,102.433334,นครราชสีมา,นครราชสีมา,บัวใหญ่,อำเภอ บัวใหญ่,ตำบลเสมาใหญ่,เสมาใหญ่,เสมาใหญ่ อำเภอ บัวใหญ่ นครราชสีมา ประเทศไทย
1128440,ด่านขุนทด,TMD,15.183333,101.800003,นครราชสีมา,นครราชสีมา,ด่านขุนทด,อำเภอด่านขุนทด,ตำบลสระจรเข้,สระจรเข้,สระจรเข้ อำเภอด่านขุนทด นครราชสีมา 30210 ประเทศไทย
1128441,สูงเนิน,TMD,14.9,101.816666,นครราชสีมา,นครราชสีมา,สูงเนิน,อำเภอสูงเนิน,ตำบลสูงเนิน,สูงเนิน,สูงเนิน อำเภอสูงเนิน นครราชสีมา 30170 ประเทศไทย
1128442,ปักธงชัย,TMD,14.683333,102.050003,นครราชสีมา,นครราชสีมา,ปักธงชัย,อำเภอปักธงชัย,ตำบลนกออก,นกออก,นกออก อำเภอปักธงชัย นครราชสีมา 30150 ประเทศไทย
1128443,ครบุรี,TMD,14.45,102.26667,นครราชสีมา,นครราชสีมา,ครบุรี,อำเภอครบุรี,ตำบลโคกกระชาย,โคกกระชาย,โคกกระชาย อำเภอครบุรี นครราชสีมา 30250 ประเทศไทย
1128444,จักราช,TMD,14.966666,102.416664,นครราชสีมา,นครราชสีมา,จักราช,อำเภอ จักราช,ตำบลศรีละกอ,ศรีละกอ,ศรีละกอ อำเภอ จักราช นครราชสีมา 30230 ประเทศไทย
1128445,คง,TMD,15.4,102.349998,นครราชสีมา,นครราชสีมา,คง,อำเภอคง,ตำบลดอนใหญ่,ดอนใหญ่,ดอนใหญ่ อำเภอคง นครราชสีมา 30260 ประเทศไทย
1128446,ห้วยแถลง,TMD,14.966666,102.633331,นครราชสีมา,นครราชสีมา,ห้วยแถลง,อำเภอ ห้วยแถลง,ตำบลห้วยแถลง,ห้วยแถลง,ห้วยแถลง อำเภอ ห้วยแถลง นครราชสีมา 30240 ประเทศไทย
1128447,สนง.เกษตร อ.ปากช่อง,TMD,14.7,101.416664,นครราชสีมา,นครราชสีมา,ปากช่อง,อำเภอปากช่อง,ตำบลปากช่อง,ปากช่อง,ปากช่อง อำเภอปากช่อง นครราชสีมา ประเทศไทย
1128448,สถานีทดลองพืชไร่บ้านใหม่สำโรง อ.สีคิ้ว,TMD,15.883333,101.650002,ชัยภูมิ,ชัยภูมิ,หนองบัวระเหว,อำเภอ หนองบัวระเหว,ตำบลห้วยแย้,ห้วยแย้,ห้วยแย้ อำเภอ หนองบัวระเหว ชัยภูมิ ประเทศไทย
1128449,สถานีทดลองข้าวพิมาย,TMD,15.25,102.5,นครราชสีมา,นครราชสีมา,พิมาย,อำเภอพิมาย,ตำบลในเมือง,ในเมือง,ในเมือง อำเภอพิมาย นครราชสีมา 30110 ประเทศไทย
1128450,สวนป่ากลางดง อ.ปากช่อง,TMD,14.633333,101.300003,นครราชสีมา,นครราชสีมา,ปากช่อง,อำเภอปากช่อง,ตำบลกลางดง,กลางดง,กลางดง อำเภอปากช่อง นครราชสีมา ประเทศไทย
1128451,โรงเรียนบ้านท่าหลวง อ.พิมาย,TMD,15.25,102.533333,นครราชสีมา,นครราชสีมา,พิมาย,อำเภอพิมาย,ตำบลท่าหลวง,ท่าหลวง,ท่าหลวง อำเภอพิมาย นครราชสีมา 30110 ประเทศไทย
1128452,นิคมสร้างตนเองพิมาย,TMD,15.15,102.51667,นครราชสีมา,นครราชสีมา,พิมาย,อำเภอพิมาย,ตำบลนิคมสร้างตนเอง,นิคมสร้างตนเอง,นิคมสร้างตนเอง อำเภอพิมาย นครราชสีมา ประเทศไทย
1128453,หน่วยป้องกันรักษาป่าที่ นม.3 อ.ปักธงชัย,TMD,14.016666,101.966667,สระแก้ว,สระแก้ว,เมืองสระแก้ว,อำเภอเมืองสระแก้ว,ตำบลบ้านแก้ง,บ้านแก้ง,บ้านแก้ง ตำบล บ้านแก้ง อำเภอเมืองสระแก้ว สระแก้ว 27000 ประเทศไทย
1128454,โรงเรียนบ้านศาลเจ้าพ่อ อ.ปักธงชัย,TMD,14.383333,101.866669,นครราชสีมา,นครราชสีมา,วังน้ำเขียว,อำเภอวังน้ำเขียว,ตำบลวังน้ำเขียว,วังน้ำเขียว,วังน้ำเขียว อำเภอวังน้ำเขียว นครราชสีมา 30370 ประเทศไทย
1128455,แก้งสนามนาง,TMD,15.75,102.25,นครราชสีมา,นครราชสีมา,แก้งสนามนาง,อำเภอ แก้งสนามนาง,ตำบลแก้งสนามนาง,แก้งสนามนาง,แก้งสนามนาง อำเภอ แก้งสนามนาง นครราชสีมา 30440 ประเทศไทย
1128456,ศูนย์พัมนาหมู่บ้านชนบทซับใต้ ต.พญาเย็น,TMD,14.55,101.23333,นครราชสีมา,นครราชสีมา,ปากช่อง,อำเภอปากช่อง,ตำบลพญาเย็น,พญาเย็น,พญาเย็น อำเภอปากช่อง นครราชสีมา ประเทศไทย
1128457,สถานีวิจัยผลิตผลของป่า อ.ปากช่อง,TMD,14.65,101.300003,นครราชสีมา,นครราชสีมา,ปากช่อง,อำเภอปากช่อง,ตำบลกลางดง,กลางดง,กลางดง อำเภอปากช่อง นครราชสีมา ประเทศไทย
1128458,วังน้ำเขียว,TMD,14.416667,101.866669,นครราชสีมา,นครราชสีมา,วังน้ำเขียว,อำเภอวังน้ำเขียว,ตำบลไทยสามัคคี,ไทยสามัคคี,ไทยสามัคคี อำเภอวังน้ำเขียว นครราชสีมา 30370 ประเทศไทย
1128459,อุทยานแห่งชาติเขาใหญ่,TMD,15.433333,101.383331,ชัยภูมิ,ชัยภูมิ,เทพสถิต,อำเภอ เทพสถิต,ตำบลวะตะแบก,วะตะแบก,วะตะแบก อำเภอ เทพสถิต ชัยภูมิ ประเทศไทย
1128460,ศูนย์ๆเทคโนโลยีราชมงคล,TMD,14.983334,102.23333,นครราชสีมา,นครราชสีมา,เฉลิมพระเกียรติ,อำเภอเฉลิมพระเกียรติ,ตำบลพระพุทธ,พระพุทธ,พระพุทธ อำเภอเฉลิมพระเกียรติ นครราชสีมา ประเทศไทย
1128461,ร.ร.บ้านหนองไข่น้ำ,TMD,14.836111,101.44722,นครราชสีมา,นครราชสีมา,ปากช่อง,อำเภอปากช่อง,ตำบลจันทึก,จันทึก,จันทึก อำเภอปากช่อง นครราชสีมา 30130 ประเทศไทย
1128462,สถานีวิจัยพืชลำตะคอง,TMD,14.751945,101.512779,นครราชสีมา,นครราชสีมา,ปากช่อง,อำเภอปากช่อง,ตำบลหนองสาหร่าย,หนองสาหร่าย,หนองสาหร่าย อำเภอปากช่อง นครราชสีมา 30130 ประเทศไทย
1128463,รัตนบุรี,TMD,15.3,103.883331,สุรินทร์,สุรินทร์,รัตนบุรี,อำเภอ รัตนบุรี,ตำบลไผ่,ไผ่,ไผ่ อำเภอ รัตนบุรี สุรินทร์ 32130 ประเทศไทย
1128464,สังขะ,TMD,14.633333,103.866669,สุรินทร์,สุรินทร์,สังขะ,อำเภอ สังขะ,ตำบลสังขะ,สังขะ,สังขะ อำเภอ สังขะ สุรินทร์ 32150 ประเทศไทย
1128465,ศรีขรภูมิ,TMD,14.9,103.783333,สุรินทร์,สุรินทร์,ศีขรภูมิ,อำเภอ ศีขรภูมิ,ตำบลระแงง,ระแงง,ระแงง อำเภอ ศีขรภูมิ สุรินทร์ 32110 ประเทศไทย
1128466,ชุมพลบุรี,TMD,15.333333,103.400002,สุรินทร์,สุรินทร์,ชุมพลบุรี,อำเภอ ชุมพลบุรี,ตำบลชุมพลบุรี,ชุมพลบุรี,ชุมพลบุรี อำเภอ ชุมพลบุรี สุรินทร์ 32190 ประเทศไทย
1128467,สำโรงทาบ,TMD,15.016666,103.966667,สุรินทร์,สุรินทร์,สำโรงทาบ,อำเภอ สำโรงทาบ,ตำบลหมื่นศรี,หมื่นศรี,หมื่นศรี อำเภอ สำโรงทาบ สุรินทร์ ประเทศไทย
1128468,จอมพระ,TMD,15.133333,103.650002,สุรินทร์,สุรินทร์,จอมพระ,อำเภอ จอมพระ,ตำบลบ้านผือ,บ้านผือ,บ้านผือ อำเภอ จอมพระ สุรินทร์ ประเทศไทย
1128469,ปราสาท,TMD,14.616667,103.433334,สุรินทร์,สุรินทร์,ปราสาท,อำเภอปราสาท,ตำบลบ้านพลวง,บ้านพลวง,บ้านพลวง อำเภอปราสาท สุรินทร์ 32140 ประเทศไทย
1128470,ลำดวน,TMD,14.733334,103.683334,สุรินทร์,สุรินทร์,ลำดวน,อำเภอ ลำดวน,ตำบลตรำดม,ตรำดม,ตรำดม อำเภอ ลำดวน สุรินทร์ ประเทศไทย
1128471,นิคมสร้างตนเองปราสาท,TMD,14.616667,103.349998,สุรินทร์,สุรินทร์,ปราสาท,อำเภอปราสาท,ตำบลปรือ,ปรือ,ปรือ อำเภอปราสาท สุรินทร์ 32140 ประเทศไทย
1128472,สถานีทดลองข้าวสุรินทร์,TMD,14.883333,103.466667,สุรินทร์,สุรินทร์,เมืองสุรินทร์,อำเภอเมืองสุรินทร์,ตำบลนอกเมือง,นอกเมือง,นอกเมือง อำเภอเมืองสุรินทร์ สุรินทร์ 32000 ประเทศไทย
1128473,สนม,TMD,15.2,103.76667,สุรินทร์,สุรินทร์,สนม,อำเภอ สนม,ตำบลสนม,สนม,สนม อำเภอ สนม สุรินทร์ 32160 ประเทศไทย
1128474,อ.เมืองบุรีรัมย์,TMD,14.95,103.133331,บุรีรัมย์,บุรีรัมย์,เมืองบุรีรัมย์,อำเภอเมืองบุรีรัมย์,ตำบลสวายจีก,สวายจีก,สวายจีก อำเภอเมืองบุรีรัมย์ บุรีรัมย์ ประเทศไทย
1128475,ละหานทราย,TMD,14.366667,102.866669,บุรีรัมย์,บุรีรัมย์,ละหานทราย,อำเภอ ละหานทราย,ตำบลสำโรงใหม่,สำโรงใหม่,สำโรงใหม่ อำเภอ ละหานทราย บุรีรัมย์ ประเทศไทย
1128476,ลำปลายมาศ,TMD,14.983334,102.849998,บุรีรัมย์,บุรีรัมย์,ลำปลายมาศ,อำเภอ ลำปลายมาศ,ตำบลโคกกลาง,โคกกลาง,โคกกลาง อำเภอ ลำปลายมาศ บุรีรัมย์ 31130 ประเทศไทย
1128477,สตึก,TMD,15.3,103.283333,บุรีรัมย์,บุรีรัมย์,สตึก,อำเภอ สตึก,ตำบลนิคม,นิคม,นิคม อำเภอ สตึก บุรีรัมย์ 31150 ประเทศไทย
1128478,กระสัง,TMD,14.866667,103.333336,บุรีรัมย์,บุรีรัมย์,กระสัง,อำเภอ กระสัง,ตำบลหนองเต็ง,หนองเต็ง,หนองเต็ง อำเภอ กระสัง บุรีรัมย์ ประเทศไทย
1128479,ประโคนชัย,TMD,14.566667,103.116669,บุรีรัมย์,บุรีรัมย์,ประโคนชัย,อำเภอประโคนชัย,ตำบลประโคนชัย,ประโคนชัย,ประโคนชัย อำเภอประโคนชัย บุรีรัมย์ ประเทศไทย
1128480,คูเมือง,TMD,15.316667,103.01667,บุรีรัมย์,บุรีรัมย์,คูเมือง,อำเภอ คูเมือง,ตำบลหนองขมาร,หนองขมาร,หนองขมาร อำเภอ คูเมือง บุรีรัมย์ ประเทศไทย
1128481,หนองกี่,TMD,14.683333,102.566666,บุรีรัมย์,บุรีรัมย์,หนองกี่,อำเภอหนองกี่,ตำบลทุ่งกระเต็น,ทุ่งกระเต็น,ทุ่งกระเต็น อำเภอหนองกี่ บุรีรัมย์ 31210 ประเทศไทย
1128482,บ้านกรวด,TMD,14.366667,103.099998,บุรีรัมย์,บุรีรัมย์,บ้านกรวด,อำเภอ บ้านกรวด,ตำบลปราสาท,ปราสาท,ปราสาท อำเภอ บ้านกรวด บุรีรัมย์ 31180 ประเทศไทย
1128483,ปะคำ,TMD,14.45,102.73333,บุรีรัมย์,บุรีรัมย์,ปะคำ,อำเภอ ปะคำ,ตำบลปะคำ,ปะคำ,ปะคำ อำเภอ ปะคำ บุรีรัมย์ ประเทศไทย
1128484,นาโพธิ์,TMD,15.633333,102.949997,บุรีรัมย์,บุรีรัมย์,นาโพธิ์,อำเภอ นาโพธิ์,ตำบลนาโพธิ์,นาโพธิ์,นาโพธิ์ อำเภอ นาโพธิ์ บุรีรัมย์ ประเทศไทย
1128485,หนองหงส์,TMD,14.85,102.683334,บุรีรัมย์,บุรีรัมย์,หนองหงส์,อำเภอ หนองหงส์,ตำบลสระแก้ว,สระแก้ว,สระแก้ว อำเภอ หนองหงส์ บุรีรัมย์ 31240 ประเทศไทย
1128486,สถานีทดลองไหมพุทไธสง,TMD,15.533334,103.033333,บุรีรัมย์,บุรีรัมย์,พุทไธสง,อำเภอ พุทไธสง,ตำบลมะเฟือง,มะเฟือง,มะเฟือง อำเภอ พุทไธสง บุรีรัมย์ 31120 ประเทศไทย
1128487,นิคมสร้างตนเองบ้านกรวด,TMD,14.433333,103.116669,บุรีรัมย์,บุรีรัมย์,บ้านกรวด,อำเภอ บ้านกรวด,ตำบลบ้านกรวด,บ้านกรวด,บ้านกรวด อำเภอ บ้านกรวด บุรีรัมย์ 31180 ประเทศไทย
1128488,ศูนย์ขยายพันธุ์ไหมที่ 3 อ.นางรอง,TMD,14.65,102.800003,บุรีรัมย์,บุรีรัมย์,นางรอง,อำเภอนางรอง,ตำบลนางรอง,นางรอง,นางรอง อำเภอนางรอง บุรีรัมย์ 31110 ประเทศไทย
1128489,พลับพลาชัย,TMD,14.733334,103.183334,บุรีรัมย์,บุรีรัมย์,พลับพลาชัย,อำเภอ พลับพลาชัย,ตำบลสะเดา,สะเดา,สะเดา อำเภอ พลับพลาชัย บุรีรัมย์ ประเทศไทย
1128490,เขตห้ามล่าสัตว์ป่า สนามบินประโคนชัย,TMD,14.646389,103.067223,บุรีรัมย์,บุรีรัมย์,ประโคนชัย,อำเภอประโคนชัย,ตำบลประโคนชัย,ประโคนชัย,ประโคนชัย อำเภอประโคนชัย บุรีรัมย์ ประเทศไทย
1128491,อ.เฉลิมพระเกียรติ,TMD,14.555833,102.927498,บุรีรัมย์,บุรีรัมย์,เฉลิมพระเกียรติ,อำเภอ เฉลิมพระเกียรติ,ตำบลตาเป๊ก,ตาเป๊ก,ตาเป๊ก อำเภอ เฉลิมพระเกียรติ บุรีรัมย์ ประเทศไทย
1128492,ท่าตะโก,TMD,15.6,100.51667,นครสวรรค์,นครสวรรค์,ท่าตะโก,อำเภอ ท่าตะโก,ตำบลทำนบ,ทำนบ,ทำนบ อำเภอ ท่าตะโก นครสวรรค์ 60160 ประเทศไทย
1128493,ลาดยาว,TMD,15.7,99.816666,นครสวรรค์,นครสวรรค์,ลาดยาว,อำเภอลาดยาว,ตำบลวังม้า,วังม้า,วังม้า อำเภอลาดยาว นครสวรรค์ ประเทศไทย
1128494,โกรกพระ,TMD,15.516666,100.083336,นครสวรรค์,นครสวรรค์,พยุหะคีรี,อำเภอพยุหะคีรี,ตำบลยางขาว,ยางขาว,ยางขาว อำเภอพยุหะคีรี นครสวรรค์ ประเทศไทย
1128495,ตาคลี,TMD,15.216666,100.349998,นครสวรรค์,นครสวรรค์,ตาคลี,อำเภอตาคลี,ตำบลตาคลี,ตาคลี,ตาคลี อำเภอตาคลี นครสวรรค์ ประเทศไทย
1128496,ชุมแสง,TMD,15.85,100.333336,นครสวรรค์,นครสวรรค์,ชุมแสง,อำเภอ ชุมแสง,ตำบลไผ่สิงห์,ไผ่สิงห์,ไผ่สิงห์ อำเภอ ชุมแสง นครสวรรค์ ประเทศไทย
1128497,พยุหะคีรี,TMD,15.416667,100.166664,นครสวรรค์,นครสวรรค์,พยุหะคีรี,อำเภอพยุหะคีรี,ตำบลท่าน้ำอ้อย,ท่าน้ำอ้อย,ท่าน้ำอ้อย อำเภอพยุหะคีรี นครสวรรค์ 60130 ประเทศไทย
1128498,บรรพตพิสัย,TMD,15.883333,100.01667,นครสวรรค์,นครสวรรค์,บรรพตพิสัย,อำเภอบรรพตพิสัย,ตำบลหูกวาง,หูกวาง,หูกวาง อำเภอบรรพตพิสัย นครสวรรค์ ประเทศไทย
1128499,หนองบัว,TMD,15.816667,100.633331,นครสวรรค์,นครสวรรค์,หนองบัว,อำเภอ หนองบัว,ตำบลหนองบัว,หนองบัว,หนองบัว อำเภอ หนองบัว นครสวรรค์ ประเทศไทย
1128500,ไพศาลี,TMD,15.566667,100.699997,นครสวรรค์,นครสวรรค์,ไพศาลี,อำเภอ ไพศาลี,ตำบลวังข่อย,วังข่อย,วังข่อย อำเภอ ไพศาลี นครสวรรค์ ประเทศไทย
1128501,เก้าเลี้ยว,TMD,15.766666,100.083336,นครสวรรค์,นครสวรรค์,เมืองนครสวรรค์,อำเภอเมืองนครสวรรค์,ตำบลบ้านแก่ง,บ้านแก่ง,บ้านแก่ง อำเภอเมืองนครสวรรค์ นครสวรรค์ ประเทศไทย
1128502,แผนกสัตวบาลที่ 2 อ.เมือง,TMD,15.65,100.166664,นครสวรรค์,นครสวรรค์,เมืองนครสวรรค์,อำเภอเมืองนครสวรรค์,ตำบลหนองปลิง,หนองปลิง,หนองปลิง อำเภอเมืองนครสวรรค์ นครสวรรค์ 60000 ประเทศไทย
1128503,ศาลเจ้าไก่ต่อ อ.ลาดยาว,TMD,15.783334,99.683334,นครสวรรค์,นครสวรรค์,ลาดยาว,อำเภอลาดยาว,ตำบลศาลเจ้าไก่ต่อ,ศาลเจ้าไก่ต่อ,ศาลเจ้าไก่ต่อ อำเภอลาดยาว นครสวรรค์ 60150 ประเทศไทย
1128504,มโนรมย์,TMD,15.266666,100.099998,ชัยนาท,ชัยนาท,เมืองชัยนาท,อำเภอเมืองชัยนาท,ตำบลธรรมามูล,ธรรมามูล,ธรรมามูล อำเภอเมืองชัยนาท ชัยนาท ประเทศไทย
1128505,วัดสิงห์,TMD,15.233334,100.050003,ชัยนาท,ชัยนาท,วัดสิงห์,อำเภอ วัดสิงห์,ตำบลมะขามเฒ่า,มะขามเฒ่า,มะขามเฒ่า อำเภอ วัดสิงห์ ชัยนาท 17120 ประเทศไทย
1128506,สรรพยา,TMD,15.083333,100.26667,ชัยนาท,ชัยนาท,สรรพยา,อำเภอสรรพยา,ตำบลโพนางดำตก,โพนางดำตก,โพนางดำตก อำเภอสรรพยา ชัยนาท ประเทศไทย
1128507,หันคา,TMD,14.983334,100.01667,ชัยนาท,ชัยนาท,หันคา,อำเภอ หันคา,ตำบลวังไก่เถื่อน,วังไก่เถื่อน,วังไก่เถื่อน อำเภอ หันคา ชัยนาท ประเทศไทย
1128508,สรรคบุรี,TMD,15.016666,100.183334,ชัยนาท,ชัยนาท,สรรคบุรี,อำเภอ สรรคบุรี,ตำบลบางขุด,บางขุด,บางขุด อำเภอ สรรคบุรี ชัยนาท 17140 ประเทศไทย
1128509,สถานีทดลองข้าวชัยนาท,TMD,15.2,100.150002,ชัยนาท,ชัยนาท,เมืองชัยนาท,อำเภอเมืองชัยนาท,ตำบลบ้านกล้วย,บ้านกล้วย,บ้านกล้วย อำเภอเมืองชัยนาท ชัยนาท ประเทศไทย
1128510,บ้านไร่,TMD,15.033334,99.550003,อุทัยธานี,อุทัยธานี,บ้านไร่,อำเภอบ้านไร่,ตำบลบ้านบึง,บ้านบึง,บ้านบึง อำเภอบ้านไร่ อุทัยธานี 61140 ประเทศไทย
1128511,หนองขาหย่าง,TMD,15.316667,99.949997,อุทัยธานี,อุทัยธานี,หนองขาหย่าง,อำเภอ หนองขาหย่าง,ตำบลดงขวาง,ดงขวาง,ดงขวาง อำเภอ หนองขาหย่าง อุทัยธานี ประเทศไทย
1128512,หนองฉาง,TMD,15.35,99.866669,อุทัยธานี,อุทัยธานี,หนองฉาง,อำเภอ หนองฉาง,ตำบลหนองนางนวล,หนองนางนวล,หนองนางนวล อำเภอ หนองฉาง อุทัยธานี ประเทศไทย
1128513,ทัพทัน,TMD,15.416667,99.916664,อุทัยธานี,อุทัยธานี,หนองขาหย่าง,อำเภอ หนองขาหย่าง,ตำบลทุ่งพึ่ง,ทุ่งพึ่ง,ทุ่งพึ่ง อำเภอ หนองขาหย่าง อุทัยธานี ประเทศไทย
1128514,ลานสัก,TMD,15.45,99.566666,อุทัยธานี,อุทัยธานี,ลานสัก,อำเภอลานสัก,ตำบลลานสัก,ลานสัก,ลานสัก อำเภอลานสัก อุทัยธานี 61160 ประเทศไทย
1128515,ห้วยคด,TMD,15.3,99.650002,อุทัยธานี,อุทัยธานี,ห้วยคต,อำเภอ ห้วยคต,ตำบลสุขฤทัย,สุขฤทัย,สุขฤทัย อำเภอ ห้วยคต อุทัยธานี ประเทศไทย
1128516,สวนป่าห้วยระบำ อ.ลานสัก,TMD,15.483334,99.400002,อุทัยธานี,อุทัยธานี,ลานสัก,อำเภอลานสัก,ตำบลระบำ,ระบำ,ระบำ อำเภอลานสัก อุทัยธานี ประเทศไทย
1128517,หน่วยจัดหาและทดลองเมล็ดพันธุ์ อ.หนองฉาง,TMD,15.433333,99.73333,อุทัยธานี,อุทัยธานี,ทัพทัน,อำเภอ ทัพทัน,ตำบลตลุกดู่,ตลุกดู่,ตลุกดู่ อำเภอ ทัพทัน อุทัยธานี ประเทศไทย
1128518,อินทร์บุรี,TMD,15.016666,100.349998,สิงห์บุรี,สิงห์บุรี,อินทร์บุรี,อำเภออินทร์บุรี,ตำบลท่างาม,ท่างาม,ท่างาม อำเภออินทร์บุรี สิงห์บุรี 16110 ประเทศไทย
1128519,พรหมบุรี,TMD,14.783334,100.466667,สิงห์บุรี,สิงห์บุรี,พรหมบุรี,อำเภอพรหมบุรี,ตำบลบางน้ำเชี่ยว,บางน้ำเชี่ยว,บางน้ำเชี่ยว อำเภอพรหมบุรี สิงห์บุรี 16120 ประเทศไทย
1128520,บางระจัน,TMD,14.833333,100.199997,สุพรรณบุรี,สุพรรณบุรี,เดิมบางนางบวช,อำเภอเดิมบางนางบวช,ตำบลทุ่งคลี,ทุ่งคลี,ทุ่งคลี อำเภอเดิมบางนางบวช สุพรรณบุรี 72120 ประเทศไทย
1128521,ไชโย,TMD,14.716666,100.466667,ลพบุรี,ลพบุรี,ท่าวุ้ง,อำเภอท่าวุ้ง,ตำบลบ้านเบิก,บ้านเบิก,บ้านเบิก อำเภอท่าวุ้ง ลพบุรี ประเทศไทย
1128522,ป่าโมก,TMD,14.483334,100.466667,อ่างทอง,อ่างทอง,ป่าโมก,อำเภอ ป่าโมก,ตำบลโรงช้าง,โรงช้าง,โรงช้าง อำเภอ ป่าโมก อ่างทอง 14130 ประเทศไทย
1128523,วิเศษชัยชาญ,TMD,14.583333,100.349998,อ่างทอง,อ่างทอง,วิเศษชัยชาญ,อำเภอ วิเศษชัยชาญ,ตำบลไผ่จำศิล,ไผ่จำศิล,ไผ่จำศิล ตำบล ไผ่จำศีล อำเภอ วิเศษชัยชาญ อ่างทอง 14110 ประเทศไทย
1128524,โพธิ์ทอง,TMD,14.65,100.400002,อ่างทอง,อ่างทอง,โพธิ์ทอง,อำเภอ โพธิ์ทอง,ตำบลบางพลับ,บางพลับ,บางพลับ อำเภอ โพธิ์ทอง อ่างทอง ประเทศไทย
1128525,แสวงหา,TMD,14.766666,100.349998,อ่างทอง,อ่างทอง,แสวงหา,อำเภอ แสวงหา,ตำบลห้วยไผ่,ห้วยไผ่,ห้วยไผ่ อำเภอ แสวงหา อ่างทอง ประเทศไทย
1128526,สถานีทดลองและขยายพันธุ์อ้อย,TMD,14.780556,100.235275,อ่างทอง,อ่างทอง,แสวงหา,อำเภอ แสวงหา,ตำบลสีบัวทอง,สีบัวทอง,สีบัวทอง อำเภอ แสวงหา อ่างทอง ประเทศไทย
1128527,เสาไห้,TMD,14.55,100.866669,สระบุรี,สระบุรี,เสาไห้,อำเภอ เสาไห้,ตำบลสวนดอกไม้,สวนดอกไม้,สวนดอกไม้ อำเภอ เสาไห้ สระบุรี 18160 ประเทศไทย
1128528,บ้านหมอ,TMD,14.633333,100.73333,สระบุรี,สระบุรี,บ้านหมอ,อำเภอ บ้านหมอ,ตำบลตลาดน้อย,ตลาดน้อย,ตลาดน้อย อำเภอ บ้านหมอ สระบุรี ประเทศไทย
1128529,แก่งคอย,TMD,14.583333,101,สระบุรี,สระบุรี,แก่งคอย,อำเภอแก่งคอย,ตำบลแก่งคอย,แก่งคอย,แก่งคอย ตำบล แก่งคอย อำเภอแก่งคอย สระบุรี 18110 ประเทศไทย
1128530,มวกเหล็ก,TMD,14.65,101.199997,สระบุรี,สระบุรี,มวกเหล็ก,อำเภอมวกเหล็ก,ตำบลมิตรภาพ,มิตรภาพ,มิตรภาพ อำเภอมวกเหล็ก สระบุรี ประเทศไทย
1128531,หนองโดน,TMD,14.633333,100.716667,สระบุรี,สระบุรี,บ้านหมอ,อำเภอ บ้านหมอ,ตำบลตลาดน้อย,ตลาดน้อย,ตลาดน้อย อำเภอ บ้านหมอ สระบุรี ประเทศไทย
1128532,หนองแซง,TMD,14.5,100.783333,สระบุรี,สระบุรี,หนองแซง,อำเภอ หนองแซง,ตำบลหนองแซง,หนองแซง,หนองแซง อำเภอ หนองแซง สระบุรี ประเทศไทย
1128533,วิหารแดง,TMD,14.35,100.98333,สระบุรี,สระบุรี,วิหารแดง,อำเภอวิหารแดง,ตำบลหนองสรวง,หนองสรวง,หนองสรวง อำเภอวิหารแดง สระบุรี 18150 ประเทศไทย
1128534,บางบัวทอง,TMD,13.916945,100.426392,นนทบุรี,นนทบุรี,บางบัวทอง,อำเภอบางบัวทอง,ตำบลพิมลราช,พิมลราช,พิมลราช อำเภอบางบัวทอง นนทบุรี 11110 ประเทศไทย
1128535,ศูนย์วิจัยพันธุ์สัตว์ทับกวาง อ.แก่งคอย,TMD,14.616667,101.050003,สระบุรี,สระบุรี,แก่งคอย,อำเภอแก่งคอย,ตำบลทับกวาง,ทับกวาง,ทับกวาง อำเภอแก่งคอย สระบุรี ประเทศไทย
1128536,สวนพฤกษศาสตร์พุแค อ.เมือง,TMD,14.666667,100.916664,สระบุรี,สระบุรี,เฉลิมพระเกียรติ,อำเภอเฉลิมพระเกียรติ,ตำบลพุแค,พุแค,พุแค อำเภอเฉลิมพระเกียรติ สระบุรี ประเทศไทย
1128537,ศูนย์เพาะชำกล้าไม้ อ.มวกเหล็ก,TMD,14.65,101.199997,สระบุรี,สระบุรี,มวกเหล็ก,อำเภอมวกเหล็ก,ตำบลมิตรภาพ,มิตรภาพ,มิตรภาพ อำเภอมวกเหล็ก สระบุรี ประเทศไทย
1128538,นิคมสร้างตนเองพระพุทธบาท,TMD,14.716666,100.800003,สระบุรี,สระบุรี,พระพุทธบาท,อำเภอพระพุทธบาท,ตำบลขุนโขลน,ขุนโขลน,ขุนโขลน อำเภอพระพุทธบาท สระบุรี 18120 ประเทศไทย
1128539,องค์การส่งเสริมกิจการโคนม อ.มวกเหล็ก,TMD,14.633333,101.23333,นครราชสีมา,นครราชสีมา,ปากช่อง,อำเภอปากช่อง,ตำบลพญาเย็น,พญาเย็น,พญาเย็น อำเภอปากช่อง นครราชสีมา ประเทศไทย
1128540,ร.ร.บ้านท่าพลู,TMD,15.043056,101.416664,นครราชสีมา,นครราชสีมา,สีคิ้ว,อำเภอสีคิ้ว,ตำบลดอนเมือง,ดอนเมือง,ดอนเมือง อำเภอสีคิ้ว นครราชสีมา ประเทศไทย
1128541,ร.ร.บ้านซับน้อยเหนือ,TMD,14.940278,101.423615,สระบุรี,สระบุรี,มวกเหล็ก,อำเภอมวกเหล็ก,ตำบลลำพญากลาง,ลำพญากลาง,ลำพญากลาง อำเภอมวกเหล็ก สระบุรี 30130 ประเทศไทย
1128542,ร.ร.บ้านหนองเอี่ยว,TMD,14.895833,101.313889,สระบุรี,สระบุรี,มวกเหล็ก,อำเภอมวกเหล็ก,ตำบลลำพญากลาง,ลำพญากลาง,ลำพญากลาง อำเภอมวกเหล็ก สระบุรี 30130 ประเทศไทย
1128543,ร.ร.บ้านหนองตอตะเคียน,TMD,14.872222,101.388885,สระบุรี,สระบุรี,มวกเหล็ก,อำเภอมวกเหล็ก,ตำบลลำพญากลาง,ลำพญากลาง,ลำพญากลาง อำเภอมวกเหล็ก สระบุรี 30130 ประเทศไทย
1128544,ร.ร.วัดวังยาง,TMD,14.855556,101.211113,สระบุรี,สระบุรี,วังม่วง,อำเภอ วังม่วง,ตำบลวังม่วง,วังม่วง,วังม่วง อำเภอ วังม่วง สระบุรี ประเทศไทย
1128545,ร.ร.บ้านมนีโชคสามัคคี,TMD,14.766666,100.118889,สุพรรณบุรี,สุพรรณบุรี,สามชุก,อำเภอสามชุก,ตำบลวังลึก,วังลึก,วังลึก อำเภอสามชุก สุพรรณบุรี ประเทศไทย
1128546,ร.ร.วัดสวนทองรวมมิตร,TMD,14.761111,101.313889,สระบุรี,สระบุรี,มวกเหล็ก,อำเภอมวกเหล็ก,ตำบลหนองย่างเสือ,หนองย่างเสือ,หนองย่างเสือ อำเภอมวกเหล็ก สระบุรี ประเทศไทย
1128547,สถานีอนามัยตำบลหินซ้อน,TMD,14.738889,101.043053,สระบุรี,สระบุรี,แก่งคอย,อำเภอแก่งคอย,ตำบลหินซ้อน,หินซ้อน,หินซ้อน ตำบล หินซ้อน อำเภอแก่งคอย สระบุรี 18110 ประเทศไทย
1128548,ร.ร.บ้านหลังเขา,TMD,14.720834,101.166664,สระบุรี,สระบุรี,มวกเหล็ก,อำเภอมวกเหล็ก,ตำบลมวกเหล็ก,มวกเหล็ก,มวกเหล็ก อำเภอมวกเหล็ก สระบุรี ประเทศไทย
1128549,ร.ร.บ้านหนองจาน,TMD,14.704166,100.934166,สระบุรี,สระบุรี,เฉลิมพระเกียรติ,อำเภอเฉลิมพระเกียรติ,ตำบลหน้าพระลาน,หน้าพระลาน,หน้าพระลาน อำเภอเฉลิมพระเกียรติ สระบุรี ประเทศไทย
1128550,ร.ร.วัดพระพุทธบาทน้อย,TMD,14.651111,100.984726,สระบุรี,สระบุรี,แก่งคอย,อำเภอแก่งคอย,ตำบลท่าตูม,ท่าตูม,ท่าตูม อำเภอแก่งคอย สระบุรี 18110 ประเทศไทย
1128551,พระนครศรีอยุธยา,TMD,14.366667,100.583336,พระนครศรีอยุธยา,จังหวัดพระนครศรีอยุธยา,พระนครศรีอยุธยา,อำเภอ พระนครศรีอยุธยา,ตำบลหัวรอ,หัวรอ,หัวรอ อำเภอ พระนครศรีอยุธยา จังหวัดพระนครศรีอยุธยา 13000 ประเทศไทย
1128552,บางปะอิน,TMD,14.216666,100.616669,พระนครศรีอยุธยา,จังหวัดพระนครศรีอยุธยา,บางปะอิน,อำเภอบางปะอิน,ตำบลคลองจิก,คลองจิก,คลองจิก อำเภอบางปะอิน จังหวัดพระนครศรีอยุธยา ประเทศไทย
1128553,บางไทร,TMD,14.2,100.5,พระนครศรีอยุธยา,จังหวัดพระนครศรีอยุธยา,บางไทร,อำเภอบางไทร,ตำบลบางไทร,บางไทร,บางไทร อำเภอบางไทร จังหวัดพระนครศรีอยุธยา 13190 ประเทศไทย
1128554,ลาดบัวหลวง,TMD,14.133333,100.333336,พระนครศรีอยุธยา,จังหวัดพระนครศรีอยุธยา,ลาดบัวหลวง,อำเภอลาดบัวหลวง,ตำบลสามเมือง,สามเมือง,สามเมือง ตำบลสามเมือง อำเภอลาดบัวหลวง จังหวัดพระนครศรีอยุธยา 13230 ประเทศไทย
1128555,เสนา,TMD,14.333333,100.416664,พระนครศรีอยุธยา,จังหวัดพระนครศรีอยุธยา,เสนา,อำเภอเสนา,ตำบลบ้านแพน,บ้านแพน,บ้านแพน ตำบล บ้านแพน อำเภอเสนา จังหวัดพระนครศรีอยุธยา 13110 ประเทศไทย
1128556,บางซ้าย,TMD,14.3,100.316666,พระนครศรีอยุธยา,จังหวัดพระนครศรีอยุธยา,บางซ้าย,อำเภอ บางซ้าย,ตำบลแก้วฟ้า,แก้วฟ้า,แก้วฟ้า อำเภอ บางซ้าย จังหวัดพระนครศรีอยุธยา ประเทศไทย
1128557,ผักไห่,TMD,14.45,100.400002,พระนครศรีอยุธยา,จังหวัดพระนครศรีอยุธยา,ผักไห่,อำเภอ ผักไห่,ตำบลกุฎี,กุฎี,กุฎี อำเภอ ผักไห่ จังหวัดพระนครศรีอยุธยา ประเทศไทย
1128558,บางปะหัน,TMD,14.45,100.533333,พระนครศรีอยุธยา,จังหวัดพระนครศรีอยุธยา,บางปะหัน,อำเภอบางปะหัน,ตำบลขวัญเมือง,ขวัญเมือง,ขวัญเมือง อำเภอบางปะหัน จังหวัดพระนครศรีอยุธยา 13220 ประเทศไทย
1128559,มหาราช,TMD,14.566667,100.633331,สระบุรี,สระบุรี,บ้านหมอ,อำเภอ บ้านหมอ,ตำบลไผ่ขวาง,ไผ่ขวาง,ไผ่ขวาง อำเภอ บ้านหมอ สระบุรี ประเทศไทย
1128560,บ้านแพรก,TMD,14.683333,100.599998,ลพบุรี,ลพบุรี,เมืองลพบุรี,อำเภอเมืองลพบุรี,ตำบลโก่งธนู,โก่งธนู,โก่งธนู อำเภอเมืองลพบุรี ลพบุรี ประเทศไทย
1128561,นครหลวง,TMD,14.466666,100.616669,พระนครศรีอยุธยา,จังหวัดพระนครศรีอยุธยา,นครหลวง,อำเภอนครหลวง,ตำบลนครหลวง,นครหลวง,นครหลวง อำเภอนครหลวง จังหวัดพระนครศรีอยุธยา 13260 ประเทศไทย
1128562,ท่าเรือ,TMD,14.583333,100.73333,สระบุรี,สระบุรี,บ้านหมอ,อำเภอ บ้านหมอ,ตำบลบางโขมด,บางโขมด,บางโขมด อำเภอ บ้านหมอ สระบุรี ประเทศไทย
1128563,วังน้อย,TMD,14.2,100.73333,ปทุมธานี,ปทุมธานี,คลองหลวง,อำเภอคลองหลวง,ตำบลคลองหก,คลองหก,คลองหก ตำบล คลองหก อำเภอคลองหลวง ปทุมธานี 12120 ประเทศไทย
1128564,บางบาล,TMD,14.35,100.533333,พระนครศรีอยุธยา,จังหวัดพระนครศรีอยุธยา,พระนครศรีอยุธยา,อำเภอ พระนครศรีอยุธยา,ตำบลบ้านป้อม,บ้านป้อม,บ้านป้อม อำเภอ พระนครศรีอยุธยา จังหวัดพระนครศรีอยุธยา ประเทศไทย
1128565,สนง.เกษตร อ.ภาชี,TMD,14.5,100.699997,พระนครศรีอยุธยา,จังหวัดพระนครศรีอยุธยา,ท่าเรือ,อำเภอ ท่าเรือ,ตำบลปากท่า,ปากท่า,ปากท่า อำเภอ ท่าเรือ จังหวัดพระนครศรีอยุธยา ประเทศไทย
1128566,สถานีทดลองข้าวหันตรา อ.พระนครศรีอยุธยา,TMD,14.383333,100.599998,พระนครศรีอยุธยา,จังหวัดพระนครศรีอยุธยา,พระนครศรีอยุธยา,อำเภอ พระนครศรีอยุธยา,ตำบลหันตรา,หันตรา,หันตรา อำเภอ พระนครศรีอยุธยา จังหวัดพระนครศรีอยุธยา ประเทศไทย
1128567,อ.เมืองปทุมธานี,TMD,14.021667,100.513885,ปทุมธานี,ปทุมธานี,เมืองปทุมธานี,อำเภอเมืองปทุมธานี,ตำบลบ้านฉาง,บ้านฉาง,บ้านฉาง อำเภอเมืองปทุมธานี ปทุมธานี ประเทศไทย
1128568,สามโคก,TMD,14.066667,100.566666,ปทุมธานี,ปทุมธานี,สามโคก,อำเภอสามโคก,ตำบลเชียงรากใหญ่,เชียงรากใหญ่,เชียงรากใหญ่ ตำบล เชียงรากใหญ่ อำเภอสามโคก ปทุมธานี ประเทศไทย
1128569,คลองหลวง,TMD,14.083333,100.683334,ปทุมธานี,ปทุมธานี,คลองหลวง,อำเภอคลองหลวง,ตำบลคลองสี่,คลองสี่,คลองสี่ อำเภอคลองหลวง ปทุมธานี 12120 ประเทศไทย
1128570,ลาดหลุมแก้ว,TMD,14.05,100.433334,ปทุมธานี,ปทุมธานี,ลาดหลุมแก้ว,อำเภอลาดหลุมแก้ว,ตำบลคูขวาง,คูขวาง,คูขวาง อำเภอลาดหลุมแก้ว ปทุมธานี 12140 ประเทศไทย
1128571,ธัญบุรี,TMD,14.05,100.75,ปทุมธานี,ปทุมธานี,คลองหลวง,อำเภอคลองหลวง,ตำบลคลองเจ็ด,คลองเจ็ด,คลองเจ็ด ตำบล คลองเจ็ด อำเภอคลองหลวง ปทุมธานี ประเทศไทย
1128572,หนองเสือ,TMD,14.116667,100.833336,ปทุมธานี,ปทุมธานี,หนองเสือ,อำเภอ หนองเสือ,ตำบลบึงบา,บึงบา,บึงบา อำเภอ หนองเสือ ปทุมธานี 12170 ประเทศไทย
1128573,อ.ลำลูกกา,TMD,13.930278,100.75222,ปทุมธานี,ปทุมธานี,ลำลูกกา,อำเภอลำลูกกา,ตำบลลำลูกกา,ลำลูกกา,ลำลูกกา อำเภอลำลูกกา ปทุมธานี 12150 ประเทศไทย
1128574,ศูนย์วิจัยข้าวปทุมธานี คลอง 6 อ.ธัญบุรี,TMD,14.009722,100.730553,ปทุมธานี,ปทุมธานี,ธัญบุรี,อำเภอธัญบุรี,ตำบลรังสิต,รังสิต,รังสิต อำเภอธัญบุรี ปทุมธานี ประเทศไทย
1128575,ร.ร.ดลวิทยา,TMD,13.754723,100.58667,กรุงเทพมหานคร,กรุงเทพมหานคร,ห้วยขวาง,,แขวงบางกะปิ,บางกะปิ,บางกะปิ แขวงบางกะปิ เขตห้วยขวาง กรุงเทพมหานคร 10310 ประเทศไทย
1128576,สถานีพัฒนาที่ดินจังหวัดปทุมธานี คลอง 7 อ.ธัญบุรี,TMD,14.033334,100.76667,ปทุมธานี,ปทุมธานี,ธัญบุรี,อำเภอธัญบุรี,ตำบลลำผักกูด,ลำผักกูด,ลำผักกูด อำเภอธัญบุรี ปทุมธานี ประเทศไทย
1128577,พระตำหนักปทุมธานี,TMD,13.95,100.033333,นครปฐม,นครปฐม,ดอนตูม,อำเภอดอนตูม,ตำบลลำเหย,ลำเหย,ลำเหย อำเภอดอนตูม นครปฐม ประเทศไทย
1128578,สระโบสถ์,TMD,15.216666,100.833336,ลพบุรี,ลพบุรี,สระโบสถ์,อำเภอ สระโบสถ์,ตำบลสระโบสถ์,สระโบสถ์,สระโบสถ์ อำเภอ สระโบสถ์ ลพบุรี ประเทศไทย
1128579,สถาบันวิจัยและพัฒนาพันธุกรรมสัตว์น้ำ อ.คลองหลวง,TMD,14.023056,100.712219,ปทุมธานี,ปทุมธานี,ธัญบุรี,อำเภอธัญบุรี,ตำบลรังสิต,รังสิต,รังสิต อำเภอธัญบุรี ปทุมธานี ประเทศไทย
1128580,ปากเกร็ด,TMD,13.911111,100.501945,นนทบุรี,นนทบุรี,ปากเกร็ด,อำเภอปากเกร็ด,ตำบลปากเกร็ด,ปากเกร็ด,ปากเกร็ด ตำบล ปากเกร็ด อำเภอปากเกร็ด นนทบุรี 11120 ประเทศไทย
1128581,บางกรวย,TMD,13.798889,100.480003,นนทบุรี,นนทบุรี,บางกรวย,อำเภอบางกรวย,ตำบลวัดชลอ,วัดชลอ,วัดชลอ อำเภอบางกรวย นนทบุรี 11130 ประเทศไทย
1128582,บางใหญ่,TMD,13.893611,100.379448,นนทบุรี,นนทบุรี,บางใหญ่,อำเภอบางใหญ่,ตำบลบางแม่นาง,บางแม่นาง,บางแม่นาง อำเภอบางใหญ่ นนทบุรี ประเทศไทย
1128583,ไทรน้อย,TMD,13.983334,100.316666,นนทบุรี,นนทบุรี,ไทรน้อย,อำเภอไทรน้อย,ตำบลคลองขวาง,คลองขวาง,คลองขวาง อำเภอไทรน้อย นนทบุรี 11150 ประเทศไทย
1128584,โรงเรียนวัดเขมาภิรตาราม,TMD,13.819722,100.507774,กรุงเทพมหานคร,กรุงเทพมหานคร,บางซื่อ,,แขวงวงศ์สว่าง,วงศ์สว่าง,วงศ์สว่าง แขวงวงศ์สว่าง เขตบางซื่อ กรุงเทพมหานคร 10800 ประเทศไทย
1128585,โรงเรียนวัดมหาสวัสดิ์,TMD,13.8,100.449997,นนทบุรี,นนทบุรี,บางกรวย,อำเภอบางกรวย,ตำบลมหาสวัสดิ์,มหาสวัสดิ์,มหาสวัสดิ์ ตำบล มหาสวัสดิ์ อำเภอบางกรวย นนทบุรี 11130 ประเทศไทย
1128586,โรงเรียนวัดประชารังสรรค์,TMD,13.861111,100.450554,นนทบุรี,นนทบุรี,เมืองนนทบุรี,อำเภอเมืองนนทบุรี,ตำบลบางรักน้อย,บางรักน้อย,บางรักน้อย อำเภอเมืองนนทบุรี นนทบุรี ประเทศไทย
1128587,โรงเรียนวัดบางอ้อยช้าง,TMD,13.816667,100.48333,นนทบุรี,นนทบุรี,บางกรวย,อำเภอบางกรวย,ตำบลบางสีทอง,บางสีทอง,บางสีทอง อำเภอบางกรวย นนทบุรี 11130 ประเทศไทย
1128588,โรงเรียนวัดศรีประวัติ   (ปิดสถานีเมื่อ ก.ย. 41),TMD,13.807777,100.400276,นนทบุรี,นนทบุรี,บางกรวย,อำเภอบางกรวย,ตำบลปลายบาง,ปลายบาง,ปลายบาง อำเภอบางกรวย นนทบุรี 11130 ประเทศไทย
1128589,สถานีเครื่องรับวิทยุต่างประเทศ,TMD,13.866667,100.01667,นครปฐม,นครปฐม,เมืองนครปฐม,อำเภอเมืองนครปฐม,ตำบลทัพหลวง,ทัพหลวง,ทัพหลวง อำเภอเมืองนครปฐม นครปฐม 73000 ประเทศไทย
1128590,วิทยาลัยเทคนิคนนทบุรี,TMD,13.864722,100.486389,นนทบุรี,นนทบุรี,เมืองนนทบุรี,อำเภอเมืองนนทบุรี,ตำบลบางกระสอ,บางกระสอ,บางกระสอ อำเภอเมืองนนทบุรี นนทบุรี 11000 ประเทศไทย
1128591,อ.เมืองราชบุรี,TMD,13.516666,99.833336,ราชบุรี,ราชบุรี,เมืองราชบุรี,อำเภอเมืองราชบุรี,ตำบลบ้านไร่,บ้านไร่,บ้านไร่ อำเภอเมืองราชบุรี ราชบุรี 70000 ประเทศไทย
1128592,โพธาราม,TMD,13.65,99.866669,ราชบุรี,ราชบุรี,โพธาราม,อำเภอโพธาราม,ตำบลบ้านสิงห์,บ้านสิงห์,บ้านสิงห์ อำเภอโพธาราม ราชบุรี ประเทศไทย
1128593,ดำเนินสะดวก,TMD,13.5,99.966667,ราชบุรี,ราชบุรี,ดำเนินสะดวก,อำเภอดำเนินสะดวก,ตำบลตาหลวง,ตาหลวง,ตาหลวง อำเภอดำเนินสะดวก ราชบุรี ประเทศไทย
1128594,ปท.บางแพ,TMD,13.65,99.949997,ราชบุรี,ราชบุรี,บางแพ,อำเภอบางแพ,ตำบลหัวโพ,หัวโพ,หัวโพ อำเภอบางแพ ราชบุรี 70160 ประเทศไทย
1128595,สวนรุกขชาติถ้ำจอมพล อ.จอมบึง,TMD,13.616667,99.616669,ราชบุรี,ราชบุรี,จอมบึง,อำเภอ จอมบึง,ตำบลจอมบึง,จอมบึง,จอมบึง อำเภอ จอมบึง ราชบุรี 70150 ประเทศไทย
1128596,ดอนสัก,TMD,9.283334,99.699997,นครศรีธรรมราช,สุราษฎร์ธานี,เมืองนครศรีธรรมราช,อำเภอ ดอนสัก,ตำบลดอนสัก,ดอนสัก,ดอนสัก อำเภอ ดอนสัก สุราษฎร์ธานี ประเทศไทย
1128597,สถาบันราชภัฎ อ.จอมบึง,TMD,13.6,99.666664,ราชบุรี,ราชบุรี,เมืองราชบุรี,อำเภอเมืองราชบุรี,ตำบลหินกอง,หินกอง,หินกอง อำเภอเมืองราชบุรี ราชบุรี ประเทศไทย
1128598,เขตรักษาพันธุ์สัตว์ป่าแม่น้ำภาชี อ.สวนผึ้ง,TMD,13.25,99.433334,ราชบุรี,ราชบุรี,บ้านคา,อำเภอ บ้านคา,ตำบลบ้านบึง,บ้านบึง,บ้านบึง อำเภอ บ้านคา ราชบุรี ประเทศไทย
1128599,ร.ร.กลุ่มนักข่าวหญิง อ.สวนผึ้ง,TMD,13.516666,99.23333,ราชบุรี,ราชบุรี,สวนผึ้ง,อำเภอ สวนผึ้ง,ตำบลสวนผึ้ง,สวนผึ้ง,สวนผึ้ง ตำบล สวนผึ้ง อำเภอ สวนผึ้ง ราชบุรี 70180 ประเทศไทย
1128600,บางปลาม้า,TMD,14.316667,100.400002,พระนครศรีอยุธยา,จังหวัดพระนครศรีอยุธยา,เสนา,อำเภอเสนา,ตำบลสามกอ,สามกอ,สามกอ อำเภอเสนา จังหวัดพระนครศรีอยุธยา 13110 ประเทศไทย
1128601,สนง.เกษตร อ.สองพี่น้อง,TMD,14.216666,100.01667,สุพรรณบุรี,สุพรรณบุรี,สองพี่น้อง,อำเภอสองพี่น้อง,ตำบลศรีสำราญ,ศรีสำราญ,ศรีสำราญ อำเภอสองพี่น้อง สุพรรณบุรี 72110 ประเทศไทย
1128602,สนง.เกษตร อ.เดิมบางนางบวช,TMD,14.843611,100.100281,สุพรรณบุรี,สุพรรณบุรี,เดิมบางนางบวช,อำเภอเดิมบางนางบวช,ตำบลเขาพระ,เขาพระ,เขาพระ อำเภอเดิมบางนางบวช สุพรรณบุรี 72120 ประเทศไทย
1128603,อู่ทอง,TMD,14.366667,99.866669,สุพรรณบุรี,สุพรรณบุรี,อู่ทอง,อำเภออู่ทอง,ตำบลอู่ทอง,อู่ทอง,อู่ทอง อำเภออู่ทอง สุพรรณบุรี ประเทศไทย
1128604,สามชุก,TMD,14.766666,100.083336,สุพรรณบุรี,สุพรรณบุรี,สามชุก,อำเภอสามชุก,ตำบลสามชุก,สามชุก,สามชุก อำเภอสามชุก สุพรรณบุรี 72130 ประเทศไทย
1128605,สนง.เกษตร อ.ศรีประจันต์,TMD,14.633333,100.183334,สุพรรณบุรี,สุพรรณบุรี,ศรีประจันต์,อำเภอศรีประจันต์,ตำบลปลายนา,ปลายนา,ปลายนา อำเภอศรีประจันต์ สุพรรณบุรี ประเทศไทย
1128606,สนงเกษตร อ.ดอนเจดีย์,TMD,14.616667,100.033333,สุพรรณบุรี,สุพรรณบุรี,ดอนเจดีย์,อำเภอ ดอนเจดีย์,ตำบลดอนเจดีย์,ดอนเจดีย์,ดอนเจดีย์ อำเภอ ดอนเจดีย์ สุพรรณบุรี ประเทศไทย
1128607,สนงเกษตร อ.ด่านช้าง,TMD,14.8,99.716667,สุพรรณบุรี,สุพรรณบุรี,หนองหญ้าไซ,อำเภอ หนองหญ้าไซ,ตำบลหนองขาม,หนองขาม,หนองขาม อำเภอ หนองหญ้าไซ สุพรรณบุรี ประเทศไทย
1128608,สนง.เกษตร อ.หนองหญ้าไซ,TMD,14.733334,99.916664,สุพรรณบุรี,สุพรรณบุรี,หนองหญ้าไซ,อำเภอ หนองหญ้าไซ,ตำบลหนองราชวัตร,หนองราชวัตร,หนองราชวัตร อำเภอ หนองหญ้าไซ สุพรรณบุรี ประเทศไทย
1128609,สถานีทดลองข้าวสุพรรณบุรี อ.เมือง,TMD,14.466666,100.116669,สุพรรณบุรี,สุพรรณบุรี,เมืองสุพรรณบุรี,อำเภอเมืองสุพรรณบุรี,ตำบลท่าพี่เลี้ยง,ท่าพี่เลี้ยง,ท่าพี่เลี้ยง อำเภอเมืองสุพรรณบุรี สุพรรณบุรี 72000 ประเทศไทย
1128610,นิคมสร้างตนเองกระเสียว อ.ด่านช้าง,TMD,14.85,99.583336,สุพรรณบุรี,สุพรรณบุรี,ด่านช้าง,อำเภอด่านช้าง,ตำบลนิคมกระเสียว,นิคมกระเสียว,นิคมกระเสียว อำเภอด่านช้าง สุพรรณบุรี 72180 ประเทศไทย
1128611,บ้านหมี่,TMD,15,100.550003,ลพบุรี,ลพบุรี,บ้านหมี่,อำเภอ บ้านหมี่,ตำบลสนามแจง,สนามแจง,สนามแจง อำเภอ บ้านหมี่ ลพบุรี 15110 ประเทศไทย
1128612,ท่าวุ้ง,TMD,14.833333,100.51667,ลพบุรี,ลพบุรี,ท่าวุ้ง,อำเภอท่าวุ้ง,ตำบลบางคู้,บางคู้,บางคู้ อำเภอท่าวุ้ง ลพบุรี 15150 ประเทศไทย
1128613,โคกสำโรง,TMD,15.033334,100.76667,ลพบุรี,ลพบุรี,โคกสำโรง,อำเภอ โคกสำโรง,ตำบลคลองเกตุ,คลองเกตุ,คลองเกตุ อำเภอ โคกสำโรง ลพบุรี 15120 ประเทศไทย
1128614,พัฒนานิคม,TMD,14.883333,101,ลพบุรี,ลพบุรี,พัฒนานิคม,อำเภอพัฒนานิคม,ตำบลพัฒนานิคม,พัฒนานิคม,พัฒนานิคม อำเภอพัฒนานิคม ลพบุรี 15140 ประเทศไทย
1128615,ต.มหาโพธิ์ อ.สระโบสถ์,TMD,15.266666,100.849998,ลพบุรี,ลพบุรี,สระโบสถ์,อำเภอ สระโบสถ์,ตำบลมหาโพธิ,มหาโพธิ,มหาโพธิ อำเภอ สระโบสถ์ ลพบุรี ประเทศไทย
1128616,ปท.ชัยบาดาล,TMD,15.15,101.150002,ลพบุรี,ลพบุรี,ชัยบาดาล,อำเภอชัยบาดาล,ตำบลท่าดินดำ,ท่าดินดำ,ท่าดินดำ อำเภอชัยบาดาล ลพบุรี ประเทศไทย
1128617,ชัยบาดาล,TMD,15.066667,101.083336,ลพบุรี,ลพบุรี,ชัยบาดาล,อำเภอชัยบาดาล,ตำบลชัยบาดาล,ชัยบาดาล,ชัยบาดาล อำเภอชัยบาดาล ลพบุรี ประเทศไทย
1128618,สถานีทดลองข้าวโคกสำโรง,TMD,15.066667,100.699997,ลพบุรี,ลพบุรี,โคกสำโรง,อำเภอ โคกสำโรง,ตำบลโคกสำโรง,โคกสำโรง,โคกสำโรง อำเภอ โคกสำโรง ลพบุรี 15120 ประเทศไทย
1128619,สถานีทดลองพืชไร่พระพุทธบาท อ.เมือง,TMD,14.75,100.833336,สระบุรี,สระบุรี,พระพุทธบาท,อำเภอพระพุทธบาท,ตำบลพุคำจาน,พุคำจาน,พุคำจาน อำเภอพระพุทธบาท สระบุรี ประเทศไทย
1128620,นิคมสร้างตนเองลพบุรี(สหกรณ์โคนม),TMD,14.8,100.75,ลพบุรี,ลพบุรี,เมืองลพบุรี,อำเภอเมืองลพบุรี,ตำบลนิคมสร้างตนเอง,นิคมสร้างตนเอง,นิคมสร้างตนเอง อำเภอเมืองลพบุรี ลพบุรี ประเทศไทย
1128621,ท่าหลวง,TMD,15.05,101.133331,ลพบุรี,ลพบุรี,ท่าหลวง,อำเภอ ท่าหลวง,ตำบลท่าหลวง,ท่าหลวง,ท่าหลวง อำเภอ ท่าหลวง ลพบุรี 15230 ประเทศไทย
1128622,โคกเจริญ,TMD,15.35,100.816666,ลพบุรี,ลพบุรี,โคกเจริญ,อำเภอ โคกเจริญ,ตำบลโคกแสมสาร,โคกแสมสาร,โคกแสมสาร อำเภอ โคกเจริญ ลพบุรี ประเทศไทย
1128623,สวนป่าซับลังกา,TMD,15.483334,101.349998,ลพบุรี,ลพบุรี,ลำสนธิ,อำเภอ ลำสนธิ,ตำบลกุดตาเพชร,กุดตาเพชร,กุดตาเพชร ตำบล กุดตาเพชร อำเภอ ลำสนธิ ลพบุรี ประเทศไทย
1128624,ร.ร.บ้านหนองมะค่า,TMD,15.430555,101.930557,นครราชสีมา,นครราชสีมา,พระทองคำ,อำเภอ พระทองคำ,ตำบลทัพรั้ง,ทัพรั้ง,ทัพรั้ง อำเภอ พระทองคำ นครราชสีมา 30220 ประเทศไทย
1128625,ร.ร.บ้านวังทอง,TMD,15.388889,101.366669,ลพบุรี,ลพบุรี,ลำสนธิ,อำเภอ ลำสนธิ,ตำบลเขารวก,เขารวก,เขารวก อำเภอ ลำสนธิ ลพบุรี ประเทศไทย
1128626,ร.ร.บ้านลังกาประชาสรรค์,TMD,15.333333,101.013885,ลพบุรี,ลพบุรี,ชัยบาดาล,อำเภอชัยบาดาล,ตำบลศิลาทิพย์,ศิลาทิพย์,ศิลาทิพย์ อำเภอชัยบาดาล ลพบุรี ประเทศไทย
1128627,ร.ร.บ้านเขาตำบล,TMD,15.244445,101.26667,ลพบุรี,ลพบุรี,ชัยบาดาล,อำเภอชัยบาดาล,ตำบลนาโสม,นาโสม,นาโสม อำเภอชัยบาดาล ลพบุรี ประเทศไทย
1128628,ร.ร.บ้านซับหินขวาง,TMD,15.233334,101.033333,ลพบุรี,ลพบุรี,ชัยบาดาล,อำเภอชัยบาดาล,ตำบลบ้านใหม่สามัคคี,บ้านใหม่สามัคคี,บ้านใหม่สามัคคี อำเภอชัยบาดาล ลพบุรี 15130 ประเทศไทย
1128629,ร.ร.บ้านด่านไทยล้อม,TMD,15.183333,101.35833,ลพบุรี,ลพบุรี,ลำสนธิ,อำเภอ ลำสนธิ,ตำบลซับสมบูรณ์,ซับสมบูรณ์,ซับสมบูรณ์ อำเภอ ลำสนธิ ลพบุรี ประเทศไทย
1128630,ร.ร.บ้านคลองไทรพัฒนา,TMD,15.141666,101.25,ลพบุรี,ลพบุรี,ชัยบาดาล,อำเภอชัยบาดาล,ตำบลบัวชุม,บัวชุม,บัวชุม อำเภอชัยบาดาล ลพบุรี 15130 ประเทศไทย
1128631,ร.ร.บ้านทุ่งตาแก้ว,TMD,15.118055,101.03611,ลพบุรี,ลพบุรี,ชัยบาดาล,อำเภอชัยบาดาล,ตำบลม่วงค่อม,ม่วงค่อม,ม่วงค่อม อำเภอชัยบาดาล ลพบุรี ประเทศไทย
1128632,สวนรุกขชาติน้ำตกวังก้านเหลือง,TMD,15.116667,101.116669,ลพบุรี,ลพบุรี,ชัยบาดาล,อำเภอชัยบาดาล,ตำบลท่าดินดำ,ท่าดินดำ,ท่าดินดำ อำเภอชัยบาดาล ลพบุรี ประเทศไทย
1128633,หน่วยเลี้ยงสัตว์ปางหูเสือ,TMD,15.113889,101.400002,นครราชสีมา,นครราชสีมา,ด่านขุนทด,อำเภอด่านขุนทด,ตำบลห้วยบง,ห้วยบง,ห้วยบง ตำบล ห้วยบง อำเภอด่านขุนทด นครราชสีมา ประเทศไทย
1128634,ร.ร.บ้านเขาแหลม,TMD,15.685833,100.933334,เพชรบูรณ์,เพชรบูรณ์,วิเชียรบุรี,อำเภอวิเชียรบุรี,ตำบลซับน้อย,ซับน้อย,ซับน้อย อำเภอวิเชียรบุรี เพชรบูรณ์ ประเทศไทย
1128635,ร.ร.บ้านหัวลำ,TMD,15.033334,101.316666,ลพบุรี,ลพบุรี,ท่าหลวง,อำเภอ ท่าหลวง,ตำบลหัวลำ,หัวลำ,หัวลำ อำเภอ ท่าหลวง ลพบุรี ประเทศไทย
1128636,ร.ร.บ้านโป่งสวองคิรีวรรณ,TMD,14.994445,101.283333,ลพบุรี,ลพบุรี,ท่าหลวง,อำเภอ ท่าหลวง,ตำบลหัวลำ,หัวลำ,หัวลำ อำเภอ ท่าหลวง ลพบุรี ประเทศไทย
1128637,ร.ร.โคกสลุงวิทยา,TMD,14.981944,101.01667,ลพบุรี,ลพบุรี,พัฒนานิคม,อำเภอพัฒนานิคม,ตำบลโคกสลุง,โคกสลุง,โคกสลุง อำเภอพัฒนานิคม ลพบุรี ประเทศไทย
1128638,สถานีอนามัยตำบลดีลัง,TMD,14.933333,100.903336,ลพบุรี,ลพบุรี,พัฒนานิคม,อำเภอพัฒนานิคม,ตำบลดีลัง,ดีลัง,ดีลัง อำเภอพัฒนานิคม ลพบุรี ประเทศไทย
1128639,สถานีอนามัยตำบลหนองบัว,TMD,14.841666,101.0625,ลพบุรี,ลพบุรี,พัฒนานิคม,อำเภอพัฒนานิคม,ตำบลหนองบัว,หนองบัว,หนองบัว อำเภอพัฒนานิคม ลพบุรี ประเทศไทย
1128640,สถานีอนามัยตำบลช่องสาลิกา,TMD,14.788333,100.913887,ลพบุรี,ลพบุรี,พัฒนานิคม,อำเภอพัฒนานิคม,ตำบลช่องสาริกา,ช่องสาริกา,ช่องสาริกา อำเภอพัฒนานิคม ลพบุรี ประเทศไทย
1128641,ร.ร.จุฬาภรณ์ราชวิทยาลัย,TMD,14.965555,100.697502,ลพบุรี,ลพบุรี,โคกสำโรง,อำเภอ โคกสำโรง,ตำบลห้วยโป่ง,ห้วยโป่ง,ห้วยโป่ง อำเภอ โคกสำโรง ลพบุรี 15120 ประเทศไทย
1128642,บ้านแพ้ว,TMD,13.616667,100.099998,สมุทรสาคร,สมุทรสาคร,บ้านแพ้ว,อำเภอบ้านแพ้ว,ตำบลบ้านแพ้ว,บ้านแพ้ว,บ้านแพ้ว อำเภอบ้านแพ้ว สมุทรสาคร ประเทศไทย
1128643,กระทุ่มแบน,TMD,13.65,100.26667,สมุทรสาคร,สมุทรสาคร,กระทุ่มแบน,อำเภอกระทุ่มแบน,ตำบลดอนไก่ดี,ดอนไก่ดี,ดอนไก่ดี อำเภอกระทุ่มแบน สมุทรสาคร ประเทศไทย
1128644,นิคมสหกรณ์บ้านไร่ อ.เมือง,TMD,13.516666,100.300003,สมุทรสาคร,สมุทรสาคร,เมืองสมุทรสาคร,อำเภอเมืองสมุทรสาคร,ตำบลโคกขาม,โคกขาม,โคกขาม อำเภอเมืองสมุทรสาคร สมุทรสาคร 74000 ประเทศไทย
1128645,ร.ร.เทศบาล 1 อ.เมืองสมุทรปราการ,TMD,13.6,100.633331,สมุทรปราการ,สมุทรปราการ,เมืองสมุทรปราการ,อำเภอเมืองสมุทรปราการ,ตำบลแพรกษาใหม่,แพรกษาใหม่,แพรกษาใหม่ อำเภอเมืองสมุทรปราการ สมุทรปราการ ประเทศไทย
1128646,พระประแดง,TMD,13.666667,100.566666,สมุทรปราการ,สมุทรปราการ,พระประแดง,อำเภอพระประแดง,ตำบลบางกระสอบ,บางกระสอบ,บางกระสอบ อำเภอพระประแดง สมุทรปราการ 10130 ประเทศไทย
1128647,บางพลี,TMD,13.6,100.73333,สมุทรปราการ,สมุทรปราการ,บางพลี,อำเภอบางพลี,ตำบลบางปลา,บางปลา,บางปลา ตำบล บางปลา อำเภอบางพลี สมุทรปราการ ประเทศไทย
1128648,บางบ่อ,TMD,13.6,100.866669,สมุทรปราการ,สมุทรปราการ,บางบ่อ,อำเภอบางบ่อ,ตำบลบางบ่อ,บางบ่อ,บางบ่อ อำเภอบางบ่อ สมุทรปราการ ประเทศไทย
1128650,สถานพักฟื้นสวางคนิวาส,TMD,13.533334,100.633331,สมุทรปราการ,สมุทรปราการ,เมืองสมุทรปราการ,อำเภอเมืองสมุทรปราการ,ตำบลบางปูใหม่,บางปูใหม่,บางปูใหม่ อำเภอเมืองสมุทรปราการ สมุทรปราการ 10280 ประเทศไทย
1128651,อัมพวา,TMD,13.383333,99.98333,สมุทรสงคราม,สมุทรสงคราม,เมืองสมุทรสงคราม,อำเภอเมืองสมุทรสงคราม,ตำบลแม่กลอง,แม่กลอง,แม่กลอง อำเภอเมืองสมุทรสงคราม สมุทรสงคราม 75000 ประเทศไทย
1128652,บางคนที,TMD,13.433333,99.98333,สมุทรสงคราม,สมุทรสงคราม,เมืองสมุทรสงคราม,อำเภอเมืองสมุทรสงคราม,ตำบลบ้านปรก,บ้านปรก,บ้านปรก อำเภอเมืองสมุทรสงคราม สมุทรสงคราม 75000 ประเทศไทย
1128653,สตอ.ทองผาภูมิ*,TMD,14.742222,98.636391,กาญจนบุรี,กาญจนบุรี,ทองผาภูมิ,อำเภอทองผาภูมิ,ตำบลท่าขนุน,ท่าขนุน,ท่าขนุน อำเภอทองผาภูมิ กาญจนบุรี 71180 ประเทศไทย
1128654,ไทรโยค,TMD,14.083333,99.199997,กาญจนบุรี,กาญจนบุรี,ไทรโยค,อำเภอไทรโยค,ตำบลสิงห์,สิงห์,สิงห์ อำเภอไทรโยค กาญจนบุรี 71150 ประเทศไทย
1128655,สังขละบุรี,TMD,15.083333,98.51667,กาญจนบุรี,กาญจนบุรี,สังขละบุรี,อำเภอสังขละบุรี,ตำบลปรังเผล,ปรังเผล,ปรังเผล อำเภอสังขละบุรี กาญจนบุรี ประเทศไทย
1128656,ท่าม่วง,TMD,13.916667,99.650002,กาญจนบุรี,กาญจนบุรี,ท่าม่วง,อำเภอท่าม่วง,ตำบลบ้านใหม่,บ้านใหม่,บ้านใหม่ อำเภอท่าม่วง กาญจนบุรี 71110 ประเทศไทย
1128657,ท่ามะกา,TMD,13.883333,99.783333,กาญจนบุรี,กาญจนบุรี,ท่ามะกา,อำเภอท่ามะกา,ตำบลพงตึก,พงตึก,พงตึก อำเภอท่ามะกา กาญจนบุรี 71120 ประเทศไทย
1128658,ศรีสวัสดิ์,TMD,14.633333,99.050003,กาญจนบุรี,กาญจนบุรี,ศรีสวัสดิ์,อำเภอศรีสวัสดิ์,ตำบลด่านแม่แฉลบ,ด่านแม่แฉลบ,ด่านแม่แฉลบ อำเภอศรีสวัสดิ์ กาญจนบุรี 71250 ประเทศไทย
1128659,เลาขวัญ,TMD,14.533334,99.816666,สุพรรณบุรี,สุพรรณบุรี,อู่ทอง,อำเภออู่ทอง,ตำบลพลับพลาไชย,พลับพลาไชย,พลับพลาไชย อำเภออู่ทอง สุพรรณบุรี ประเทศไทย
1128660,บ่อพลอย,TMD,14.283334,99.533333,กาญจนบุรี,กาญจนบุรี,บ่อพลอย,อำเภอบ่อพลอย,ตำบลบ่อพลอย,บ่อพลอย,บ่อพลอย อำเภอบ่อพลอย กาญจนบุรี ประเทศไทย
1128661,ปท.พนมทวน,TMD,14.083333,99.716667,กาญจนบุรี,กาญจนบุรี,พนมทวน,อำเภอ พนมทวน,ตำบลหนองสาหร่าย,หนองสาหร่าย,หนองสาหร่าย อำเภอ พนมทวน กาญจนบุรี ประเทศไทย
1128662,โรงเรียนบ้านไร่ อ.ทองผาภูมิ,TMD,14.7,98.533333,กาญจนบุรี,กาญจนบุรี,ทองผาภูมิ,อำเภอทองผาภูมิ,ตำบลห้วยเขย่ง,ห้วยเขย่ง,ห้วยเขย่ง อำเภอทองผาภูมิ กาญจนบุรี 71180 ประเทศไทย
1128663,โรงเรียนวัดหินดาด อ.ทองผาภูมิ,TMD,14.6,98.716667,กาญจนบุรี,กาญจนบุรี,ทองผาภูมิ,อำเภอทองผาภูมิ,ตำบลหินดาด,หินดาด,หินดาด อำเภอทองผาภูมิ กาญจนบุรี 71180 ประเทศไทย
1128664,เขตบางกะปิ,TMD,13.7625,100.651108,กรุงเทพมหานคร,กรุงเทพมหานคร,บางกะปิ,,แขวงหัวหมาก,หัวหมาก,หัวหมาก แขวงหัวหมาก เขตบางกะปิ กรุงเทพมหานคร 10240 ประเทศไทย
1128665,โรงเรียนบ้านลิ่นถิ่น อ.ทองผาภูมิ,TMD,14.566667,98.816666,กาญจนบุรี,กาญจนบุรี,ทองผาภูมิ,อำเภอทองผาภูมิ,ตำบลลิ่นถิ่น,ลิ่นถิ่น,ลิ่นถิ่น อำเภอทองผาภูมิ กาญจนบุรี ประเทศไทย
1128666,โรงเรียนวิเศษกุล อ.ทองผาภูมิ,TMD,14.6,98.599998,กาญจนบุรี,กาญจนบุรี,ทองผาภูมิ,อำเภอทองผาภูมิ,ตำบลห้วยเขย่ง,ห้วยเขย่ง,ห้วยเขย่ง อำเภอทองผาภูมิ กาญจนบุรี 71180 ประเทศไทย
1128667,โรงเรียนสหธนาคารกรุงเทพฯ อ.สังขละบุรี,TMD,15.183333,98.333336,กาญจนบุรี,กาญจนบุรี,สังขละบุรี,อำเภอสังขละบุรี,ตำบลหนองลู,หนองลู,หนองลู ตำบลหนองลู อำเภอสังขละบุรี กาญจนบุรี 71240 ประเทศไทย
1128668,สถานีปลูกพันธุ์ไม้หินลับ อ.บ่อพลอย,TMD,14.216666,99.449997,กาญจนบุรี,กาญจนบุรี,บ่อพลอย,อำเภอบ่อพลอย,ตำบลหนองกุ่ม,หนองกุ่ม,หนองกุ่ม อำเภอบ่อพลอย กาญจนบุรี ประเทศไทย
1128669,อุทยานแห่งชาติเอราวัณ อ.ศรีสวัสดิ์,TMD,14.383333,99.150002,กาญจนบุรี,กาญจนบุรี,ศรีสวัสดิ์,อำเภอศรีสวัสดิ์,ตำบลท่ากระดาน,ท่ากระดาน,ท่ากระดาน อำเภอศรีสวัสดิ์ กาญจนบุรี ประเทศไทย
1128670,อุทยานแห่งชาติไทรโยค อ.ไทรโยค,TMD,14.433333,98.849998,กาญจนบุรี,กาญจนบุรี,ไทรโยค,อำเภอไทรโยค,ตำบลไทรโยค,ไทรโยค,ไทรโยค ตำบล ไทรโยค อำเภอไทรโยค กาญจนบุรี 71150 ประเทศไทย
1128671,กองการสัตว์และเกษตรกรรมที่ 1 อ.เมือง,TMD,13.966666,99.51667,กาญจนบุรี,กาญจนบุรี,เมืองกาญจนบุรี,อำเภอเมืองกาญจนบุรี,ตำบลเกาะสำโรง,เกาะสำโรง,เกาะสำโรง อำเภอเมืองกาญจนบุรี กาญจนบุรี ประเทศไทย
1128672,บ้านเขาเหล็ก อ.ศรีสวัสดิ์,TMD,14.7,99.25,กาญจนบุรี,กาญจนบุรี,ศรีสวัสดิ์,อำเภอศรีสวัสดิ์,ตำบลเขาโจด,เขาโจด,เขาโจด อำเภอศรีสวัสดิ์ กาญจนบุรี ประเทศไทย
1128673,บ้านพุเตยแก่งละว้า อ.ไทรโยค,TMD,14.266666,99.01667,กาญจนบุรี,กาญจนบุรี,ไทรโยค,อำเภอไทรโยค,ตำบลท่าเสา,ท่าเสา,ท่าเสา อำเภอไทรโยค กาญจนบุรี ประเทศไทย
1128674,สถาบันราชภัฏกาญจนบุรี อ.เมือง,TMD,14.133333,99.366669,กาญจนบุรี,กาญจนบุรี,เมืองกาญจนบุรี,อำเภอเมืองกาญจนบุรี,ตำบลวังด้ง,วังด้ง,วังด้ง อำเภอเมืองกาญจนบุรี กาญจนบุรี ประเทศไทย
1128675,โรงเรียนบ้านห้วยมาลัย อ.สังขละบุรี,TMD,15.083333,98.383331,กาญจนบุรี,กาญจนบุรี,สังขละบุรี,อำเภอสังขละบุรี,ตำบลหนองลู,หนองลู,หนองลู ตำบลหนองลู อำเภอสังขละบุรี กาญจนบุรี 71240 ประเทศไทย
1128676,ต.หนองรี อ.บ่อพลอย,TMD,14.516666,99.466667,กาญจนบุรี,กาญจนบุรี,บ่อพลอย,อำเภอบ่อพลอย,ตำบลหนองรี,หนองรี,หนองรี อำเภอบ่อพลอย กาญจนบุรี ประเทศไทย
1128677,ด่านมะขามเตี้ย,TMD,13.85,99.416664,กาญจนบุรี,กาญจนบุรี,ด่านมะขามเตี้ย,อำเภอ ด่านมะขามเตี้ย,ตำบลด่านมะขามเตี้ย,ด่านมะขามเตี้ย,ด่านมะขามเตี้ย อำเภอ ด่านมะขามเตี้ย กาญจนบุรี 71260 ประเทศไทย
1128678,ศูนย์วิจัยและสาธิตวิชาการด้านป่าไม้ อ.ทองผาภูมิ,TMD,15.962222,98.895836,ตาก,ตาก,อุ้มผาง,อำเภออุ้มผาง,ตำบลอุ้มผาง,อุ้มผาง,อุ้มผาง อำเภออุ้มผาง ตาก 63170 ประเทศไทย
1128679,สำนักงานเกษตรจังหวัดนครปฐม,TMD,13.816667,100.066666,นครปฐม,นครปฐม,เมืองนครปฐม,อำเภอเมืองนครปฐม,ตำบลห้วยจรเข้,ห้วยจรเข้,ห้วยจรเข้ อำเภอเมืองนครปฐม นครปฐม 73000 ประเทศไทย
1128680,นครชัยศรี,TMD,13.800278,100.190002,นครปฐม,นครปฐม,นครชัยศรี,อำเภอนครชัยศรี,ตำบลไทยาวาส,ไทยาวาส,ไทยาวาส อำเภอนครชัยศรี นครปฐม ประเทศไทย
1128681,กำแพงแสน,TMD,14.033334,100.01667,นครปฐม,นครปฐม,กำแพงแสน,อำเภอกำแพงแสน,ตำบลดอนข่อย,ดอนข่อย,ดอนข่อย อำเภอกำแพงแสน นครปฐม ประเทศไทย
1128682,สามพราน,TMD,13.716666,100.216667,นครปฐม,นครปฐม,สามพราน,อำเภอสามพราน,ตำบลสามพราน,สามพราน,สามพราน อำเภอสามพราน นครปฐม 73110 ประเทศไทย
1128684,ปท.บางเลน,TMD,14.016666,100.166664,นครปฐม,นครปฐม,บางเลน,อำเภอบางเลน,ตำบลบางเลน,บางเลน,บางเลน อำเภอบางเลน นครปฐม 73130 ประเทศไทย
1128685,สนามกีฬาแห่งชาติ,TMD,13.742222,100.541115,กรุงเทพมหานคร,กรุงเทพมหานคร,ปทุมวัน,,แขวงลุมพินี,ลุมพินี,ลุมพินี แขวงลุมพินี เขตปทุมวัน กรุงเทพมหานคร 10330 ประเทศไทย
1128686,สถานเสาวภา,TMD,13.73,100.538612,กรุงเทพมหานคร,กรุงเทพมหานคร,ปทุมวัน,,แขวงลุมพินี,ลุมพินี,ลุมพินี แขวงลุมพินี เขตปทุมวัน กรุงเทพมหานคร 10330 ประเทศไทย
1128687,ร.ร.เตรียมทหาร,TMD,13.725,100.550835,กรุงเทพมหานคร,กรุงเทพมหานคร,ปทุมวัน,,แขวงลุมพินี,ลุมพินี,ลุมพินี แขวงลุมพินี เขตปทุมวัน กรุงเทพมหานคร 10330 ประเทศไทย
1128688,ร.ร.มาแตร์เดอี,TMD,13.741667,100.544167,กรุงเทพมหานคร,กรุงเทพมหานคร,ปทุมวัน,,แขวงลุมพินี,ลุมพินี,ลุมพินี แขวงลุมพินี เขตปทุมวัน กรุงเทพมหานคร 10330 ประเทศไทย
1128689,สำนักงานเขตราชเทวี,TMD,13.760278,100.540276,กรุงเทพมหานคร,กรุงเทพมหานคร,ราชเทวี,,แขวงถนนพญาไท,ถนนพญาไท,ถนนพญาไท เขตราชเทวี กรุงเทพมหานคร 10400 ประเทศไทย
1128690,องค์การสงเคราะห์ทหารผ่านศึก,TMD,13.765278,100.534447,กรุงเทพมหานคร,กรุงเทพมหานคร,ราชเทวี,,แขวงทุ่งพญาไท,ทุ่งพญาไท,ทุ่งพญาไท เขตราชเทวี กรุงเทพมหานคร 10400 ประเทศไทย
1128691,สถาบันการประชาสัมพันธ์,TMD,13.7775,100.544441,กรุงเทพมหานคร,กรุงเทพมหานคร,พญาไท,พญาไท,แขวงสามเสนใน,,พญาไท เขตพญาไท กรุงเทพมหานคร 10400 ประเทศไทย
1128692,โรงพยาบาลกลาง,TMD,13.744445,100.504723,กรุงเทพมหานคร,กรุงเทพมหานคร,สัมพันธวงศ์,,แขวงสัมพันธวงศ์,สัมพันธวงศ์,สัมพันธวงศ์ กรุงเทพมหานคร 10100 ประเทศไทย
1128693,วิทยาลัยพยาบาลเกื้อการุณย์,TMD,13.779166,100.510559,กรุงเทพมหานคร,กรุงเทพมหานคร,ดุสิต,,แขวงดุสิต,ดุสิต,ดุสิต แขวงดุสิต เขตดุสิต กรุงเทพมหานคร 10300 ประเทศไทย
1128694,กระทรวงศึกษาธิการ,TMD,13.763889,100.511108,กรุงเทพมหานคร,กรุงเทพมหานคร,ดุสิต,,แขวงดุสิต,ดุสิต,ดุสิต แขวงดุสิต เขตดุสิต กรุงเทพมหานคร 10300 ประเทศไทย
1128695,ร.ร.กรุงธนรัตนาลัย,TMD,13.816667,100.521667,กรุงเทพมหานคร,กรุงเทพมหานคร,บางซื่อ,,แขวงบางซื่อ,บางซื่อ,บางซื่อ แขวงบางซื่อ เขตบางซื่อ กรุงเทพมหานคร ประเทศไทย
1128696,บ้านมนังคศิลา,TMD,13.755,100.522499,กรุงเทพมหานคร,กรุงเทพมหานคร,ราชเทวี,,แขวงถนนเพชรบุรี,ถนนเพชรบุรี,ถนนเพชรบุรี เขตราชเทวี กรุงเทพมหานคร 10400 ประเทศไทย
1128697,บ.เคเถาจำกัด,TMD,13.691667,100.487778,กรุงเทพมหานคร,กรุงเทพมหานคร,ราษฎร์บูรณะ,,แขวงบางปะกอก,บางปะกอก,บางปะกอก กรุงเทพมหานคร 10140 ประเทศไทย
1128698,ร.ร.ยานนาเวศวิทยาคม,TMD,13.685,100.538055,กรุงเทพมหานคร,กรุงเทพมหานคร,ยานนาวา,,แขวงช่องนนทรี,ช่องนนทรี,ช่องนนทรี กรุงเทพมหานคร 10120 ประเทศไทย
1128699,วิทยาเขตเพาะช่าง,TMD,13.738611,100.500557,กรุงเทพมหานคร,กรุงเทพมหานคร,สัมพันธวงศ์,,แขวงจักรวรรดิ์,จักรวรรดิ,จักรวรรดิ กรุงเทพมหานคร ประเทศไทย
1128700,สโมสรข้าราชบริพาร,TMD,13.744445,100.496666,กรุงเทพมหานคร,กรุงเทพมหานคร,พระนคร,,แขวงวังบูรพาภิรมย์,วังบูรพาภิรมย์,วังบูรพาภิรมย์ กรุงเทพมหานคร ประเทศไทย
1128701,กรุงเทพคริสเตียนวิทยาลัย,TMD,13.719444,100.525558,กรุงเทพมหานคร,กรุงเทพมหานคร,สาทร,,แขวงยานนาวา,แขวงยานนาวา,แขวงยานนาวา เขตสาทร กรุงเทพมหานคร 10120 ประเทศไทย
1128702,ร.ร.คลองกลันตัน,TMD,13.728056,100.642502,กรุงเทพมหานคร,กรุงเทพมหานคร,สวนหลวง,สวนหลวง,แขวงพัฒนาการ,,สวนหลวง แขวงสวนหลวง เขตสวนหลวง กรุงเทพมหานคร ประเทศไทย
1128703,ร.ร.เตรียมอุดมศึกษาพัฒนาการ,TMD,13.7275,100.656113,กรุงเทพมหานคร,กรุงเทพมหานคร,ประเวศ,,แขวงประเวศ,ประเวศ,ประเวศ แขวงประเวศ เขตประเวศ กรุงเทพมหานคร 10250 ประเทศไทย
1128704,ศูนย์บริภัณฑ์เพื่อการศึกษา,TMD,13.717778,100.585831,กรุงเทพมหานคร,กรุงเทพมหานคร,คลองเตย,,แขวงพระโขนง,พระโขนง,พระโขนง แขวงพระโขนง เขตคลองเตย กรุงเทพมหานคร ประเทศไทย
1128705,หมู่บ้านทุ่งเศรษฐี,TMD,13.671389,100.682503,กรุงเทพมหานคร,กรุงเทพมหานคร,ประเวศ,,แขวงดอกไม้,ดอกไม้,ดอกไม้ แขวงดอกไม้ เขตประเวศ กรุงเทพมหานคร 10250 ประเทศไทย
1128706,โรงงานปุ๋ยกรุงเทพมหานคร,TMD,13.763889,100.555557,กรุงเทพมหานคร,กรุงเทพมหานคร,ดินแดง,ดินแดง,แขวงดินแดง,,ดินแดง เขตดินแดง กรุงเทพมหานคร 10400 ประเทศไทย
1128707,บ.เทเคด้า,TMD,13.831111,100.669441,กรุงเทพมหานคร,กรุงเทพมหานคร,คันนายาว,,แขวงรามอินทรา,รามอินทรา,รามอินทรา แขวงรามอินทรา เขตคันนายาว กรุงเทพมหานคร 10230 ประเทศไทย
1128708,โรงพิมพ์คุรุสภา,TMD,13.791945,100.601112,กรุงเทพมหานคร,กรุงเทพมหานคร,วังทองหลาง,,แขวงสะพานสอง,สะพานสอง,สะพานสอง แขวงสะพานสอง เขตวังทองหลาง กรุงเทพมหานคร 10310 ประเทศไทย
1128709,ร.ร.วัดบึงทองหลาง,TMD,13.794444,100.628609,กรุงเทพมหานคร,กรุงเทพมหานคร,บางกะปิ,,แขวงคลองจั่น,คลองจั่น,คลองจั่น แขวงคลองจั่น เขตบางกะปิ กรุงเทพมหานคร 10240 ประเทศไทย
1128710,ร.ร.คลองกุ่ม,TMD,13.775833,100.662781,กรุงเทพมหานคร,กรุงเทพมหานคร,บึงกุ่ม,,แขวงคลองกุ่ม,คลองกุ่ม,คลองกุ่ม เขตบึงกุ่ม กรุงเทพมหานคร ประเทศไทย
1128711,มหาวิทยาลัยรามคำแหง,TMD,13.7525,100.621948,กรุงเทพมหานคร,กรุงเทพมหานคร,บางกะปิ,,แขวงหัวหมาก,หัวหมาก,หัวหมาก แขวงหัวหมาก เขตบางกะปิ กรุงเทพมหานคร 10240 ประเทศไทย
1128712,วัดนวลจันทร์,TMD,13.835,100.641113,กรุงเทพมหานคร,กรุงเทพมหานคร,บึงกุ่ม,,แขวงนวลจันทร์,นวลจันทร์,นวลจันทร์ กรุงเทพมหานคร 10230 ประเทศไทย
1128713,ร.ร.บ้านลาดพร้าว,TMD,13.805555,100.500557,นนทบุรี,นนทบุรี,บางกรวย,อำเภอบางกรวย,ตำบลบางกรวย,บางกรวย,บางกรวย ตำบล บางกรวย อำเภอบางกรวย นนทบุรี 11130 ประเทศไทย
1128714,โรงเรียนปฐมนิเวศน์,TMD,13.839723,100.548615,กรุงเทพมหานคร,กรุงเทพมหานคร,จตุจักร,,แขวงลาดยาว,ลาดยาว,ลาดยาว แขวงลาดยาว เขตจตุจักร กรุงเทพมหานคร 10900 ประเทศไทย
1128715,ร.ร.วัดราษฎร์นิยมธรรม,TMD,13.878612,100.544998,นนทบุรี,นนทบุรี,เมืองนนทบุรี,อำเภอเมืองนนทบุรี,ตำบลท่าทราย,ท่าทราย,ท่าทราย อำเภอเมืองนนทบุรี นนทบุรี ประเทศไทย
1128716,ร.ร.บ้านบัวมล,TMD,13.863889,100.646942,กรุงเทพมหานคร,กรุงเทพมหานคร,บางเขน,,แขวงท่าแร้ง,ท่าแร้ง,ท่าแร้ง แขวงท่าแร้ง เขตบางเขน กรุงเทพมหานคร 10220 ประเทศไทย
1128717,แขวงการทางกรุงเทพฯ,TMD,13.889444,100.58889,กรุงเทพมหานคร,กรุงเทพมหานคร,หลักสี่,,แขวงตลาดบางเขน,ตลาดบางเขน,ตลาดบางเขน แขวงตลาดบางเขน เขตหลักสี่ กรุงเทพมหานคร 10210 ประเทศไทย
1128718,ศูนย์การแพทย์และอนามัยบางเขน,TMD,13.889444,100.505836,นนทบุรี,นนทบุรี,เมืองนนทบุรี,อำเภอเมืองนนทบุรี,ตำบลท่าทราย,ท่าทราย,ท่าทราย อำเภอเมืองนนทบุรี นนทบุรี ประเทศไทย
1128719,กองบินตำรวจ,TMD,13.853056,100.556946,กรุงเทพมหานคร,กรุงเทพมหานคร,จตุจักร,,แขวงลาดยาว,ลาดยาว,ลาดยาว แขวงลาดยาว เขตจตุจักร กรุงเทพมหานคร 10900 ประเทศไทย
1128720,สนง.พลังงานปรมาณูเพื่อสันติ,TMD,13.850278,100.566948,กรุงเทพมหานคร,กรุงเทพมหานคร,จตุจักร,,แขวงลาดยาว,ลาดยาว,ลาดยาว แขวงลาดยาว เขตจตุจักร กรุงเทพมหานคร 10900 ประเทศไทย
1128721,สถาบันราชภัฎจันทร์เกษม,TMD,13.819722,100.578331,กรุงเทพมหานคร,กรุงเทพมหานคร,จตุจักร,,แขวงจันทรเกษม,จันทรเกษม,จันทรเกษม แขวงจันทรเกษม เขตจตุจักร กรุงเทพมหานคร 10900 ประเทศไทย
1128722,ศูนย์ฝึกการบินพลเรือน,TMD,13.803333,100.561668,กรุงเทพมหานคร,กรุงเทพมหานคร,จตุจักร,,แขวงจอมพล,จอมพล,จอมพล แขวงจอมพล เขตจตุจักร กรุงเทพมหานคร 10900 ประเทศไทย
1128723,กองกำกับการสายตรวจฯ,TMD,13.823889,100.56028,กรุงเทพมหานคร,กรุงเทพมหานคร,จตุจักร,,แขวงจตุจักร,จตุจักร,จตุจักร แขวงจตุจักร เขตจตุจักร กรุงเทพมหานคร 10900 ประเทศไทย
1128724,ร.1 พัน 2 รอ.,TMD,13.893888,100.573334,กรุงเทพมหานคร,กรุงเทพมหานคร,หลักสี่,,แขวงทุ่งสองห้อง,ทุ่งสองห้อง,ทุ่งสองห้อง แขวงทุ่งสองห้อง เขตหลักสี่ กรุงเทพมหานคร 10210 ประเทศไทย
1128725,หมู่บ้านปิ่นเจริญ,TMD,13.926111,100.598892,กรุงเทพมหานคร,กรุงเทพมหานคร,ดอนเมือง,,แขวงสีกัน,สีกัน,สีกัน เขตดอนเมือง กรุงเทพมหานคร ประเทศไทย
1128726,เขตหนองจอก,TMD,13.854445,100.864998,กรุงเทพมหานคร,กรุงเทพมหานคร,หนองจอก,,แขวงกระทุ่มราย,กระทุ่มราย,กระทุ่มราย แขวงกระทุ่มราย เขตหนองจอก กรุงเทพมหานคร 10530 ประเทศไทย
1128727,เขตมีนบุรี,TMD,13.811666,100.735558,กรุงเทพมหานคร,กรุงเทพมหานคร,มีนบุรี,,แขวงมีนบุรี,มีนบุรี,มีนบุรี กรุงเทพมหานคร 10510 ประเทศไทย
1128729,เขตตลิ่งชัน,TMD,13.775,100.45639,กรุงเทพมหานคร,กรุงเทพมหานคร,บางกอกน้อย,,แขวงบางขุนศรี,บางขุนศรี,บางขุนศรี เขตบางกอกน้อย กรุงเทพมหานคร 10700 ประเทศไทย
1128730,ร.ร.สุวรรณพลับพลาพิทยาคม,TMD,13.753889,100.451942,กรุงเทพมหานคร,กรุงเทพมหานคร,ตลิ่งชัน,,แขวงบางพรม,บางพรม,บางพรม เขตตลิ่งชัน กรุงเทพมหานคร 10170 ประเทศไทย
1128731,โรงเรียนวัดทอง,TMD,13.770833,100.455833,กรุงเทพมหานคร,กรุงเทพมหานคร,บางกอกน้อย,,แขวงบางขุนศรี,บางขุนศรี,บางขุนศรี เขตบางกอกน้อย กรุงเทพมหานคร 10700 ประเทศไทย
1128732,เขตราษฎร์บูรณะ,TMD,13.680555,100.509445,กรุงเทพมหานคร,กรุงเทพมหานคร,ราษฎร์บูรณะ,,แขวงราษฎร์บูรณะ,ราษฎร์บูรณะ,ราษฎร์บูรณะ กรุงเทพมหานคร 10140 ประเทศไทย
1128733,อิสลามวิทยาลัยแห่งประเทศไทย,TMD,13.636111,100.505554,กรุงเทพมหานคร,กรุงเทพมหานคร,ทุ่งครุ,,แขวงทุ่งครุ,ทุ่งครุ,ทุ่งครุ แขวงทุ่งครุ เขตทุ่งครุ กรุงเทพมหานคร 10140 ประเทศไทย
1128734,สถานีทดลองพืชสวนบางกอกน้อย,TMD,13.765,100.476112,กรุงเทพมหานคร,กรุงเทพมหานคร,บางกอกน้อย,,แขวงศิริราช,ศิริราช,ศิริราช เขตบางกอกน้อย กรุงเทพมหานคร 10700 ประเทศไทย
1128735,ร.ร.สามัคคีสุทธาวาส,TMD,13.791667,100.502502,กรุงเทพมหานคร,กรุงเทพมหานคร,บางพลัด,,แขวงบางพลัด,บางพลัด,บางพลัด เขตบางพลัด กรุงเทพมหานคร 10700 ประเทศไทย
1128736,ร.ร.พณิชยการสยาม,TMD,13.785833,100.515274,กรุงเทพมหานคร,กรุงเทพมหานคร,ดุสิต,,แขวงถนนนครไชยศรี,ถนนนครไชยศรี,ถนนนครไชยศรี กรุงเทพมหานคร ประเทศไทย
1128737,ร.ร.ศรีอุลัย,TMD,13.776667,100.498055,กรุงเทพมหานคร,กรุงเทพมหานคร,บางพลัด,,แขวงบางยี่ขัน,บางยี่ขัน,บางยี่ขัน กรุงเทพมหานคร 10700 ประเทศไทย
1128738,สถานีรถไฟบางบำหรุ,TMD,13.791389,100.479164,กรุงเทพมหานคร,กรุงเทพมหานคร,บางพลัด,,แขวงบางพลัด,บางพลัด,บางพลัด เขตบางพลัด กรุงเทพมหานคร 10700 ประเทศไทย
1128739,ตำบลบางบำหรุ,TMD,13.775556,100.486664,กรุงเทพมหานคร,กรุงเทพมหานคร,บางพลัด,,แขวงบางยี่ขัน,บางยี่ขัน,บางยี่ขัน กรุงเทพมหานคร 10700 ประเทศไทย
1128740,ร.ร.สมโภชกรุงรัตนโกสินทร์ 200 ปี,TMD,13.711667,100.685837,กรุงเทพมหานคร,กรุงเทพมหานคร,ประเวศ,,แขวงประเวศ,ประเวศ,ประเวศ แขวงประเวศ เขตประเวศ กรุงเทพมหานคร 10250 ประเทศไทย
1128741,ร.ร.วัดทิพพาวาส,TMD,13.777778,100.805275,กรุงเทพมหานคร,กรุงเทพมหานคร,ลาดกระบัง,,แขวงลำปลาทิว,ลำปลาทิว,ลำปลาทิว เขตลาดกระบัง กรุงเทพมหานคร 10520 ประเทศไทย
1128742,ร.ร.วัดราชโกษา,TMD,13.698889,100.854721,กรุงเทพมหานคร,กรุงเทพมหานคร,ลาดกระบัง,,แขวงขุมทอง,ขุมทอง,ขุมทอง แขวงขุมทอง เขตลาดกระบัง กรุงเทพมหานคร 10520 ประเทศไทย
1128743,ร.ร.วัดลานบุญ,TMD,13.725,100.72361,กรุงเทพมหานคร,กรุงเทพมหานคร,ลาดกระบัง,,แขวงลาดกระบัง,ลาดกระบัง,ลาดกระบัง แขวงลาดกระบัง เขตลาดกระบัง กรุงเทพมหานคร ประเทศไทย
1128744,ที่ทำการผู้ใหญ่บ้าน หมู่ 13,TMD,13.806945,100.925278,กรุงเทพมหานคร,กรุงเทพมหานคร,หนองจอก,,แขวงกระทุ่มราย,กระทุ่มราย,กระทุ่มราย แขวงกระทุ่มราย เขตหนองจอก กรุงเทพมหานคร 10530 ประเทศไทย
1128745,ร.ร.วัดสามง่าม,TMD,13.887222,100.811943,กรุงเทพมหานคร,กรุงเทพมหานคร,หนองจอก,,แขวงคู้ฝั่งเหนือ,คู้ฝั่งเหนือ,คู้ฝั่งเหนือ แขวงคู้ฝั่งเหนือ เขตหนองจอก กรุงเทพมหานคร 10530 ประเทศไทย
1128746,ร.ร.วัดทรัพย์สโมสร,TMD,13.848056,100.805275,กรุงเทพมหานคร,กรุงเทพมหานคร,หนองจอก,,แขวงโคกแฝด,โคกแฝด,โคกแฝด เขตหนองจอก กรุงเทพมหานคร ประเทศไทย
1128747,ร.ร.วัดพระยาปลา,TMD,13.915556,100.866386,กรุงเทพมหานคร,กรุงเทพมหานคร,หนองจอก,,แขวงคลองสิบสอง,คลองสิบสอง,คลองสิบสอง เขตหนองจอก กรุงเทพมหานคร 10530 ประเทศไทย
1128748,ร.ร.สุเหร่าลำแขก,TMD,13.8025,100.863892,กรุงเทพมหานคร,กรุงเทพมหานคร,หนองจอก,,แขวงลำผักชี,ลำผักชี,ลำผักชี แขวงลำผักชี เขตหนองจอก กรุงเทพมหานคร 10530 ประเทศไทย
1128749,ร.ร.วัดสุธิสะอาด,TMD,13.875,100.736115,กรุงเทพมหานคร,กรุงเทพมหานคร,คลองสามวา,,แขวงสามวาตะวันออก,สามวาตะวันออก,สามวาตะวันออก แขวงสามวาตะวันออก เขตคลองสามวา กรุงเทพมหานคร 10510 ประเทศไทย
1128750,ร.ร.เตรียมอุดมศึกษาน้อมเกล้า,TMD,13.776389,100.680557,กรุงเทพมหานคร,กรุงเทพมหานคร,สะพานสูง,สะพานสูง,แขวงสะพานสูง,,สะพานสูง เขตสะพานสูง กรุงเทพมหานคร ประเทศไทย
1128751,เขตประเวศ,TMD,13.706111,100.706665,กรุงเทพมหานคร,กรุงเทพมหานคร,ประเวศ,,แขวงประเวศ,ประเวศ,ประเวศ แขวงประเวศ เขตประเวศ กรุงเทพมหานคร 10250 ประเทศไทย
1128752,ศูนย์ก่อสร้างและบรูณะถนน 3,TMD,13.677778,100.666389,กรุงเทพมหานคร,กรุงเทพมหานคร,ประเวศ,,แขวงหนองบอน,หนองบอน,หนองบอน เขตประเวศ กรุงเทพมหานคร 10250 ประเทศไทย
1128753,เขตพระโขนง,TMD,13.7,100.521667,กรุงเทพมหานคร,กรุงเทพมหานคร,บางคอแหลม,,แขวงบางโคล่,บางโคล่,บางโคล่ กรุงเทพมหานคร 10120 ประเทศไทย
1128754,สวนจิตรลดา,TMD,13.765555,100.521667,กรุงเทพมหานคร,กรุงเทพมหานคร,ดุสิต,,แขวงสวนจิตรลดา,สวนจิตรลดา,สวนจิตรลดา เขตดุสิต กรุงเทพมหานคร ประเทศไทย
1128755,ร.ร.วัดด่าน,TMD,13.669167,100.543892,สมุทรปราการ,สมุทรปราการ,พระประแดง,อำเภอพระประแดง,ตำบลทรงคนอง,ทรงคนอง,ทรงคนอง อำเภอพระประแดง สมุทรปราการ 10130 ประเทศไทย
1128756,เขตบางขุนเทียน,TMD,13.658889,100.440834,กรุงเทพมหานคร,กรุงเทพมหานคร,บางขุนเทียน,,แขวงแสมดำ,แสมดำ,แสมดำ เขตบางขุนเทียน กรุงเทพมหานคร 10150 ประเทศไทย
1128757,ร.ร.วัดหัวกระบือ,TMD,13.623055,100.442223,กรุงเทพมหานคร,กรุงเทพมหานคร,บางขุนเทียน,,แขวงท่าข้าม,ท่าข้าม,ท่าข้าม กรุงเทพมหานคร ประเทศไทย
1128758,ร.ร.นวมินทราชูทิศ สตรีวิทยา 3,TMD,13.777223,100.368057,กรุงเทพมหานคร,กรุงเทพมหานคร,ทวีวัฒนา,,แขวงศาลาธรรมสพน์,ศาลาธรรมสพน์,ศาลาธรรมสพน์ แขวงศาลาธรรมสพน์ เขตทวีวัฒนา กรุงเทพมหานคร 10170 ประเทศไทย
1128759,ร.ร.ทวีธาภิเศก 2,TMD,13.562222,100.419724,กรุงเทพมหานคร,กรุงเทพมหานคร,บางขุนเทียน,,แขวงท่าข้าม,ท่าข้าม,ท่าข้าม กรุงเทพมหานคร ประเทศไทย
1128760,บ้านนา,TMD,14.25,101.066666,นครนายก,นครนายก,บ้านนา,อำเภอบ้านนา,ตำบลพิกุลออก,พิกุลออก,พิกุลออก อำเภอบ้านนา นครนายก 26110 ประเทศไทย
1128761,ปากพลี,TMD,14.15,101.25,นครนายก,นครนายก,ปากพลี,อำเภอปากพลี,ตำบลเกาะหวาย,เกาะหวาย,เกาะหวาย อำเภอปากพลี นครนายก 26130 ประเทศไทย
1128762,องครักษ์,TMD,14.116667,101,นครนายก,นครนายก,องครักษ์,อำเภอองครักษ์,ตำบลองครักษ์,องครักษ์,องครักษ์ อำเภอองครักษ์ นครนายก 26120 ประเทศไทย
1128763,สำนักงานเกษตรจังหวัดฉะเชิงเทรา,TMD,13.683333,101.066666,ฉะเชิงเทรา,ฉะเชิงเทรา,เมืองฉะเชิงเทรา,อำเภอเมืองฉะเชิงเทรา,ตำบลหน้าเมือง,หน้าเมือง,หน้าเมือง อำเภอเมืองฉะเชิงเทรา ฉะเชิงเทรา 24000 ประเทศไทย
1128764,บ้านโพธิ์,TMD,13.6,101.099998,ฉะเชิงเทรา,ฉะเชิงเทรา,บ้านโพธิ์,อำเภอบ้านโพธิ์,ตำบลหนองตีนนก,หนองตีนนก,หนองตีนนก อำเภอบ้านโพธิ์ ฉะเชิงเทรา 24140 ประเทศไทย
1128765,บางคล้า,TMD,13.733334,101.23333,ฉะเชิงเทรา,ฉะเชิงเทรา,บางคล้า,อำเภอบางคล้า,ตำบลปากน้ำ,ปากน้ำ,ปากน้ำ ตำบล ปากน้ำ อำเภอบางคล้า ฉะเชิงเทรา ประเทศไทย
1128766,บางน้ำเปรี้ยว,TMD,13.866667,101.050003,ฉะเชิงเทรา,ฉะเชิงเทรา,บางน้ำเปรี้ยว,อำเภอบางน้ำเปรี้ยว,ตำบลหมอนทอง,หมอนทอง,หมอนทอง อำเภอบางน้ำเปรี้ยว ฉะเชิงเทรา 24150 ประเทศไทย
1128767,พนมสารคาม,TMD,13.733334,101.349998,ฉะเชิงเทรา,ฉะเชิงเทรา,พนมสารคาม,อำเภอพนมสารคาม,ตำบลท่าถ่าน,ท่าถ่าน,ท่าถ่าน อำเภอพนมสารคาม ฉะเชิงเทรา 24120 ประเทศไทย
1128768,สนามชัยเขต,TMD,13.65,101.433334,ฉะเชิงเทรา,ฉะเชิงเทรา,สนามชัยเขต,อำเภอสนามชัยเขต,ตำบลคู้ยายหมี,คู้ยายหมี,คู้ยายหมี อำเภอสนามชัยเขต ฉะเชิงเทรา ประเทศไทย
1128769,บางปะกง,TMD,13.5,101.033333,ฉะเชิงเทรา,ฉะเชิงเทรา,บางปะกง,อำเภอบางปะกง,ตำบลท่าข้าม,ท่าข้าม,ท่าข้าม อำเภอบางปะกง ฉะเชิงเทรา ประเทศไทย
1128770,ราชสาสน์,TMD,13.75,101.300003,ฉะเชิงเทรา,ฉะเชิงเทรา,ราชสาส์น,อำเภอ ราชสาส์น,ตำบลเมืองใหม่,เมืองใหม่,เมืองใหม่ ตำบล เมืองใหม่ อำเภอ ราชสาส์น ฉะเชิงเทรา ประเทศไทย
1128771,สถานีวิจัยสัตว์ป่าฉะเชิงเทรา อ.สนามชัยเขต,TMD,13.366667,101.883331,ฉะเชิงเทรา,ฉะเชิงเทรา,ท่าตะเกียบ,อำเภอท่าตะเกียบ,ตำบลคลองตะเกรา,คลองตะเกรา,คลองตะเกรา อำเภอท่าตะเกียบ ฉะเชิงเทรา ประเทศไทย
1128772,ประจันตคาม,TMD,14.033334,101.566666,ปราจีนบุรี,ปราจีนบุรี,ประจันตคาม,อำเภอ ประจันตคาม,ตำบลดงบัง,ดงบัง,ดงบัง อำเภอ ประจันตคาม ปราจีนบุรี ประเทศไทย
1128773,บ้านสร้าง,TMD,14,101.216667,ปราจีนบุรี,ปราจีนบุรี,บ้านสร้าง,อำเภอ บ้านสร้าง,ตำบลบ้านสร้าง,บ้านสร้าง,บ้านสร้าง อำเภอ บ้านสร้าง ปราจีนบุรี ประเทศไทย
1128774,ศรีมหาโพธิ์,TMD,13.966666,101.51667,ปราจีนบุรี,ปราจีนบุรี,ศรีมหาโพธิ,อำเภอศรีมหาโพธิ,ตำบลศรีมหาโพธิ,ศรีมหาโพธิ,ศรีมหาโพธิ อำเภอศรีมหาโพธิ ปราจีนบุรี ประเทศไทย
1128775,บ้านทับลาน อ.นาดี,TMD,14.233334,101.900002,ปราจีนบุรี,ปราจีนบุรี,นาดี,อำเภอนาดี,ตำบลบุพราหมณ์,บุพราหมณ์,บุพราหมณ์ อำเภอนาดี ปราจีนบุรี 25220 ประเทศไทย
1128776,พุนพิน,TMD,9.083333,99.25,นครศรีธรรมราช,สุราษฎร์ธานี,เมืองนครศรีธรรมราช,อำเภอพุนพิน,ตำบลเขาหัวควาย,เขาหัวควาย,เขาหัวควาย อำเภอพุนพิน สุราษฎร์ธานี ประเทศไทย
1128777,บ้านวังท่าช้าง อ.กบินทร์บุรี,TMD,13.766666,101.900002,ปราจีนบุรี,ปราจีนบุรี,กบินทร์บุรี,อำเภอกบินทร์บุรี,ตำบลวังท่าช้าง,วังท่าช้าง,วังท่าช้าง อำเภอกบินทร์บุรี ปราจีนบุรี ประเทศไทย
1128778,บ้านสระบัว อ.กบินทร์บุรี,TMD,13.833333,101.833336,ปราจีนบุรี,ปราจีนบุรี,กบินทร์บุรี,อำเภอกบินทร์บุรี,ตำบลย่านรี,ย่านรี,ย่านรี อำเภอกบินทร์บุรี ปราจีนบุรี 25110 ประเทศไทย
1128779,สน.ทดลองพืชไร่ปราจีน,TMD,13.813611,101.796669,ปราจีนบุรี,ปราจีนบุรี,กบินทร์บุรี,อำเภอกบินทร์บุรี,ตำบลเขาไม้แก้ว,เขาไม้แก้ว,เขาไม้แก้ว อำเภอกบินทร์บุรี ปราจีนบุรี ประเทศไทย
1128780,วัฒนานคร,TMD,13.7,102.349998,สระแก้ว,สระแก้ว,วัฒนานคร,อำเภอวัฒนานคร,ตำบลผักขะ,ผักขะ,ผักขะ อำเภอวัฒนานคร สระแก้ว ประเทศไทย
1128782,บ้านโคกสูง อ.ตาพระยา,TMD,13.8,102.716667,สระแก้ว,สระแก้ว,โคกสูง,อำเภอ โคกสูง,ตำบลโนนหมากมุ่น,โนนหมากมุ่น,โนนหมากมุ่น อำเภอ โคกสูง สระแก้ว ประเทศไทย
1128783,อุทยานแห่งชาติปางสีดา,TMD,13.9925,102.209999,สระแก้ว,สระแก้ว,เมืองสระแก้ว,อำเภอเมืองสระแก้ว,ตำบลท่าแยก,ท่าแยก,ท่าแยก อำเภอเมืองสระแก้ว สระแก้ว 27000 ประเทศไทย
1128784,บ้านบึง,TMD,13.3,101.116669,ชลบุรี,ชลบุรี,บ้านบึง,อำเภอบ้านบึง,ตำบลบ้านบึง,บ้านบึง,บ้านบึง อำเภอบ้านบึง ชลบุรี ประเทศไทย
1128785,ศรีราชา,TMD,13.166667,100.949997,ชลบุรี,ชลบุรี,ศรีราชา,อำเภอศรีราชา,ตำบลสุรศักดิ์,สุรศักดิ์,สุรศักดิ์ อำเภอศรีราชา ชลบุรี ประเทศไทย
1128786,พานทอง,TMD,13.466666,101.099998,ชลบุรี,ชลบุรี,พานทอง,อำเภอพานทอง,ตำบลพานทอง,พานทอง,พานทอง อำเภอพานทอง ชลบุรี ประเทศไทย
1128787,บางละมุง,TMD,12.916667,100.949997,ชลบุรี,ชลบุรี,เมืองชลบุรี,อำเภอบางละมุง,ตำบลหนองปรือ,หนองปรือ,หนองปรือ เมืองพัทยา อำเภอบางละมุง ชลบุรี 20150 ประเทศไทย
1128788,พนัสนิคม,TMD,13.466666,101.183334,ชลบุรี,ชลบุรี,พนัสนิคม,อำเภอพนัสนิคม,ตำบลไร่หลักทอง,ไร่หลักทอง,ไร่หลักทอง อำเภอพนัสนิคม ชลบุรี 20140 ประเทศไทย
1128789,ศูนย์ฝึกทหารใหม่ อ.สัตหีบ,TMD,12.75,100.849998,ชลบุรี,ชลบุรี,เมืองชลบุรี,อำเภอสัตหีบ,ตำบลบางเสร่,บางเสร่,บางเสร่ อำเภอสัตหีบ ชลบุรี ประเทศไทย
1128790,สวนสัตว์เปิดเขาเขียว,TMD,13.3,101.050003,ชลบุรี,ชลบุรี,เมืองชลบุรี,อำเภอเมืองชลบุรี,ตำบลหนองรี,หนองรี,หนองรี อำเภอเมืองชลบุรี ชลบุรี ประเทศไทย
1128791,อ.เมืองตราด,TMD,12.216666,102.583336,ประจวบคีรีขันธ์,ตราด,เมืองประจวบคีรีขันธ์,อำเภอเมืองตราด,ตำบลท่าพริก,ท่าพริก,ท่าพริก อำเภอเมืองตราด ตราด ประเทศไทย
1128792,เขาสมิง,TMD,12.316667,102.449997,ประจวบคีรีขันธ์,ตราด,เมืองประจวบคีรีขันธ์,อำเภอ เขาสมิง,ตำบลเขาสมิง,เขาสมิง,เขาสมิง อำเภอ เขาสมิง ตราด ประเทศไทย
1128793,บ่อไร่,TMD,12.533334,102.550003,ชลบุรี,ตราด,เมืองชลบุรี,อำเภอ บ่อไร่,ตำบลนนทรีย์,นนทรีย์,นนทรีย์ อำเภอ บ่อไร่ ตราด ประเทศไทย
1128794,แขวงการทางตราด อ.เมือง,TMD,12.25,102.550003,ประจวบคีรีขันธ์,ตราด,เมืองประจวบคีรีขันธ์,อำเภอเมืองตราด,ตำบลเนินทราย,เนินทราย,เนินทราย อำเภอเมืองตราด ตราด ประเทศไทย
1128795,เกาะกูด,TMD,11.6,102.583336,ประจวบคีรีขันธ์,ตราด,เมืองประจวบคีรีขันธ์,อำเภอ เกาะกูด,ตำบลเกาะกูด,เกาะกูด,เกาะกูด ตำบล เกาะกูด อำเภอ เกาะกูด ตราด ประเทศไทย
1128797,สนง.เกษตร อ.เมืองเพชรบุรี,TMD,13.066667,99.966667,เพชรบุรี,เพชรบุรี,บ้านลาด,อำเภอบ้านลาด,ตำบลสมอพลือ,สมอพลือ,สมอพลือ อำเภอบ้านลาด เพชรบุรี ประเทศไทย
1128799,สนง.เกษตร อ.เขาย้อย,TMD,13.216666,99.849998,เพชรบุรี,เพชรบุรี,เขาย้อย,อำเภอเขาย้อย,ตำบลเขาย้อย,เขาย้อย,เขาย้อย อำเภอเขาย้อย เพชรบุรี 76140 ประเทศไทย
1128800,สนง.เกษตร อ.บ้านลาด,TMD,13.016666,99.949997,เพชรบุรี,เพชรบุรี,บ้านลาด,อำเภอบ้านลาด,ตำบลหนองกระเจ็ด,หนองกระเจ็ด,หนองกระเจ็ด อำเภอบ้านลาด เพชรบุรี ประเทศไทย
1128801,สนง.เกษตร อ.ท่ายาง,TMD,12.971945,99.890556,ชลบุรี,เพชรบุรี,เมืองชลบุรี,อำเภอท่ายาง,ตำบลท่ายาง,ท่ายาง,ท่ายาง อำเภอท่ายาง เพชรบุรี ประเทศไทย
1128802,บ้านแหลม,TMD,13.216666,99.98333,เพชรบุรี,เพชรบุรี,บ้านแหลม,อำเภอ บ้านแหลม,ตำบลบ้านแหลม,บ้านแหลม,บ้านแหลม อำเภอ บ้านแหลม เพชรบุรี ประเทศไทย
1128803,หนองหญ้าปล้อง,TMD,13.151944,99.703331,เพชรบุรี,เพชรบุรี,หนองหญ้าปล้อง,อำเภอหนองหญ้าปล้อง,ตำบลหนองหญ้าปล้อง,หนองหญ้าปล้อง,หนองหญ้าปล้อง อำเภอหนองหญ้าปล้อง เพชรบุรี ประเทศไทย
1128804,ศูนย์ฝึกพัฒนานักบริหารป่าไม้,TMD,12.8,99.98333,ชลบุรี,เพชรบุรี,เมืองชลบุรี,อำเภอชะอำ,ตำบลชะอำ,ชะอำ,ชะอำ อำเภอชะอำ เพชรบุรี ประเทศไทย
1128805,ศูนย์สาธิตสหกรณ์ โครงการหุบกระพง,TMD,12.783334,99.916664,ชลบุรี,เพชรบุรี,เมืองชลบุรี,อำเภอชะอำ,ตำบลเขาใหญ่,เขาใหญ่,เขาใหญ่ อำเภอชะอำ เพชรบุรี 76120 ประเทศไทย
1128806,ศูนย์ศึกษาพัฒนาห้วยทราย อ.ชะอำ,TMD,12.666667,99.900002,ชลบุรี,เพชรบุรี,เมืองชลบุรี,อำเภอชะอำ,ตำบลสามพระยา,สามพระยา,สามพระยา อำเภอชะอำ เพชรบุรี 76120 ประเทศไทย
1128807,เขากะปุก อ.ชะอำ,TMD,12.7,99.900002,ชลบุรี,เพชรบุรี,เมืองชลบุรี,อำเภอชะอำ,ตำบลสามพระยา,สามพระยา,สามพระยา อำเภอชะอำ เพชรบุรี 76120 ประเทศไทย
1128808,สวนสมเด็จ อ.ชะอำ,TMD,12.716666,99.883331,ชลบุรี,เพชรบุรี,เมืองชลบุรี,อำเภอชะอำ,ตำบลสามพระยา,สามพระยา,สามพระยา อำเภอชะอำ เพชรบุรี 76120 ประเทศไทย
1128809,ปราณบุรี,TMD,12.366667,99.949997,ประจวบคีรีขันธ์,ประจวบคีรีขันธ์,เมืองประจวบคีรีขันธ์,อำเภอปราณบุรี,ตำบลปราณบุรี,ปราณบุรี,ปราณบุรี อำเภอปราณบุรี ประจวบคีรีขันธ์ ประเทศไทย
1128814,สวนป่าห้วยทราย อ.เมือง,TMD,11.616667,99.666664,ประจวบคีรีขันธ์,ประจวบคีรีขันธ์,เมืองประจวบคีรีขันธ์,อำเภอทับสะแก,ตำบลห้วยยาง,ห้วยยาง,ห้วยยาง อำเภอทับสะแก ประจวบคีรีขันธ์ 77130 ประเทศไทย
1128815,นิคมสร้างตนเองประจวบคีรีขันธ์,TMD,11.9,99.783333,ประจวบคีรีขันธ์,ประจวบคีรีขันธ์,เมืองประจวบคีรีขันธ์,อำเภอเมืองประจวบคีรีขันธ์,ตำบลอ่าวน้อย,อ่าวน้อย,อ่าวน้อย อำเภอเมืองประจวบคีรีขันธ์ ประจวบคีรีขันธ์ ประเทศไทย
1128816,ศูนย์บริการและพัฒนาโคนมห้วยสัตว์ใหญ่ อ.หัวหิน,TMD,12.533334,99.550003,ชลบุรี,ประจวบคีรีขันธ์,เมืองชลบุรี,อำเภอหัวหิน,ตำบลห้วยสัตว์ใหญ่,ห้วยสัตว์ใหญ่,ห้วยสัตว์ใหญ่ อำเภอหัวหิน ประจวบคีรีขันธ์ ประเทศไทย
1128817,ท่าแซะ,TMD,10.633333,99.199997,ชุมพร,ชุมพร,เมืองชุมพร,อำเภอท่าแซะ,ตำบลนากระตาม,นากระตาม,นากระตาม อำเภอท่าแซะ ชุมพร ประเทศไทย
1128818,หลังสวน,TMD,9.933333,99.099998,สุราษฎร์ธานี,ชุมพร,เมืองสุราษฎร์ธานี,อำเภอหลังสวน,ตำบลพ้อแดง,พ้อแดง,พ้อแดง อำเภอหลังสวน ชุมพร 86110 ประเทศไทย
1128819,พะโต๊ะ,TMD,9.766666,98.783333,ชุมพร,ชุมพร,พะโต๊ะ,อำเภอ พะโต๊ะ,ตำบลพะโต๊ะ,พะโต๊ะ,พะโต๊ะ อำเภอ พะโต๊ะ ชุมพร 86180 ประเทศไทย
1128820,ละแม,TMD,9.816667,99.133331,สุราษฎร์ธานี,ชุมพร,เมืองสุราษฎร์ธานี,อำเภอละแม,ตำบลละแม,ละแม,ละแม อำเภอละแม ชุมพร ประเทศไทย
1128821,ปท.สวี,TMD,10.216666,99.133331,สุราษฎร์ธานี,ชุมพร,เมืองสุราษฎร์ธานี,อำเภอสวี,ตำบลท่าหิน,ท่าหิน,ท่าหิน อำเภอสวี ชุมพร ประเทศไทย
1128822,ปะทิว,TMD,10.683333,99.316666,ชุมพร,ชุมพร,เมืองชุมพร,อำเภอปะทิว,ตำบลบางสน,บางสน,บางสน อำเภอปะทิว ชุมพร ประเทศไทย
1128823,ทุ่งตะโก,TMD,10.05,99.066666,สุราษฎร์ธานี,ชุมพร,เมืองสุราษฎร์ธานี,อำเภอทุ่งตะโก,ตำบลตะโก,ตะโก,ตะโก อำเภอทุ่งตะโก ชุมพร ประเทศไทย
1128824,บริษัทปะทิวการเพาะปลูกจำกัด,TMD,10.916667,99.383331,ชุมพร,ชุมพร,เมืองชุมพร,อำเภอปะทิว,ตำบลเขาไชยราช,เขาไชยราช,เขาไชยราช อำเภอปะทิว ชุมพร ประเทศไทย
1128825,โครงการอนุรักษ์พันธุกรรมพืช ต.สลุย อ.ท่าแซะ,TMD,10.783334,99.183334,ชุมพร,ชุมพร,เมืองชุมพร,อำเภอท่าแซะ,ตำบลหงษ์เจริญ,หงษ์เจริญ,หงษ์เจริญ อำเภอท่าแซะ ชุมพร ประเทศไทย
1128826,กระบุรี,TMD,10.383333,98.800003,ระนอง,ระนอง,กระบุรี,อำเภอ กระบุรี,ตำบลน้ำจืด,น้ำจืด,น้ำจืด อำเภอ กระบุรี ระนอง 85110 ประเทศไทย
1128827,กะเปอร์,TMD,9.566667,98.633331,ระนอง,ระนอง,กะเปอร์,อำเภอ กะเปอร์,ตำบลกะเปอร์,กะเปอร์,กะเปอร์ อำเภอ กะเปอร์ ระนอง 85120 ประเทศไทย
1128828,ละอุ่น,TMD,10.083333,98.783333,ระนอง,ระนอง,ละอุ่น,อำเภอ ละอุ่น,ตำบลละอุ่นเหนือ,ละอุ่นเหนือ,ละอุ่นเหนือ อำเภอ ละอุ่น ระนอง 85130 ประเทศไทย
1128829,เกาะพยาม อ.เมือง,TMD,9.716666,98.400002,ระนอง,ระนอง,เมืองระนอง,อำเภอเมืองระนอง,ตำบลเกาะพยาม,เกาะพยาม,เกาะพยาม อำเภอเมืองระนอง ระนอง ประเทศไทย
1128830,นิคมสร้างตนเองปากจั่น อ.กระบุรี,TMD,10.533334,98.849998,ระนอง,ระนอง,กระบุรี,อำเภอ กระบุรี,ตำบลปากจั่น,ปากจั่น,ปากจั่น ตำบล ปากจั่น อำเภอ กระบุรี ระนอง 85110 ประเทศไทย
1128831,ไชยา,TMD,9.4,99.216667,นครศรีธรรมราช,สุราษฎร์ธานี,เมืองนครศรีธรรมราช,อำเภอไชยา,ตำบลทุ่ง,ทุ่ง,ทุ่ง อำเภอไชยา สุราษฎร์ธานี 84110 ประเทศไทย
1128832,บ้านนาสาร,TMD,8.783334,99.383331,นครศรีธรรมราช,สุราษฎร์ธานี,เมืองนครศรีธรรมราช,อำเภอบ้านนาสาร,ตำบลนาสาร,นาสาร,นาสาร อำเภอบ้านนาสาร สุราษฎร์ธานี ประเทศไทย
1128833,กาญจนดิษฐ์,TMD,9.15,99.533333,นครศรีธรรมราช,สุราษฎร์ธานี,เมืองนครศรีธรรมราช,อำเภอกาญจนดิษฐ์,ตำบลพลายวาส,พลายวาส,พลายวาส อำเภอกาญจนดิษฐ์ สุราษฎร์ธานี 84160 ประเทศไทย
1128834,คีรีรัฐนิคม,TMD,9.016666,98.966667,สุราษฎร์ธานี,สุราษฎร์ธานี,คีรีรัฐนิคม,อำเภอ คีรีรัฐนิคม,ตำบลย่านยาว,ย่านยาว,ย่านยาว อำเภอ คีรีรัฐนิคม สุราษฎร์ธานี ประเทศไทย
1128836,ท่าฉาง,TMD,9.25,99.216667,นครศรีธรรมราช,สุราษฎร์ธานี,เมืองนครศรีธรรมราช,อำเภอท่าฉาง,ตำบลท่าเคย,ท่าเคย,ท่าเคย อำเภอท่าฉาง สุราษฎร์ธานี 84150 ประเทศไทย
1128837,ท่าชนะ,TMD,9.566667,99.166664,สุราษฎร์ธานี,สุราษฎร์ธานี,เมืองสุราษฎร์ธานี,อำเภอท่าชนะ,ตำบลท่าชนะ,ท่าชนะ,ท่าชนะ อำเภอท่าชนะ สุราษฎร์ธานี ประเทศไทย
1128838,พนม,TMD,8.85,98.816666,สุราษฎร์ธานี,สุราษฎร์ธานี,พนม,อำเภอพนม,ตำบลพนม,พนม,พนม อำเภอพนม สุราษฎร์ธานี 84250 ประเทศไทย
1128839,นิคมสร้างตนเองขุนทะเล อ.เมือง,TMD,9.083333,99.349998,นครศรีธรรมราช,สุราษฎร์ธานี,เมืองนครศรีธรรมราช,อำเภอเมืองสุราษฎร์ธานี,ตำบลมะขามเตี้ย,มะขามเตี้ย,มะขามเตี้ย อำเภอเมืองสุราษฎร์ธานี สุราษฎร์ธานี ประเทศไทย
1128840,ศูนย์วิจัยยางสุราษฎร์ธานี อ.ท่าชนะ,TMD,9.733334,99.083336,สุราษฎร์ธานี,ชุมพร,เมืองสุราษฎร์ธานี,อำเภอละแม,ตำบลสวนแตง,สวนแตง,สวนแตง อำเภอละแม ชุมพร ประเทศไทย
1128841,เวียงสระ,TMD,8.633333,99.349998,นครศรีธรรมราช,สุราษฎร์ธานี,เมืองนครศรีธรรมราช,อำเภอเวียงสระ,ตำบลเวียงสระ,เวียงสระ,เวียงสระ ตำบล เวียงสระ อำเภอเวียงสระ สุราษฎร์ธานี ประเทศไทย
1128842,บ้านตาขุน,TMD,8.916667,98.900002,สุราษฎร์ธานี,สุราษฎร์ธานี,บ้านตาขุน,อำเภอบ้านตาขุน,ตำบลเขาวง,เขาวง,เขาวง อำเภอบ้านตาขุน สุราษฎร์ธานี ประเทศไทย
1128843,ชัยบุรี,TMD,8.416667,99.083336,นครศรีธรรมราช,สุราษฎร์ธานี,เมืองนครศรีธรรมราช,อำเภอ ชัยบุรี,ตำบลชัยบุรี,ชัยบุรี,ชัยบุรี อำเภอ ชัยบุรี สุราษฎร์ธานี ประเทศไทย
1128844,ทุ่งใหญ่,TMD,8.283334,99.400002,นครศรีธรรมราช,นครศรีธรรมราช,เมืองนครศรีธรรมราช,อำเภอ ทุ่งใหญ่,ตำบลปริก,ปริก,ปริก อำเภอ ทุ่งใหญ่ นครศรีธรรมราช ประเทศไทย
1128846,ชะอวด,TMD,7.95,99.98333,สงขลา,นครศรีธรรมราช,เมืองสงขลา,อำเภอ ชะอวด,ตำบลท่าเสม็ด,ท่าเสม็ด,ท่าเสม็ด อำเภอ ชะอวด นครศรีธรรมราช 80180 ประเทศไทย
1128847,เชียรใหญ่,TMD,8.116667,100.150002,นครศรีธรรมราช,นครศรีธรรมราช,เมืองนครศรีธรรมราช,อำเภอ เชียรใหญ่,ตำบลการะเกด,การะเกด,การะเกด ตำบล การะเกด อำเภอ เชียรใหญ่ นครศรีธรรมราช ประเทศไทย
1128848,ลานสกา,TMD,8.35,99.816666,นครศรีธรรมราช,นครศรีธรรมราช,เมืองนครศรีธรรมราช,อำเภอ ลานสกา,ตำบลขุนทะเล,ขุนทะเล,ขุนทะเล อำเภอ ลานสกา นครศรีธรรมราช ประเทศไทย
1128849,บางชัน,TMD,8.016666,99.533333,นครศรีธรรมราช,นครศรีธรรมราช,เมืองนครศรีธรรมราช,อำเภอ บางขัน,ตำบลบ้านลำนาว,บ้านลำนาว,บ้านลำนาว อำเภอ บางขัน นครศรีธรรมราช ประเทศไทย
1128850,สถานีทดลองยางนครศรีธรรมราช,TMD,8.366667,99.533333,นครศรีธรรมราช,นครศรีธรรมราช,เมืองนครศรีธรรมราช,อำเภอ ช้างกลาง,ตำบลหลักช้าง,หลักช้าง,หลักช้าง อำเภอ ช้างกลาง นครศรีธรรมราช ประเทศไทย
1128851,สถาบันราชภัฏนครศรีธรรมราช,TMD,8.466666,99.866669,นครศรีธรรมราช,นครศรีธรรมราช,เมืองนครศรีธรรมราช,อำเภอเมืองนครศรีธรรมราช,ตำบลท่างิ้ว,ท่างิ้ว,ท่างิ้ว อำเภอเมืองนครศรีธรรมราช นครศรีธรรมราช ประเทศไทย
1128852,พิปูน,TMD,8.566667,99.616669,นครศรีธรรมราช,นครศรีธรรมราช,เมืองนครศรีธรรมราช,อำเภอ พิปูน,ตำบลเขาพระ,เขาพระ,เขาพระ อำเภอ พิปูน นครศรีธรรมราช ประเทศไทย
1128853,นาบอน,TMD,8.266666,99.599998,นครศรีธรรมราช,นครศรีธรรมราช,เมืองนครศรีธรรมราช,อำเภอ นาบอน,ตำบลนาบอน,นาบอน,นาบอน อำเภอ นาบอน นครศรีธรรมราช ประเทศไทย
1128854,พรหมคีรี,TMD,8.5,99.833336,นครศรีธรรมราช,นครศรีธรรมราช,เมืองนครศรีธรรมราช,อำเภอ พรหมคีรี,ตำบลพรหมโลก,พรหมโลก,พรหมโลก อำเภอ พรหมคีรี นครศรีธรรมราช ประเทศไทย
1128855,เฉลิมพระเกรียติ,TMD,8.114722,100.09861,นครศรีธรรมราช,นครศรีธรรมราช,เมืองนครศรีธรรมราช,อำเภอ เฉลิมพระเกียรติ,ตำบลสวนหลวง,สวนหลวง,สวนหลวง อำเภอ เฉลิมพระเกียรติ นครศรีธรรมราช ประเทศไทย
1128856,ม.วลัยลักษณ์ อ.ท่าศาลา,TMD,8.655,99.870552,นครศรีธรรมราช,นครศรีธรรมราช,เมืองนครศรีธรรมราช,อำเภอท่าศาลา,ตำบลไทยบุรี,ไทยบุรี,ไทยบุรี อำเภอท่าศาลา นครศรีธรรมราช 80160 ประเทศไทย
1128857,จุฬาภรณ์,TMD,8.079166,99.878891,นครศรีธรรมราช,นครศรีธรรมราช,เมืองนครศรีธรรมราช,อำเภอ จุฬาภรณ์,ตำบลสามตำบล,สามตำบล,สามตำบล อำเภอ จุฬาภรณ์ นครศรีธรรมราช 80130 ประเทศไทย
1128858,รร.คงคาประชารักษ์,TMD,8.741667,99.652779,นครศรีธรรมราช,นครศรีธรรมราช,เมืองนครศรีธรรมราช,อำเภอ นบพิตำ,ตำบลกรุงชิง,กรุงชิง,กรุงชิง ตำบล กรุงชิง อำเภอ นบพิตำ นครศรีธรรมราช 80160 ประเทศไทย
1128859,อ.เมืองพัทลุง,TMD,7.6,100.083336,สงขลา,พัทลุง,เมืองสงขลา,อำเภอเมืองพัทลุง,ตำบลตำนาน,ตำนาน,ตำนาน อำเภอเมืองพัทลุง พัทลุง 93000 ประเทศไทย
1128860,ควนขนุน,TMD,7.716667,100.01667,สงขลา,พัทลุง,เมืองสงขลา,อำเภอ ควนขนุน,ตำบลโตนดด้วน,โตนดด้วน,โตนดด้วน อำเภอ ควนขนุน พัทลุง 93110 ประเทศไทย
1128861,ปากพะยูน,TMD,7.316667,100.333336,สงขลา,พัทลุง,เมืองสงขลา,อำเภอ ปากพะยูน,ตำบลปากพะยูน,ปากพะยูน,ปากพะยูน อำเภอ ปากพะยูน พัทลุง 93120 ประเทศไทย
1128862,เขาชัยสน,TMD,7.433333,100.166664,สงขลา,พัทลุง,เมืองสงขลา,อำเภอ บางแก้ว,ตำบลท่ามะเดื่อ,ท่ามะเดื่อ,ท่ามะเดื่อ อำเภอ บางแก้ว พัทลุง ประเทศไทย
1128863,ศูนย์วิจัยข้าวพัทลุง อ.เมือง,TMD,7.6,100.133331,สงขลา,พัทลุง,เมืองสงขลา,อำเภอเมืองพัทลุง,ตำบลควนมะพร้าว,ควนมะพร้าว,ควนมะพร้าว อำเภอเมืองพัทลุง พัทลุง ประเทศไทย
1128864,เขตรักษาพันธุ์สัตว์ป่าเขาบรรทัด อ.เมือง,TMD,7.583333,99.866669,สงขลา,พัทลุง,เมืองสงขลา,อำเภอ ศรีนครินทร์,ตำบลบ้านนา,บ้านนา,บ้านนา ตำบล บ้านนา อำเภอ ศรีนครินทร์ พัทลุง 93000 ประเทศไทย
1128865,หน่วยพิทักษ์ป่าบ้านตะโหมด อ.ตะโหมด,TMD,7.25,100.033333,สงขลา,พัทลุง,เมืองสงขลา,อำเภอ ตะโหมด,ตำบลตะโหมด,ตะโหมด,ตะโหมด อำเภอ ตะโหมด พัทลุง ประเทศไทย
1128866,หน่วยพิทักษ์ป่าบ้านพูด อ.กงหรา,TMD,7.516667,99.933334,สงขลา,พัทลุง,เมืองสงขลา,อำเภอ ศรีนครินทร์,ตำบลลำสินธุ์,ลำสินธุ์,ลำสินธุ์ อำเภอ ศรีนครินทร์ พัทลุง 93000 ประเทศไทย
1128867,หน่วยพิทักษ์ป่าบ้านโตน อ.เมือง,TMD,7.4,100.033333,สงขลา,พัทลุง,เมืองสงขลา,อำเภอ เขาชัยสน,ตำบลโคกม่วง,โคกม่วง,โคกม่วง อำเภอ เขาชัยสน พัทลุง ประเทศไทย
1128868,ตะโหมด,TMD,7.283333,100.050003,สงขลา,พัทลุง,เมืองสงขลา,อำเภอ ตะโหมด,ตำบลตะโหมด,ตะโหมด,ตะโหมด อำเภอ ตะโหมด พัทลุง ประเทศไทย
1128869,กงหรา,TMD,7.466667,99.933334,สงขลา,พัทลุง,เมืองสงขลา,อำเภอ กงหรา,ตำบลกงหรา,กงหรา,กงหรา อำเภอ กงหรา พัทลุง ประเทศไทย
1128870,ป่าบอน,TMD,7.266667,100.166664,สงขลา,พัทลุง,เมืองสงขลา,อำเภอ ป่าบอน,ตำบลวังใหม่,วังใหม่,วังใหม่ อำเภอ ป่าบอน พัทลุง ประเทศไทย
1128871,ศรีบรรพต,TMD,7.7,99.849998,สงขลา,พัทลุง,เมืองสงขลา,อำเภอ ศรีบรรพต,ตำบลเขาปู่,เขาปู่,เขาปู่ อำเภอ ศรีบรรพต พัทลุง ประเทศไทย
1128872,ป่าพะยอม,TMD,7.833333,99.949997,สงขลา,พัทลุง,เมืองสงขลา,อำเภอ ป่าพะยอม,ตำบลบ้านพร้าว,บ้านพร้าว,บ้านพร้าว อำเภอ ป่าพะยอม พัทลุง ประเทศไทย
1128873,อ.เมืองพังงา,TMD,8.416667,98.533333,พังงา,พังงา,เมืองพังงา,อำเภอเมืองพังงา,ตำบลถ้ำน้ำผุด,ถ้ำน้ำผุด,ถ้ำน้ำผุด อำเภอเมืองพังงา พังงา 82000 ประเทศไทย
1128874,ทับปุด,TMD,8.55,98.699997,กระบี่,กระบี่,อ่าวลึก,อำเภอ อ่าวลึก,ตำบลนาเหนือ,นาเหนือ,นาเหนือ อำเภอ อ่าวลึก กระบี่ ประเทศไทย
1128875,ท้ายเหมือง,TMD,8.383333,98.26667,พังงา,พังงา,ท้ายเหมือง,อำเภอ ท้ายเหมือง,ตำบลท้ายเหมือง,ท้ายเหมือง,ท้ายเหมือง อำเภอ ท้ายเหมือง พังงา 82120 ประเทศไทย
1128876,ตะกั่วป่า,TMD,8.866667,98.349998,พังงา,พังงา,ตะกั่วป่า,อำเภอตะกั่วป่า,ตำบลบางนายสี,บางนายสี,บางนายสี อำเภอตะกั่วป่า พังงา ประเทศไทย
1128877,คุระบุรี,TMD,9.183333,98.416664,พังงา,พังงา,คุระบุรี,อำเภอ คุระบุรี,ตำบลแม่นางขาว,แม่นางขาว,แม่นางขาว อำเภอ คุระบุรี พังงา ประเทศไทย
1128878,ตะกั่วทุ่ง,TMD,8.383333,98.466667,พังงา,พังงา,เมืองพังงา,อำเภอเมืองพังงา,ตำบลตากแดด,ตากแดด,ตากแดด อำเภอเมืองพังงา พังงา 82000 ประเทศไทย
1128879,กะปง,TMD,8.683333,98.433334,พังงา,พังงา,กะปง,อำเภอ กะปง,ตำบลกะปง,กะปง,กะปง อำเภอ กะปง พังงา ประเทศไทย
1128881,สถานีทดลองยางบางบ่อ อ.ตะกั่วป่า,TMD,8.766666,98.283333,พังงา,พังงา,ตะกั่วป่า,อำเภอตะกั่วป่า,ตำบลคึกคัก,คึกคัก,คึกคัก อำเภอตะกั่วป่า พังงา ประเทศไทย
1128883,นิคมสร้างตนเองท้ายเหมือง,TMD,8.533334,98.316666,พังงา,พังงา,ท้ายเหมือง,อำเภอ ท้ายเหมือง,ตำบลทุ่งมะพร้าว,ทุ่งมะพร้าว,ทุ่งมะพร้าว อำเภอ ท้ายเหมือง พังงา ประเทศไทย
1128884,ศูนย์อุตุนิยมวิทยาภาคใต้ฝั่งตะวันตก จ.ภูเก็ต*,TMD,8.116667,98.314445,ภูเก็ต,ภูเก็ต,ถลาง,อำเภอถลาง,ตำบลไม้ขาว,ไม้ขาว,ไม้ขาว อำเภอถลาง ภูเก็ต 83110 ประเทศไทย
1128885,ถลาง,TMD,8.016666,98.349998,ภูเก็ต,ภูเก็ต,ถลาง,อำเภอถลาง,ตำบลศรีสุนทร,ศรีสุนทร,ศรีสุนทร อำเภอถลาง ภูเก็ต ประเทศไทย
1128886,อ.เมืองกระบี่,TMD,8.05,98.916664,กระบี่,กระบี่,เมืองกระบี่,อำเภอเมืองกระบี่,ตำบลไสไทย,ไสไทย,ไสไทย อำเภอเมืองกระบี่ กระบี่ 81000 ประเทศไทย
1128888,คลองท่อม,TMD,7.933333,99.166664,สงขลา,กระบี่,เมืองสงขลา,อำเภอคลองท่อม,ตำบลคลองท่อมใต้,คลองท่อมใต้,คลองท่อมใต้ อำเภอคลองท่อม กระบี่ 81120 ประเทศไทย
1128889,อ่าวลึก,TMD,8.383333,98.75,กระบี่,กระบี่,อ่าวลึก,อำเภอ อ่าวลึก,ตำบลอ่าวลึกเหนือ,อ่าวลึกเหนือ,อ่าวลึกเหนือ อำเภอ อ่าวลึก กระบี่ ประเทศไทย
1128890,สถานีทดลองยางกระบี่ อ.เมือง,TMD,8.233334,98.833336,กระบี่,กระบี่,เมืองกระบี่,อำเภอเมืองกระบี่,ตำบลเขาคราม,เขาคราม,เขาคราม อำเภอเมืองกระบี่ กระบี่ 81000 ประเทศไทย
1128891,สำนักงานทรัพยากรธรณีจังหวัดตรัง,TMD,7.533333,99.616669,สงขลา,ตรัง,เมืองสงขลา,อำเภอเมืองตรัง,ตำบลโคกหล่อ,โคกหล่อ,โคกหล่อ อำเภอเมืองตรัง ตรัง ประเทศไทย
1128892,ห้วยยอด,TMD,7.766667,99.633331,สงขลา,ตรัง,เมืองสงขลา,อำเภอ ห้วยยอด,ตำบลห้วยยอด,ห้วยยอด,ห้วยยอด อำเภอ ห้วยยอด ตรัง 92130 ประเทศไทย
1128893,กันตัง,TMD,7.383333,99.550003,สงขลา,ตรัง,เมืองสงขลา,อำเภอ กันตัง,ตำบลวังวน,วังวน,วังวน อำเภอ กันตัง ตรัง ประเทศไทย
1128894,ปะเหลียน,TMD,7.166667,99.699997,สงขลา,ตรัง,เมืองสงขลา,อำเภอ ปะเหลียน,ตำบลท่าข้าม,ท่าข้าม,ท่าข้าม อำเภอ ปะเหลียน ตรัง ประเทศไทย
1128895,สิเกา,TMD,7.566667,99.366669,สงขลา,ตรัง,เมืองสงขลา,อำเภอ สิเกา,ตำบลบ่อหิน,บ่อหิน,บ่อหิน อำเภอ สิเกา ตรัง ประเทศไทย
1128896,ย่านตาขาว,TMD,7.366667,99.699997,สงขลา,ตรัง,เมืองสงขลา,อำเภอ ย่านตาขาว,ตำบลในควน,,อำเภอ ย่านตาขาว ตรัง ประเทศไทย
1128897,สถานีทดลองยางเขาช่อง อ.เมือง,TMD,7.583333,99.849998,สงขลา,พัทลุง,เมืองสงขลา,อำเภอ ศรีนครินทร์,ตำบลบ้านนา,บ้านนา,บ้านนา ตำบล บ้านนา อำเภอ ศรีนครินทร์ พัทลุง 93000 ประเทศไทย
1128898,สวนพฤกษศาสตร์เขาช่อง อ.เมือง,TMD,7.55,99.76667,สงขลา,ตรัง,เมืองสงขลา,อำเภอ นาโยง,ตำบลช่อง,ช่อง,ช่อง อำเภอ นาโยง ตรัง ประเทศไทย
1128899,เขตห้ามล่าสัตว์ป่าหมู่เกาะลิบง อ.กันตัง,TMD,7.252778,100.305832,สงขลา,พัทลุง,เมืองสงขลา,อำเภอ ปากพะยูน,ตำบลดอนทราย,ดอนทราย,ดอนทราย อำเภอ ปากพะยูน พัทลุง ประเทศไทย
1128900,วังวิเศษ,TMD,7.733333,99.416664,สงขลา,ตรัง,เมืองสงขลา,อำเภอ วังวิเศษ,ตำบลวังมะปรางเหนือ,วังมะปรางเหนือ,วังมะปรางเหนือ อำเภอ วังวิเศษ ตรัง ประเทศไทย
1128901,นาโยง,TMD,7.55,99.75,สงขลา,ตรัง,เมืองสงขลา,อำเภอ นาโยง,ตำบลละมอ,ละมอ,ละมอ อำเภอ นาโยง ตรัง 92170 ประเทศไทย
1128902,รัษฎา,TMD,7.883333,99.633331,สงขลา,ตรัง,เมืองสงขลา,อำเภอ รัษฎา,ตำบลหนองปรือ,หนองปรือ,หนองปรือ อำเภอ รัษฎา ตรัง ประเทศไทย
1128903,สถานีทดลองยางตรีง อ.ปะเหลียน,TMD,7.25,99.683334,สงขลา,ตรัง,เมืองสงขลา,อำเภอ ปะเหลียน,ตำบลสุโสะ,สุโสะ,สุโสะ อำเภอ ปะเหลียน ตรัง ประเทศไทย
1128904,ระโนด,TMD,7.75,100.333336,สงขลา,สงขลา,เมืองสงขลา,อำเภอ ระโนด,ตำบลระโนด,ระโนด,ระโนด อำเภอ ระโนด สงขลา 90140 ประเทศไทย
1128905,หาดใหญ่,TMD,7,100.466667,สงขลา,สงขลา,เมืองสงขลา,อำเภอหาดใหญ่,ตำบลหาดใหญ่,หาดใหญ่,หาดใหญ่ อำเภอหาดใหญ่ สงขลา 90110 ประเทศไทย
1128906,สนง.เกษตร อ.สะเดา,TMD,6.616667,100.433334,สงขลา,สงขลา,เมืองสงขลา,อำเภอสะเดา,ตำบลสำนักแต้ว,สำนักแต้ว,สำนักแต้ว อำเภอสะเดา สงขลา ประเทศไทย
1128907,รัตภูมิ,TMD,7.133333,100.300003,สงขลา,สงขลา,เมืองสงขลา,อำเภอรัตภูมิ,ตำบลกำแพงเพชร,กำแพงเพชร,กำแพงเพชร อำเภอรัตภูมิ สงขลา 90180 ประเทศไทย
1128908,จะนะ,TMD,6.9,100.75,สงขลา,สงขลา,เมืองสงขลา,อำเภอจะนะ,ตำบลบ้านนา,บ้านนา,บ้านนา อำเภอจะนะ สงขลา 90130 ประเทศไทย
1128909,สทิงพระ,TMD,7.45,100.433334,สงขลา,สงขลา,เมืองสงขลา,อำเภอ สทิงพระ,ตำบลจะทิ้งพระ,จะทิ้งพระ,จะทิ้งพระ อำเภอ สทิงพระ สงขลา 90190 ประเทศไทย
1128910,นาทวี,TMD,6.716667,100.716667,สงขลา,สงขลา,เมืองสงขลา,อำเภอ นาทวี,ตำบลนาทวี,นาทวี,นาทวี อำเภอ นาทวี สงขลา 90160 ประเทศไทย
1128911,สะบ้าย้อย,TMD,6.6,100.966667,สงขลา,สงขลา,เมืองสงขลา,อำเภอ สะบ้าย้อย,ตำบลสะบ้าย้อย,สะบ้าย้อย,สะบ้าย้อย อำเภอ สะบ้าย้อย สงขลา ประเทศไทย
1128912,นาหม่อม,TMD,6.966667,100.550003,สงขลา,สงขลา,เมืองสงขลา,อำเภอ นาหม่อม,ตำบลนาหม่อม,พิจิตร,พิจิตร อำเภอ นาหม่อม สงขลา ประเทศไทย
1128913,กระแสสินธุ์,TMD,7.633333,100.333336,สงขลา,สงขลา,เมืองสงขลา,อำเภอ กระแสสินธุ์,ตำบลเชิงแส,เชิงแส,เชิงแส อำเภอ กระแสสินธุ์ สงขลา ประเทศไทย
1128914,นิคมสร้างตนเองเทพา,TMD,6.733333,100.98333,สงขลา,สงขลา,เมืองสงขลา,อำเภอ เทพา,ตำบลท่าม่วง,ท่าม่วง,ท่าม่วง อำเภอ เทพา สงขลา ประเทศไทย
1128915,นิคมสร้างตนเองรัตภูมิ,TMD,7.066667,100.26667,สงขลา,สงขลา,เมืองสงขลา,อำเภอรัตภูมิ,ตำบลกำแพงเพชร,กำแพงเพชร,กำแพงเพชร อำเภอรัตภูมิ สงขลา 90180 ประเทศไทย
1128916,ควนเนียง,TMD,7.283333,100.349998,สงขลา,พัทลุง,เมืองสงขลา,อำเภอ ปากพะยูน,ตำบลดอนประดู่,ดอนประดู่,ดอนประดู่ อำเภอ ปากพะยูน พัทลุง 93120 ประเทศไทย
1128917,สิงหนคร,TMD,7.283333,100.51667,สงขลา,สงขลา,เมืองสงขลา,อำเภอ สิงหนคร,ตำบลชิงโค,ชิงโค,ชิงโค อำเภอ สิงหนคร สงขลา ประเทศไทย
1128920,อ.เมืองสตูล,TMD,6.6,100.066666,สงขลา,สตูล,เมืองสงขลา,อำเภอเมืองสตูล,ตำบลพิมาน,พิมาน,พิมาน อำเภอเมืองสตูล สตูล 91000 ประเทศไทย
1128921,ละงู,TMD,6.883333,99.800003,สงขลา,สตูล,เมืองสงขลา,อำเภอละงู,ตำบลกำแพง,กำแพง,กำแพง อำเภอละงู สตูล 91110 ประเทศไทย
1128922,ทุ่งหว้า,TMD,7.083333,99.76667,สงขลา,สตูล,เมืองสงขลา,อำเภอ ทุ่งหว้า,ตำบลทุ่งหว้า,ทุ่งหว้า,ทุ่งหว้า อำเภอ ทุ่งหว้า สตูล ประเทศไทย
1128923,นิคมสร้างตนเองพัฒนาภาคใต้ อ.ควนกาหลง,TMD,6.85,99.98333,สงขลา,สตูล,เมืองสงขลา,อำเภอ ควนกาหลง,ตำบลควนกาหลง,ควนกาหลง,ควนกาหลง อำเภอ ควนกาหลง สตูล 91130 ประเทศไทย
1128924,ควนกาหลง,TMD,6.833333,100.083336,สงขลา,สตูล,เมืองสงขลา,อำเภอ ควนกาหลง,ตำบลทุ่งนุ้ย,ทุ่งนุ้ย,ทุ่งนุ้ย อำเภอ ควนกาหลง สตูล ประเทศไทย
1128925,ควนโดน,TMD,6.783333,100.083336,สงขลา,สตูล,เมืองสงขลา,อำเภอ ควนโดน,ตำบลควนสตอ,ควนสตอ,ควนสตอ อำเภอ ควนโดน สตูล ประเทศไทย
1128926,อ.เมืองปัตตานี,TMD,6.866667,101.25,สงขลา,ปัตตานี,เมืองสงขลา,อำเภอเมืองปัตตานี,ตำบลสะบารัง,สะบารัง,สะบารัง อำเภอเมืองปัตตานี ปัตตานี 94000 ประเทศไทย
1128927,สายบุรี,TMD,6.7,101.633331,สงขลา,ปัตตานี,เมืองสงขลา,อำเภอ สายบุรี,ตำบลตะลุบัน,ตะลุบัน,ตะลุบัน อำเภอ สายบุรี ปัตตานี 94110 ประเทศไทย
1128928,ยะรัง,TMD,6.766667,101.300003,สงขลา,ปัตตานี,เมืองสงขลา,อำเภอ ยะรัง,ตำบลยะรัง,ยะรัง,ยะรัง อำเภอ ยะรัง ปัตตานี 94160 ประเทศไทย
1128929,โคกโพธิ์,TMD,6.716667,101.116669,สงขลา,ปัตตานี,เมืองสงขลา,อำเภอ โคกโพธิ์,ตำบลมะกรูด,มะกรูด,มะกรูด อำเภอ โคกโพธิ์ ปัตตานี 94120 ประเทศไทย
1128930,ปะนาเระ,TMD,6.85,101.5,สงขลา,ปัตตานี,เมืองสงขลา,อำเภอ ปะนาเระ,ตำบลปะนาเระ,ปะนาเระ,ปะนาเระ อำเภอ ปะนาเระ ปัตตานี ประเทศไทย
1128931,มายอ,TMD,6.716667,101.433334,สงขลา,ปัตตานี,เมืองสงขลา,อำเภอ มายอ,ตำบลมายอ,มายอ,มายอ อำเภอ มายอ ปัตตานี 94140 ประเทศไทย
1128932,หนองจิก,TMD,6.816667,101.166664,สงขลา,ปัตตานี,เมืองสงขลา,อำเภอ หนองจิก,ตำบลตุยง,ตุยง,ตุยง อำเภอ หนองจิก ปัตตานี 94170 ประเทศไทย
1128933,ท่าแพ,TMD,6.783333,99.98333,สงขลา,สตูล,เมืองสงขลา,อำเภอ ท่าแพ,ตำบลท่าแพ,ท่าแพ,ท่าแพ อำเภอ ท่าแพ สตูล ประเทศไทย
1128934,ปท.ยะหริ่ง,TMD,6.85,101.333336,สงขลา,ปัตตานี,เมืองสงขลา,อำเภอ ยะหริ่ง,ตำบลตาแกะ,ตาแกะ,ตาแกะ อำเภอ ยะหริ่ง ปัตตานี ประเทศไทย
1128935,กะพ้อ,TMD,6.566667,101.550003,สงขลา,ปัตตานี,เมืองสงขลา,อำเภอ กะพ้อ,ตำบลกะรุบี,กะรุบี,กะรุบี อำเภอ กะพ้อ ปัตตานี 94230 ประเทศไทย
1128936,ไม้แก่น,TMD,6.616667,101.683334,สงขลา,ปัตตานี,เมืองสงขลา,อำเภอ ไม้แก่น,ตำบลไทรทอง,ไทรทอง,ไทรทอง อำเภอ ไม้แก่น ปัตตานี 94220 ประเทศไทย
1128937,นิคมสร้างตนเองโคกโพธิ์,TMD,6.75,101.25,สงขลา,ปัตตานี,เมืองสงขลา,อำเภอ ยะรัง,ตำบลคลองใหม่,คลองใหม่,คลองใหม่ อำเภอ ยะรัง ปัตตานี ประเทศไทย
1128938,ทุ่งยางแดง,TMD,6.65,101.416664,สงขลา,ปัตตานี,เมืองสงขลา,อำเภอ มายอ,ตำบลลุโบะยิไร,ลุโบะยิไร,ลุโบะยิไร อำเภอ มายอ ปัตตานี 94140 ประเทศไทย
1128939,อ.เมืองยะลา,TMD,6.533333,101.300003,สงขลา,ยะลา,เมืองสงขลา,อำเภอเมืองยะลา,ตำบลสะเตงนอก,สะเตงนอก,สะเตงนอก อำเภอเมืองยะลา ยะลา ประเทศไทย
1128941,ยะหา,TMD,6.466667,101.133331,สงขลา,ยะลา,เมืองสงขลา,อำเภอ ยะหา,ตำบลบาโร๊ะ,บาโร๊ะ,บาโร๊ะ อำเภอ ยะหา ยะลา 95120 ประเทศไทย
1128942,บันนังสตา,TMD,6.25,101.283333,สงขลา,ยะลา,เมืองสงขลา,อำเภอ บันนังสตา,ตำบลบาเจาะ,บาเจาะ,บาเจาะ อำเภอ บันนังสตา ยะลา 95130 ประเทศไทย
1128943,เบตง,TMD,5.783333,101.083336,ยะลา,ยะลา,เบตง,อำเภอเบตง,ตำบลตาเนาะแมเราะ,ตาเนาะแมเราะ,ตาเนาะแมเราะ อำเภอเบตง ยะลา 95110 ประเทศไทย
1128944,ร.ร.บ้านบาละ อ.ยะหา,TMD,6.366667,101.033333,สงขลา,ยะลา,เมืองสงขลา,อำเภอ กาบัง,ตำบลบาละ,บาละ,บาละ อำเภอ กาบัง ยะลา 95120 ประเทศไทย
1128945,นิคมสร้างตนเองธารโต,TMD,6.166667,101.183334,สงขลา,ยะลา,เมืองสงขลา,อำเภอ ธารโต,ตำบลธารโต,ธารโต,ธารโต อำเภอ ธารโต ยะลา ประเทศไทย
1128946,นิคมสร้างตนเองพัฒนาภาคใต้ อ.บันนังสตา,TMD,6.3,101.366669,สงขลา,ยะลา,เมืองสงขลา,อำเภอ บันนังสตา,ตำบลตลิ่งชัน,ตลิ่งชัน,ตลิ่งชัน อำเภอ บันนังสตา ยะลา 95130 ประเทศไทย
1128947,ยี่งอ,TMD,6.4,101.716667,สงขลา,นราธิวาส,เมืองสงขลา,อำเภอ ยี่งอ,ตำบลยี่งอ,ยี่งอ,ยี่งอ อำเภอ ยี่งอ นราธิวาส ประเทศไทย
1128948,สุไหงปาดี,TMD,6.083333,101.900002,สงขลา,นราธิวาส,เมืองสงขลา,อำเภอ สุไหงปาดี,ตำบลปะลุรู,ปะลุรู,ปะลุรู อำเภอ สุไหงปาดี นราธิวาส 96140 ประเทศไทย
1128949,ระแงะ,TMD,6.283333,101.73333,สงขลา,นราธิวาส,เมืองสงขลา,อำเภอ ระแงะ,ตำบลตันหยงมัส,ตันหยงมัส,ตันหยงมัส อำเภอ ระแงะ นราธิวาส ประเทศไทย
1128950,ตากใบ,TMD,6.233333,102.083336,สงขลา,นราธิวาส,เมืองสงขลา,อำเภอ ตากใบ,ตำบลเจ๊ะเห,เจ๊ะเห,เจ๊ะเห อำเภอ ตากใบ นราธิวาส ประเทศไทย
1128952,บาเจาะ,TMD,6.483333,101.666664,สงขลา,นราธิวาส,เมืองสงขลา,อำเภอ บาเจาะ,ตำบลลุโบะสาวอ,ลุโบะสาวอ,ลุโบะสาวอ อำเภอ บาเจาะ นราธิวาส 96170 ประเทศไทย
1128953,รือเสาะ,TMD,6.4,101.533333,สงขลา,นราธิวาส,เมืองสงขลา,อำเภอ รือเสาะ,ตำบลรือเสาะออก,รือเสาะออก,รือเสาะออก อำเภอ รือเสาะ นราธิวาส 96150 ประเทศไทย
1128955,จะแนะ,TMD,6.083333,101.699997,สงขลา,นราธิวาส,เมืองสงขลา,อำเภอ จะแนะ,ตำบลจะแนะ,จะแนะ,จะแนะ อำเภอ จะแนะ นราธิวาส 96220 ประเทศไทย
1128956,นิคมสร้างตนเองพัฒนาภาคใต้ อ.สุคิริน,TMD,5.933333,101.783333,นราธิวาส,นราธิวาส,สุคิริน,อำเภอ สุคิริน,ตำบลมาโมง,มาโมง,มาโมง อำเภอ สุคิริน นราธิวาส 96190 ประเทศไทย
1128957,สุคิริน,TMD,5.95,101.783333,นราธิวาส,นราธิวาส,สุคิริน,อำเภอ สุคิริน,ตำบลมาโมง,มาโมง,มาโมง อำเภอ สุคิริน นราธิวาส 96190 ประเทศไทย
1128958,นิคมสร้างตนเองศรีสาคร,TMD,6.283333,101.51667,สงขลา,นราธิวาส,เมืองสงขลา,อำเภอ ศรีสาคร,ตำบลตะมะยูง,ตะมะยูง,ตะมะยูง อำเภอ ศรีสาคร นราธิวาส 96210 ประเทศไทย
1128959,เขตรักษาพันธุ์สัตว์ป่าเฉลิมพระเกียรติ อ.ตากใบ,TMD,6.266667,101.949997,สงขลา,นราธิวาส,เมืองสงขลา,อำเภอ ตากใบ,ตำบลบางขุนทอง,บางขุนทอง,บางขุนทอง อำเภอ ตากใบ นราธิวาส ประเทศไทย
1128960,หนองปรือ,TMD,14.6,99.466667,กาญจนบุรี,กาญจนบุรี,หนองปรือ,อำเภอ หนองปรือ,ตำบลหนองปรือ,หนองปรือ,หนองปรือ อำเภอ หนองปรือ กาญจนบุรี ประเทศไทย
1128961,เขาชะเมา,TMD,12.912222,101.720833,ชลบุรี,ระยอง,เมืองชลบุรี,อำเภอ เขาชะเมา,ตำบลน้ำเป็น,น้ำเป็น,น้ำเป็น อำเภอ เขาชะเมา ระยอง ประเทศไทย
1128962,แก่งหางแมว,TMD,13.05,101.933334,จันทบุรี,จันทบุรี,แก่งหางแมว,อำเภอแก่งหางแมว,ตำบลขุนซ่อง,ขุนซ่อง,ขุนซ่อง อำเภอแก่งหางแมว จันทบุรี 22160 ประเทศไทย
1128963,วิภาวดี,TMD,9.216666,98.949997,สุราษฎร์ธานี,สุราษฎร์ธานี,วิภาวดี,อำเภอ วิภาวดี,ตำบลตะกุกเหนือ,ตะกุกเหนือ,ตะกุกเหนือ ตำบล ตะกุกเหนือ อำเภอ วิภาวดี สุราษฎร์ธานี ประเทศไทย
1128964,สวนป่าดอยตุง แม่ฟ้าหลวง,TMD,20.233334,99.933334,เชียงราย,เชียงราย,แม่จัน,อำเภอแม่จัน,ตำบลจันจว้าใต้,จันจว้าใต้,จันจว้าใต้ อำเภอแม่จัน เชียงราย ประเทศไทย
1128965,เวียงเชียงรุ่ง,TMD,19.983889,100.030556,เชียงราย,เชียงราย,เวียงเชียงรุ้ง,อำเภอ เวียงเชียงรุ้ง,ตำบลทุ่งก่อ,ทุ่งก่อ,ทุ่งก่อ อำเภอ เวียงเชียงรุ้ง เชียงราย 57210 ประเทศไทย
1128966,ภูซาง,TMD,19.610277,100.349442,พะเยา,พะเยา,ภูซาง,อำเภอ ภูซาง,ตำบลป่าสัก,ป่าสัก,ป่าสัก อำเภอ ภูซาง พะเยา 56110 ประเทศไทย
1128967,หนองม่วงไข่,TMD,18.266666,100.183334,แพร่,แพร่,หนองม่วงไข่,อำเภอ หนองม่วงไข่,ตำบลหนองม่วงไข่,หนองม่วงไข่,หนองม่วงไข่ อำเภอ หนองม่วงไข่ แพร่ ประเทศไทย
1128968,สองแคว,TMD,19.35,100.75,น่าน,น่าน,สองแคว,อำเภอ สองแคว,ตำบลนาไร่หลวง,นาไร่หลวง,นาไร่หลวง อำเภอ สองแคว น่าน 55160 ประเทศไทย
1128969,บ้านหลวง,TMD,18.85,100.449997,น่าน,น่าน,บ้านหลวง,อำเภอ บ้านหลวง,ตำบลป่าคาหลวง,ป่าคาหลวง,ป่าคาหลวง อำเภอ บ้านหลวง น่าน 55190 ประเทศไทย
1128970,บ้านโคก,TMD,18.016666,101.066666,อุตรดิตถ์,อุตรดิตถ์,บ้านโคก,อำเภอ บ้านโคก,ตำบลบ้านโคก,บ้านโคก,บ้านโคก อำเภอ บ้านโคก อุตรดิตถ์ 53180 ประเทศไทย
1128971,ทองแสนขัน,TMD,17.466667,100.366669,อุตรดิตถ์,อุตรดิตถ์,ทองแสนขัน,อำเภอ ทองแสนขัน,ตำบลบ่อทอง,บ่อทอง,บ่อทอง อำเภอ ทองแสนขัน อุตรดิตถ์ 53230 ประเทศไทย
1128972,บริษัทไร่บีเอ็นแคมป์สน เขาค้อ,TMD,16.75,101.01667,เพชรบูรณ์,เพชรบูรณ์,เขาค้อ,อำเภอเขาค้อ,ตำบลแคมป์สน,แคมป์สน,แคมป์สน อำเภอเขาค้อ เพชรบูรณ์ ประเทศไทย
1128973,พระตำหนักเขาค้อ เขาค้อ,TMD,16.549999,100.966667,เพชรบูรณ์,เพชรบูรณ์,เขาค้อ,อำเภอเขาค้อ,ตำบลสะเดาะพง,สะเดาะพง,สะเดาะพง อำเภอเขาค้อ เพชรบูรณ์ ประเทศไทย
1128974,เขาค้อ,TMD,16.65,101.01667,เพชรบูรณ์,เพชรบูรณ์,เขาค้อ,อำเภอเขาค้อ,ตำบลเขาค้อ,เขาค้อ,เขาค้อ อำเภอเขาค้อ เพชรบูรณ์ 67270 ประเทศไทย
1128975,สากเหล็ก,TMD,16.488333,100.49028,พิจิตร,พิจิตร,สากเหล็ก,อำเภอ สากเหล็ก,ตำบลสากเหล็ก,สากเหล็ก,สากเหล็ก อำเภอ สากเหล็ก พิจิตร ประเทศไทย
1128976,เอราวัณ,TMD,17.295834,101.957779,เลย,เลย,เอราวัณ,อำเภอ เอราวัณ,ตำบลผาอินทร์แปลง,ผาอินทร์แปลง,ผาอินทร์แปลง อำเภอ เอราวัณ เลย ประเทศไทย
1128977,หนองหิน,TMD,17.119167,101.862221,เลย,เลย,หนองหิน,อำเภอ หนองหิน,ตำบลหนองหิน,หนองหิน,หนองหิน อำเภอ หนองหิน เลย ประเทศไทย
1128978,กู่แก้ว,TMD,17.166666,103.166664,อุดรธานี,อุดรธานี,กู่แก้ว,อำเภอ กู่แก้ว,ตำบลบ้านจีต,บ้านจีต,บ้านจีต อำเภอ กู่แก้ว อุดรธานี 41130 ประเทศไทย
1128979,ประจักษ์ศิลปาคม,TMD,17.240555,103.028893,อุดรธานี,อุดรธานี,ประจักษ์ศิลปาคม,อำเภอ ประจักษ์ศิลปาคม,ตำบลอุ่มจาน,อุ่มจาน,อุ่มจาน อำเภอ ประจักษ์ศิลปาคม อุดรธานี 41110 ประเทศไทย
1128980,นาทม,TMD,17.783333,104.099998,นครพนม,นครพนม,นาทม,อำเภอ นาทม,ตำบลดอนเตย,ดอนเตย,ดอนเตย อำเภอ นาทม นครพนม ประเทศไทย
1128981,นาวัง,TMD,17.308889,102.07972,หนองบัวลำภู,หนองบัวลำภู,นาวัง,อำเภอ นาวัง,ตำบลนาเหล่า,นาเหล่า,นาเหล่า อำเภอ นาวัง หนองบัวลำภู 39170 ประเทศไทย
1128982,โคกโพธิ์ไชย,TMD,16.066668,102.416664,ขอนแก่น,ขอนแก่น,โคกโพธิ์ไชย,อำเภอ โคกโพธิ์ไชย,ตำบลบ้านโคก,บ้านโคก,บ้านโคก อำเภอ โคกโพธิ์ไชย ขอนแก่น 40160 ประเทศไทย
1128983,ซำสูง,TMD,16.528055,103.065552,ขอนแก่น,ขอนแก่น,ซำสูง,อำเภอ ซำสูง,ตำบลกระนวน,กระนวน,กระนวน อำเภอ ซำสูง ขอนแก่น ประเทศไทย
1128984,บ้านแฮด,TMD,16.196945,102.763611,ขอนแก่น,ขอนแก่น,บ้านแฮด,อำเภอบ้านแฮด,ตำบลบ้านแฮด,บ้านแฮด,บ้านแฮด อำเภอบ้านแฮด ขอนแก่น 40110 ประเทศไทย
1128985,หนองนาคำ,TMD,16.722221,102.338333,ขอนแก่น,ขอนแก่น,เวียงเก่า,อำเภอ เวียงเก่า,ตำบลเขาน้อย,เขาน้อย,เขาน้อย อำเภอ เวียงเก่า ขอนแก่น 40150 ประเทศไทย
1128986,โนนศิลา,TMD,15.794723,102.692497,ขอนแก่น,ขอนแก่น,หนองสองห้อง,อำเภอ หนองสองห้อง,ตำบลหนองเม็ก,หนองเม็ก,หนองเม็ก อำเภอ หนองสองห้อง ขอนแก่น 40190 ประเทศไทย
1128987,ยางสีสุราช,TMD,15.783334,102.550003,ขอนแก่น,ขอนแก่น,พล,อำเภอพล,ตำบลลอมคอม,ลอมคอม,ลอมคอม อำเภอพล ขอนแก่น ประเทศไทย
1128988,ชื่นชม,TMD,16.548334,103.11528,มหาสารคาม,มหาสารคาม,ชื่นชม,อำเภอ ชื่นชม,ตำบลชื่นชม,ชื่นชม,ชื่นชม อำเภอ ชื่นชม มหาสารคาม 44160 ประเทศไทย
1128989,กุดรัง,TMD,16.087778,103.006386,มหาสารคาม,มหาสารคาม,กุดรัง,อำเภอ กุดรัง,ตำบลกุดรัง,กุดรัง,กุดรัง อำเภอ กุดรัง มหาสารคาม ประเทศไทย
1128990,ภักดีชุมพล,TMD,15.85,101.416664,ชัยภูมิ,ชัยภูมิ,ภักดีชุมพล,อำเภอ ภักดีชุมพล,ตำบลเจาทอง,เจาทอง,เจาทอง อำเภอ ภักดีชุมพล ชัยภูมิ 36260 ประเทศไทย
1128991,หนองฮี,TMD,15.616667,104,ร้อยเอ็ด,ร้อยเอ็ด,หนองฮี,อำเภอ หนองฮี,ตำบลหนองฮี,หนองฮี,หนองฮี อำเภอ หนองฮี ร้อยเอ็ด 45140 ประเทศไทย
1128992,เชียงขวัญ,TMD,16.182501,102.726387,ขอนแก่น,ขอนแก่น,บ้านแฮด,อำเภอบ้านแฮด,ตำบลโคกสำราญ,โคกสำราญ,โคกสำราญ อำเภอบ้านแฮด ขอนแก่น 40110 ประเทศไทย
1128993,ทุ่งเขาหลวง,TMD,15.978889,103.855553,ร้อยเอ็ด,ร้อยเอ็ด,ทุ่งเขาหลวง,อำเภอ ทุ่งเขาหลวง,ตำบลเทอดไทย,เทอดไทย,เทอดไทย อำเภอ ทุ่งเขาหลวง ร้อยเอ็ด ประเทศไทย
1128994,เมืองยาง,TMD,15.416945,102.897224,นครราชสีมา,นครราชสีมา,เมืองยาง,อำเภอ เมืองยาง,ตำบลเมืองยาง,เมืองยาง,เมืองยาง อำเภอ เมืองยาง นครราชสีมา 30270 ประเทศไทย
1128995,เทพารักษ์,TMD,15.286111,101.57222,นครราชสีมา,นครราชสีมา,เทพารักษ์,อำเภอ เทพารักษ์,ตำบลสำนักตะคร้อ,สำนักตะคร้อ,สำนักตะคร้อ อำเภอ เทพารักษ์ นครราชสีมา 30210 ประเทศไทย
1128996,โนนนารายณ์,TMD,15.236111,103.948334,สุรินทร์,สุรินทร์,โนนนารายณ์,อำเภอ โนนนารายณ์,ตำบลหนองหลวง,หนองหลวง,หนองหลวง อำเภอ โนนนารายณ์ สุรินทร์ 32130 ประเทศไทย
1128997,บ้านด่าน,TMD,15.103889,103.178612,บุรีรัมย์,บุรีรัมย์,บ้านด่าน,อำเภอ บ้านด่าน,ตำบลบ้านด่าน,บ้านด่าน,บ้านด่าน อำเภอ บ้านด่าน บุรีรัมย์ 31000 ประเทศไทย
1128998,แคนดง,TMD,15.323055,103.139999,บุรีรัมย์,บุรีรัมย์,แคนดง,อำเภอ แคนดง,ตำบลแคนดง,แคนดง,แคนดง อำเภอ แคนดง บุรีรัมย์ 31150 ประเทศไทย
1128999,หนองมะโมง,TMD,15.277223,99.88028,ชัยนาท,ชัยนาท,หนองมะโมง,อำเภอ หนองมะโมง,ตำบลหนองมะโมง,หนองมะโมง,หนองมะโมง อำเภอ หนองมะโมง ชัยนาท 17120 ประเทศไทย
1129000,โรงเรียนวัดคำพราน วังม่วง,TMD,14.783334,101.083336,สระบุรี,สระบุรี,วังม่วง,อำเภอ วังม่วง,ตำบลคำพราน,คำพราน,คำพราน อำเภอ วังม่วง สระบุรี ประเทศไทย
1129001,ลำสนธิ,TMD,15.297222,101.366669,ลพบุรี,ลพบุรี,ลำสนธิ,อำเภอ ลำสนธิ,ตำบลหนองรี,หนองรี,หนองรี อำเภอ ลำสนธิ ลพบุรี ประเทศไทย
1129002,นายายอาม,TMD,12.782222,101.833336,ชลบุรี,จันทบุรี,เมืองชลบุรี,อำเภอนายายอาม,ตำบลนายายอาม,นายายอาม,นายายอาม ตำบล นายายอาม อำเภอนายายอาม จันทบุรี ประเทศไทย
1129003,เกาะช้าง,TMD,12.1,102.349998,ประจวบคีรีขันธ์,ตราด,เมืองประจวบคีรีขันธ์,อำเภอ เกาะช้าง,ตำบลเกาะช้าง,เกาะช้าง,เกาะช้าง ตำบล เกาะช้าง อำเภอ เกาะช้าง ตราด 23170 ประเทศไทย
1129004,สามร้อยยอด,TMD,12.220834,99.869446,ประจวบคีรีขันธ์,ประจวบคีรีขันธ์,เมืองประจวบคีรีขันธ์,อำเภอสามร้อยยอด,ตำบลไร่เก่า,ไร่เก่า,ไร่เก่า อำเภอสามร้อยยอด ประจวบคีรีขันธ์ ประเทศไทย
1129005,ถ้ำพรรณรา,TMD,8.5,99.366669,นครศรีธรรมราช,นครศรีธรรมราช,เมืองนครศรีธรรมราช,อำเภอ ถ้ำพรรณรา,ตำบลดุสิต,ดุสิต,ดุสิต อำเภอ ถ้ำพรรณรา นครศรีธรรมราช 80260 ประเทศไทย
1129006,พระพรหม,TMD,8.316667,99.833336,นครศรีธรรมราช,นครศรีธรรมราช,เมืองนครศรีธรรมราช,อำเภอร่อนพิบูลย์,ตำบลหินตก,หินตก,หินตก อำเภอร่อนพิบูลย์ นครศรีธรรมราช ประเทศไทย
1129007,นบพิตำ,TMD,8.743333,99.654167,นครศรีธรรมราช,นครศรีธรรมราช,เมืองนครศรีธรรมราช,อำเภอ นบพิตำ,ตำบลกรุงชิง,กรุงชิง,กรุงชิง ตำบล กรุงชิง อำเภอ นบพิตำ นครศรีธรรมราช 80160 ประเทศไทย
1129008,ช้างกลาง,TMD,8.363889,99.590279,นครศรีธรรมราช,นครศรีธรรมราช,เมืองนครศรีธรรมราช,อำเภอ ช้างกลาง,ตำบลช้างกลาง,ช้างกลาง,ช้างกลาง อำเภอ ช้างกลาง นครศรีธรรมราช ประเทศไทย
1129009,อุทยานแห่งชาติเขาปู่-เขาย่า ศรีบรรพต,TMD,7.7,99.833336,สงขลา,พัทลุง,เมืองสงขลา,อำเภอ ศรีบรรพต,ตำบลเขาปู่,เขาปู่,เขาปู่ อำเภอ ศรีบรรพต พัทลุง ประเทศไทย
1129010,บางแก้ว,TMD,7.616667,100.199997,สงขลา,พัทลุง,เมืองสงขลา,อำเภอเมืองพัทลุง,ตำบลลำปำ,ลำปำ,ลำปำ อำเภอเมืองพัทลุง พัทลุง 93000 ประเทศไทย
1129011,หาดสำราญ,TMD,7.229722,99.566948,สงขลา,ตรัง,เมืองสงขลา,อำเภอ หาดสำราญ,ตำบลหาดสำราญ,หาดสำราญ,หาดสำราญ อำเภอ หาดสำราญ ตรัง 92120 ประเทศไทย
1129012,คลองหอยโข่ง,TMD,6.866667,100.383331,สงขลา,สงขลา,เมืองสงขลา,อำเภอ คลองหอยโข่ง,ตำบลคลองหอยโข่ง,คลองหอยโข่ง,คลองหอยโข่ง อำเภอ คลองหอยโข่ง สงขลา ประเทศไทย
1129013,มะนัง,TMD,6.965,100.025833,สงขลา,สตูล,เมืองสงขลา,อำเภอ ควนกาหลง,ตำบลควนกาหลง,ควนกาหลง,ควนกาหลง อำเภอ ควนกาหลง สตูล 91130 ประเทศไทย
1129014,แม่ลาน,TMD,6.666667,101.183334,สงขลา,ปัตตานี,เมืองสงขลา,อำเภอ โคกโพธิ์,ตำบลควนโนรี,ควนโนรี,ควนโนรี อำเภอ โคกโพธิ์ ปัตตานี 94180 ประเทศไทย
1129015,เจาะไอร้อง,TMD,6.233611,101.819725,สงขลา,นราธิวาส,เมืองสงขลา,อำเภอ เจาะไอร้อง,ตำบลจวบ,จวบ,จวบ อำเภอ เจาะไอร้อง นราธิวาส ประเทศไทย